tile_id,quadkey,lat,lon,carrier,download_mbps,upload_mbps,latency_ms,tests,devices,distance_m,inside_stadium,section,nearest_das,das_distance_m,signal_quality
TILE_00000,032023174103220,40.81,-74.0792653,Verizon,69.69,16.07,46.8,82,29,592.3,False,Exterior,DAS-S2,367.2,40.8
TILE_00001,032023160419218,40.81,-74.0792653,AT&T,37.93,7.55,79.4,51,15,592.3,False,Exterior,DAS-S2,367.2,40.8
TILE_00002,032023115818526,40.81,-74.0792653,T-Mobile,151.22,12.2,48.0,28,17,592.3,False,Exterior,DAS-S2,367.2,40.8
TILE_00003,032023113740587,40.81,-74.0790204,Verizon,84.18,2.22,48.0,46,14,577.9,False,Exterior,DAS-S2,350.9,42.2
TILE_00004,032023140592523,40.81,-74.0790204,US Cellular,15.86,5.89,83.7,12,5,577.9,False,Exterior,DAS-S2,350.9,42.2
TILE_00005,032023171779568,40.81,-74.0787755,Verizon,10.0,19.41,50.6,54,42,563.9,False,Exterior,DAS-S2,335.2,43.6
TILE_00006,032023183300726,40.81,-74.0787755,AT&T,59.68,6.75,72.1,38,19,563.9,False,Exterior,DAS-S2,335.2,43.6
TILE_00007,032023128268772,40.81,-74.0787755,US Cellular,38.89,5.63,83.8,13,5,563.9,False,Exterior,DAS-S2,335.2,43.6
TILE_00008,032023147281038,40.81,-74.0785306,Verizon,80.92,17.5,49.4,56,40,550.3,False,Exterior,DAS-S2,320.0,45.0
TILE_00009,032023153501687,40.81,-74.0785306,AT&T,69.77,16.2,62.0,52,26,550.3,False,Exterior,DAS-S2,320.0,45.0
TILE_00010,032023197884896,40.81,-74.0782857,AT&T,37.89,2.0,60.8,15,3,537.2,False,Exterior,DAS-S2,305.5,46.3
TILE_00011,032023192092954,40.81,-74.0782857,T-Mobile,44.26,23.68,40.3,14,4,537.2,False,Exterior,DAS-S2,305.5,46.3
TILE_00012,032023147573247,40.81,-74.0780408,Verizon,73.16,6.66,45.9,90,25,524.5,False,Exterior,DAS-S2,291.7,47.5
TILE_00013,032023129700949,40.81,-74.0780408,AT&T,92.04,14.66,52.9,60,21,524.5,False,Exterior,DAS-S2,291.7,47.5
TILE_00014,032023195702971,40.81,-74.0780408,T-Mobile,190.18,10.19,31.9,67,14,524.5,False,Exterior,DAS-S2,291.7,47.5
TILE_00015,032023189068829,40.81,-74.0777959,Verizon,149.86,21.92,49.8,65,33,512.4,False,Exterior,DAS-S2,278.7,48.8
TILE_00016,032023161495846,40.81,-74.0777959,AT&T,49.5,16.17,56.9,71,27,512.4,False,Exterior,DAS-S2,278.7,48.8
TILE_00017,032023113288663,40.81,-74.0777959,T-Mobile,27.86,10.35,30.6,50,26,512.4,False,Exterior,DAS-S2,278.7,48.8
TILE_00018,032023138643456,40.81,-74.077551,Verizon,125.94,21.87,38.9,16,12,500.8,False,Exterior,DAS-S2,266.8,49.9
TILE_00019,032023130287503,40.81,-74.077551,AT&T,69.41,12.35,50.3,16,6,500.8,False,Exterior,DAS-S2,266.8,49.9
TILE_00020,032023152289832,40.81,-74.0773061,T-Mobile,148.89,7.81,28.3,11,10,489.8,False,Exterior,DAS-S2,255.9,51.0
TILE_00021,032023194358612,40.81,-74.0773061,US Cellular,29.86,5.79,64.3,3,1,489.8,False,Exterior,DAS-S2,255.9,51.0
TILE_00022,032023170505150,40.81,-74.0770612,AT&T,120.29,10.42,46.7,46,12,479.5,False,Exterior,DAS-S2,246.3,52.1
TILE_00023,032023142286662,40.81,-74.0770612,T-Mobile,121.27,3.88,42.2,39,14,479.5,False,Exterior,DAS-S2,246.3,52.1
TILE_00024,032023184792487,40.81,-74.0768163,Verizon,47.35,9.69,42.5,48,43,469.8,False,Exterior,DAS-S2,238.1,53.0
TILE_00025,032023179317863,40.81,-74.0768163,AT&T,52.28,4.69,54.1,49,29,469.8,False,Exterior,DAS-S2,238.1,53.0
TILE_00026,032023118946207,40.81,-74.0768163,T-Mobile,27.98,28.96,27.5,80,19,469.8,False,Exterior,DAS-S2,238.1,53.0
TILE_00027,032023193244478,40.81,-74.0765714,Verizon,46.82,12.32,29.8,53,20,460.9,False,Exterior,DAS-S2,231.4,53.9
TILE_00028,032023194359715,40.81,-74.0765714,AT&T,80.24,6.4,53.6,59,27,460.9,False,Exterior,DAS-S2,231.4,53.9
TILE_00029,032023129816039,40.81,-74.0763265,Verizon,94.17,20.87,35.7,17,6,452.7,False,Exterior,DAS-S2,226.5,54.7
TILE_00030,032023119778891,40.81,-74.0763265,AT&T,109.95,10.93,48.6,8,5,452.7,False,Exterior,DAS-S2,226.5,54.7
TILE_00031,032023189400364,40.81,-74.0760816,AT&T,90.68,6.44,47.5,6,2,445.4,False,Exterior,DAS-S2,223.4,55.5
TILE_00032,032023145132980,40.81,-74.0760816,T-Mobile,83.95,21.19,31.9,6,2,445.4,False,Exterior,DAS-S2,223.4,55.5
TILE_00033,032023163556940,40.81,-74.0760816,US Cellular,10.0,15.5,71.7,1,0,445.4,False,Exterior,DAS-S2,223.4,55.5
TILE_00034,032023199437517,40.81,-74.0758367,Verizon,75.36,20.7,42.0,26,21,438.9,False,Exterior,DAS-S2,222.1,56.1
TILE_00035,032023195666673,40.81,-74.0758367,AT&T,69.2,9.99,55.2,41,8,438.9,False,Exterior,DAS-S2,222.1,56.1
TILE_00036,032023181330450,40.81,-74.0758367,T-Mobile,31.77,27.8,38.3,31,17,438.9,False,Exterior,DAS-S2,222.1,56.1
TILE_00037,032023194527626,40.81,-74.0755918,Verizon,76.41,25.94,42.8,33,31,433.3,False,Exterior,DAS-S2,222.8,56.7
TILE_00038,032023156948959,40.81,-74.0755918,AT&T,123.37,10.77,44.2,44,32,433.3,False,Exterior,DAS-S2,222.8,56.7
TILE_00039,032023122270788,40.81,-74.075102,Verizon,88.47,2.0,34.1,41,24,424.8,False,Exterior,DAS-S2,229.8,57.5
TILE_00040,032023179624445,40.81,-74.075102,AT&T,109.51,6.39,50.6,25,30,424.8,False,Exterior,DAS-S2,229.8,57.5
TILE_00041,032023171686084,40.81,-74.075102,T-Mobile,216.3,14.75,33.0,62,15,424.8,False,Exterior,DAS-S2,229.8,57.5
TILE_00042,032023110155445,40.81,-74.0748571,Verizon,42.27,21.96,42.7,21,10,422.1,False,Exterior,DAS-S1,228.9,57.8
TILE_00043,032023144304939,40.81,-74.0748571,AT&T,63.75,5.77,46.2,8,8,422.1,False,Exterior,DAS-S1,228.9,57.8
TILE_00044,032023132910213,40.81,-74.0746122,Verizon,54.31,18.84,43.2,89,29,420.3,False,Exterior,DAS-S1,224.8,58.0
TILE_00045,032023157588975,40.81,-74.0746122,T-Mobile,121.83,2.2,39.0,60,33,420.3,False,Exterior,DAS-S1,224.8,58.0
TILE_00046,032023198468526,40.81,-74.0743673,Verizon,123.65,16.36,29.8,27,13,419.6,False,Exterior,DAS-S1,222.5,58.0
TILE_00047,032023192151294,40.81,-74.0743673,T-Mobile,110.42,20.75,31.5,28,7,419.6,False,Exterior,DAS-S1,222.5,58.0
TILE_00048,032023147251065,40.81,-74.0741224,Verizon,127.53,7.76,35.5,42,12,419.8,False,Exterior,DAS-S1,222.2,58.0
TILE_00049,032023181185734,40.81,-74.0741224,AT&T,60.43,10.22,39.1,28,12,419.8,False,Exterior,DAS-S1,222.2,58.0
TILE_00050,032023126489788,40.81,-74.0738776,Verizon,142.45,18.24,41.8,8,5,421.1,False,Exterior,DAS-S1,223.8,57.9
TILE_00051,032023116879591,40.81,-74.0738776,AT&T,81.15,13.28,45.9,12,3,421.1,False,Exterior,DAS-S1,223.8,57.9
TILE_00052,032023129885422,40.81,-74.0738776,T-Mobile,194.32,7.72,24.2,6,5,421.1,False,Exterior,DAS-S1,223.8,57.9
TILE_00053,032023130641339,40.81,-74.0736327,US Cellular,54.28,9.47,72.4,3,2,423.4,False,Exterior,DAS-S1,227.2,57.7
TILE_00054,032023116927891,40.81,-74.0733878,AT&T,122.63,14.7,44.4,35,28,426.7,False,Exterior,DAS-S1,232.4,57.3
TILE_00055,032023125000830,40.81,-74.0733878,T-Mobile,65.67,10.17,35.3,26,20,426.7,False,Exterior,DAS-S1,232.4,57.3
TILE_00056,032023165621866,40.81,-74.0731429,Verizon,139.64,21.24,33.9,18,6,431.0,False,Exterior,DAS-S1,239.3,56.9
TILE_00057,032023139422423,40.81,-74.0731429,T-Mobile,41.95,20.69,34.0,11,5,431.0,False,Exterior,DAS-S1,239.3,56.9
TILE_00058,032023172851980,40.81,-74.072898,Verizon,109.61,20.25,43.1,93,30,436.1,False,Exterior,DAS-S1,247.8,56.4
TILE_00059,032023116411790,40.81,-74.0726531,Verizon,150.43,20.2,31.3,84,26,442.2,False,Exterior,DAS-S1,257.6,55.8
TILE_00060,032023172607819,40.81,-74.0724082,Verizon,71.74,11.94,49.1,72,27,449.2,False,Exterior,DAS-S1,268.7,55.1
TILE_00061,032023153137227,40.81,-74.0724082,AT&T,58.12,9.12,49.7,40,26,449.2,False,Exterior,DAS-S1,268.7,55.1
TILE_00062,032023125209442,40.81,-74.0724082,T-Mobile,145.27,16.06,34.1,44,21,449.2,False,Exterior,DAS-S1,268.7,55.1
TILE_00063,032023112506798,40.81,-74.0724082,US Cellular,20.32,8.72,69.4,11,3,449.2,False,Exterior,DAS-S1,268.7,55.1
TILE_00064,032023199036854,40.81,-74.0721633,Verizon,120.42,11.72,44.8,45,14,457.0,False,Exterior,DAS-S1,280.8,54.3
TILE_00065,032023119536274,40.81,-74.0721633,T-Mobile,150.72,23.06,36.6,33,10,457.0,False,Exterior,DAS-S1,280.8,54.3
TILE_00066,032023197734795,40.81,-74.0721633,US Cellular,80.54,4.5,61.4,4,4,457.0,False,Exterior,DAS-S1,280.8,54.3
TILE_00067,032023126094999,40.81,-74.0716735,Verizon,120.47,26.81,41.3,18,14,474.9,False,Exterior,DAS-S1,307.9,52.5
TILE_00068,032023116898739,40.81,-74.0716735,AT&T,42.52,17.84,51.7,31,10,474.9,False,Exterior,DAS-S1,307.9,52.5
TILE_00069,032023134546527,40.81,-74.0714286,AT&T,63.05,2.0,53.7,20,7,484.9,False,Exterior,DAS-S1,322.5,51.5
TILE_00070,032023175066142,40.81,-74.0714286,T-Mobile,132.81,7.9,39.3,9,9,484.9,False,Exterior,DAS-S1,322.5,51.5
TILE_00071,032023195646361,40.81,-74.0711837,Verizon,48.75,7.49,38.6,24,10,495.6,False,Exterior,DAS-S1,337.8,50.4
TILE_00072,032023151872929,40.81,-74.0711837,T-Mobile,54.01,2.31,33.7,11,5,495.6,False,Exterior,DAS-S1,337.8,50.4
TILE_00073,032023177298507,40.81,-74.0709388,Verizon,70.18,9.45,45.3,37,25,506.9,False,Exterior,DAS-S1,353.6,49.3
TILE_00074,032023159895824,40.81,-74.0709388,AT&T,13.14,12.39,59.4,39,29,506.9,False,Exterior,DAS-S1,353.6,49.3
TILE_00075,032023122215821,40.81,-74.0709388,T-Mobile,87.4,22.38,35.8,40,20,506.9,False,Exterior,DAS-S1,353.6,49.3
TILE_00076,032023141164163,40.81,-74.0706939,Verizon,156.64,20.16,49.5,45,20,518.8,False,Exterior,DAS-S1,369.9,48.1
TILE_00077,032023136776800,40.81,-74.0706939,T-Mobile,25.52,16.43,40.7,30,17,518.8,False,Exterior,DAS-S1,369.9,48.1
TILE_00078,032023146306475,40.81,-74.0706939,US Cellular,70.83,6.75,82.6,9,2,518.8,False,Exterior,DAS-S1,369.9,48.1
TILE_00079,032023165681489,40.81,-74.070449,Verizon,101.74,6.63,43.6,93,20,531.2,False,Exterior,DAS-S1,386.6,46.9
TILE_00080,032023150547449,40.81,-74.070449,AT&T,88.53,14.21,62.5,74,33,531.2,False,Exterior,DAS-S1,386.6,46.9
TILE_00081,032023124702693,40.81,-74.070449,T-Mobile,85.12,27.38,31.1,65,32,531.2,False,Exterior,DAS-S1,386.6,46.9
TILE_00082,032023166964565,40.81,-74.0702041,Verizon,58.44,12.7,52.5,12,9,544.1,False,Exterior,DAS-S1,403.7,45.6
TILE_00083,032023189136575,40.81,-74.0702041,AT&T,84.76,2.82,67.0,19,6,544.1,False,Exterior,DAS-S1,403.7,45.6
TILE_00084,032023165163955,40.81,-74.0702041,T-Mobile,167.54,33.81,41.2,17,7,544.1,False,Exterior,DAS-S1,403.7,45.6
TILE_00085,032023156842471,40.81,-74.0699592,Verizon,165.91,16.28,51.6,56,14,557.5,False,Exterior,DAS-S1,421.1,44.3
TILE_00086,032023165756967,40.81,-74.0699592,AT&T,69.01,4.64,61.9,44,23,557.5,False,Exterior,DAS-S1,421.1,44.3
TILE_00087,032023153677411,40.81,-74.0699592,T-Mobile,92.5,11.79,40.8,42,23,557.5,False,Exterior,DAS-S1,421.1,44.3
TILE_00088,032023178829987,40.81,-74.0697143,T-Mobile,10.0,25.09,33.4,36,16,571.3,False,Exterior,DAS-E1,431.8,42.9
TILE_00089,032023116905708,40.81,-74.0694694,Verizon,82.41,11.33,52.5,51,32,585.5,False,Exterior,DAS-E1,436.7,41.4
TILE_00090,032023124736372,40.81,-74.0694694,AT&T,40.66,13.46,70.4,63,29,585.5,False,Exterior,DAS-E1,436.7,41.4
TILE_00091,032023144783655,40.81,-74.0694694,T-Mobile,122.49,7.87,48.8,35,28,585.5,False,Exterior,DAS-E1,436.7,41.4
TILE_00092,032023128192592,40.8101531,-74.0795102,AT&T,23.94,9.71,63.5,29,11,595.4,False,Exterior,DAS-S2,374.3,40.5
TILE_00093,032023135753999,40.8101531,-74.0795102,T-Mobile,117.99,4.7,49.8,27,15,595.4,False,Exterior,DAS-S2,374.3,40.5
TILE_00094,032023176243999,40.8101531,-74.0792653,T-Mobile,10.0,2.0,41.7,31,17,580.4,False,Exterior,DAS-S2,357.2,42.0
TILE_00095,032023161231094,40.8101531,-74.0790204,AT&T,68.73,16.82,65.1,18,9,565.7,False,Exterior,DAS-S2,340.4,43.4
TILE_00096,032023182024342,40.8101531,-74.0790204,T-Mobile,117.64,4.72,39.6,25,10,565.7,False,Exterior,DAS-S2,340.4,43.4
TILE_00097,032023161331374,40.8101531,-74.0787755,AT&T,35.56,7.62,62.7,54,22,551.4,False,Exterior,DAS-S2,324.2,44.9
TILE_00098,032023183150726,40.8101531,-74.0787755,T-Mobile,53.44,20.13,43.3,34,23,551.4,False,Exterior,DAS-S2,324.2,44.9
TILE_00099,032023188533695,40.8101531,-74.0787755,US Cellular,10.0,2.0,73.7,11,7,551.4,False,Exterior,DAS-S2,324.2,44.9
TILE_00100,032023154885127,40.8101531,-74.0785306,Verizon,58.22,11.1,47.9,24,16,537.5,False,Exterior,DAS-S2,308.5,46.3
TILE_00101,032023124115393,40.8101531,-74.0785306,T-Mobile,34.48,12.5,35.1,21,8,537.5,False,Exterior,DAS-S2,308.5,46.3
TILE_00102,032023127540447,40.8101531,-74.0782857,Verizon,127.75,9.58,42.4,53,13,524.0,False,Exterior,DAS-S2,293.4,47.6
TILE_00103,032023176618537,40.8101531,-74.0782857,AT&T,93.45,5.56,49.9,41,18,524.0,False,Exterior,DAS-S2,293.4,47.6
TILE_00104,032023120181729,40.8101531,-74.0782857,T-Mobile,73.31,9.01,31.4,41,9,524.0,False,Exterior,DAS-S2,293.4,47.6
TILE_00105,032023189551299,40.8101531,-74.0780408,T-Mobile,107.77,18.26,37.5,24,11,511.0,False,Exterior,DAS-S2,279.0,48.9
TILE_00106,032023185261281,40.8101531,-74.0777959,Verizon,179.82,8.36,31.7,60,28,498.6,False,Exterior,DAS-S2,265.4,50.1
TILE_00107,032023126135409,40.8101531,-74.0777959,AT&T,52.91,6.61,57.6,20,20,498.6,False,Exterior,DAS-S2,265.4,50.1
TILE_00108,032023110428135,40.8101531,-74.0777959,T-Mobile,144.35,19.08,25.5,37,12,498.6,False,Exterior,DAS-S2,265.4,50.1
TILE_00109,032023167927429,40.8101531,-74.077551,Verizon,74.05,10.34,35.8,33,22,486.6,False,Exterior,DAS-S2,252.8,51.3
TILE_00110,032023157013406,40.8101531,-74.077551,AT&T,101.84,7.44,49.7,33,15,486.6,False,Exterior,DAS-S2,252.8,51.3
TILE_00111,032023110601845,40.8101531,-74.077551,T-Mobile,94.13,7.61,35.1,26,17,486.6,False,Exterior,DAS-S2,252.8,51.3
TILE_00112,032023155226148,40.8101531,-74.077551,US Cellular,69.12,6.35,62.6,5,5,486.6,False,Exterior,DAS-S2,252.8,51.3
TILE_00113,032023168904578,40.8101531,-74.0773061,Verizon,38.85,14.51,37.6,49,24,475.3,False,Exterior,DAS-S2,241.3,52.5
TILE_00114,032023144412146,40.8101531,-74.0773061,AT&T,66.52,5.59,51.0,40,16,475.3,False,Exterior,DAS-S2,241.3,52.5
TILE_00115,032023146208001,40.8101531,-74.0773061,T-Mobile,155.99,10.78,34.0,25,14,475.3,False,Exterior,DAS-S2,241.3,52.5
TILE_00116,032023182703002,40.8101531,-74.0773061,US Cellular,25.37,5.2,64.6,8,3,475.3,False,Exterior,DAS-S2,241.3,52.5
TILE_00117,032023187251622,40.8101531,-74.0770612,AT&T,65.12,9.52,46.8,54,30,464.7,False,Exterior,DAS-S2,231.1,53.5
TILE_00118,032023176503153,40.8101531,-74.0770612,US Cellular,45.3,15.09,60.9,14,6,464.7,False,Exterior,DAS-S2,231.1,53.5
TILE_00119,032023126603676,40.8101531,-74.0768163,AT&T,108.58,23.57,50.2,37,19,454.7,False,Exterior,DAS-S2,222.3,54.5
TILE_00120,032023119633786,40.8101531,-74.0765714,AT&T,130.63,3.3,56.7,36,22,445.5,False,Exterior,DAS-S2,215.2,55.5
TILE_00121,032023121014743,40.8101531,-74.0765714,T-Mobile,121.06,31.65,28.0,61,26,445.5,False,Exterior,DAS-S2,215.2,55.5
TILE_00122,032023121795326,40.8101531,-74.0763265,US Cellular,60.26,2.71,60.5,9,5,437.0,False,Exterior,DAS-S2,209.9,56.3
TILE_00123,032023166573514,40.8101531,-74.0760816,AT&T,25.12,10.91,44.8,29,9,429.4,False,Exterior,DAS-S2,206.5,57.1
TILE_00124,032023110574183,40.8101531,-74.0758367,Verizon,75.8,21.05,26.2,10,3,422.7,False,Exterior,DAS-S2,205.1,57.7
TILE_00125,032023186218063,40.8101531,-74.0758367,AT&T,53.42,5.9,50.4,11,6,422.7,False,Exterior,DAS-S2,205.1,57.7
TILE_00126,032023175016655,40.8101531,-74.0758367,T-Mobile,172.35,17.68,28.7,11,4,422.7,False,Exterior,DAS-S2,205.1,57.7
TILE_00127,032023143132645,40.8101531,-74.0755918,Verizon,149.94,17.98,37.6,62,19,416.8,False,Exterior,DAS-S2,205.9,58.3
TILE_00128,032023132427084,40.8101531,-74.0755918,AT&T,126.78,12.23,44.9,62,29,416.8,False,Exterior,DAS-S2,205.9,58.3
TILE_00129,032023118891325,40.8101531,-74.0755918,T-Mobile,179.31,23.77,27.5,35,16,416.8,False,Exterior,DAS-S2,205.9,58.3
TILE_00130,032023122311704,40.8101531,-74.0753469,Verizon,63.43,13.77,38.7,55,40,411.9,False,Exterior,DAS-S2,208.6,58.8
TILE_00131,032023180743149,40.8101531,-74.0753469,AT&T,77.8,8.42,47.9,59,18,411.9,False,Exterior,DAS-S2,208.6,58.8
TILE_00132,032023167553722,40.8101531,-74.0753469,T-Mobile,203.75,24.18,33.3,35,26,411.9,False,Exterior,DAS-S2,208.6,58.8
TILE_00133,032023148910217,40.8101531,-74.075102,Verizon,102.84,18.2,37.3,73,35,408.1,False,Exterior,DAS-S2,213.4,59.2
TILE_00134,032023114250839,40.8101531,-74.075102,AT&T,113.93,10.8,50.3,72,22,408.1,False,Exterior,DAS-S2,213.4,59.2
TILE_00135,032023173899403,40.8101531,-74.075102,T-Mobile,123.53,28.25,24.0,50,22,408.1,False,Exterior,DAS-S2,213.4,59.2
TILE_00136,032023198017323,40.8101531,-74.0748571,Verizon,92.85,30.18,45.7,25,11,405.2,False,Exterior,DAS-S1,212.5,59.5
TILE_00137,032023140187458,40.8101531,-74.0746122,Verizon,211.33,18.82,35.5,29,15,403.4,False,Exterior,DAS-S1,208.0,59.7
TILE_00138,032023131479845,40.8101531,-74.0743673,Verizon,142.53,10.89,42.1,45,19,402.6,False,Exterior,DAS-S1,205.6,59.7
TILE_00139,032023129361182,40.8101531,-74.0743673,AT&T,54.58,16.58,38.6,31,13,402.6,False,Exterior,DAS-S1,205.6,59.7
TILE_00140,032023148535151,40.8101531,-74.0741224,Verizon,108.78,29.26,27.8,51,44,402.9,False,Exterior,DAS-S1,205.2,59.7
TILE_00141,032023138425228,40.8101531,-74.0741224,T-Mobile,139.05,15.97,38.2,67,23,402.9,False,Exterior,DAS-S1,205.2,59.7
TILE_00142,032023194115676,40.8101531,-74.0738776,Verizon,33.31,3.89,48.8,13,12,404.2,False,Exterior,DAS-S1,206.9,59.6
TILE_00143,032023141434968,40.8101531,-74.0738776,T-Mobile,96.59,19.48,28.2,20,9,404.2,False,Exterior,DAS-S1,206.9,59.6
TILE_00144,032023110553082,40.8101531,-74.0738776,US Cellular,74.71,6.97,57.5,4,1,404.2,False,Exterior,DAS-S1,206.9,59.6
TILE_00145,032023127021500,40.8101531,-74.0736327,Verizon,68.59,16.36,39.4,49,24,406.6,False,Exterior,DAS-S1,210.6,59.3
TILE_00146,032023174084350,40.8101531,-74.0736327,T-Mobile,175.3,26.51,32.1,33,14,406.6,False,Exterior,DAS-S1,210.6,59.3
TILE_00147,032023144969434,40.8101531,-74.0736327,US Cellular,57.57,15.75,52.5,13,4,406.6,False,Exterior,DAS-S1,210.6,59.3
TILE_00148,032023113640819,40.8101531,-74.0733878,Verizon,84.14,10.91,33.2,55,47,410.0,False,Exterior,DAS-S1,216.2,59.0
TILE_00149,032023184150783,40.8101531,-74.0733878,AT&T,96.61,10.2,50.5,53,18,410.0,False,Exterior,DAS-S1,216.2,59.0
TILE_00150,032023121911346,40.8101531,-74.0731429,Verizon,61.19,15.44,44.6,42,27,414.4,False,Exterior,DAS-S1,223.7,58.6
TILE_00151,032023127344756,40.8101531,-74.0731429,AT&T,55.81,8.47,49.1,74,25,414.4,False,Exterior,DAS-S1,223.7,58.6
TILE_00152,032023131416517,40.8101531,-74.0731429,T-Mobile,81.74,13.72,27.9,46,21,414.4,False,Exterior,DAS-S1,223.7,58.6
TILE_00153,032023147243083,40.8101531,-74.072898,Verizon,93.0,7.79,52.5,4,2,419.8,False,Exterior,DAS-S1,232.7,58.0
TILE_00154,032023143647685,40.8101531,-74.072898,AT&T,52.23,10.02,57.2,8,2,419.8,False,Exterior,DAS-S1,232.7,58.0
TILE_00155,032023199971584,40.8101531,-74.0726531,T-Mobile,116.47,20.86,21.5,53,17,426.1,False,Exterior,DAS-S1,243.1,57.4
TILE_00156,032023154185817,40.8101531,-74.0726531,US Cellular,76.49,10.98,60.9,7,7,426.1,False,Exterior,DAS-S1,243.1,57.4
TILE_00157,032023136307761,40.8101531,-74.0724082,T-Mobile,63.48,14.47,31.3,7,4,433.4,False,Exterior,DAS-S1,254.8,56.7
TILE_00158,032023114111451,40.8101531,-74.0721633,Verizon,139.74,16.13,28.5,30,8,441.4,False,Exterior,DAS-S1,267.6,55.9
TILE_00159,032023195445396,40.8101531,-74.0721633,T-Mobile,31.27,13.62,37.4,23,10,441.4,False,Exterior,DAS-S1,267.6,55.9
TILE_00160,032023154697948,40.8101531,-74.0716735,Verizon,28.57,12.72,38.7,30,13,459.9,False,Exterior,DAS-S1,295.8,54.0
TILE_00161,032023196145144,40.8101531,-74.0716735,AT&T,71.07,16.4,57.3,28,25,459.9,False,Exterior,DAS-S1,295.8,54.0
TILE_00162,032023116513748,40.8101531,-74.0714286,Verizon,99.73,2.0,46.2,72,37,470.3,False,Exterior,DAS-S1,311.0,53.0
TILE_00163,032023133115330,40.8101531,-74.0714286,AT&T,119.39,5.35,48.4,29,19,470.3,False,Exterior,DAS-S1,311.0,53.0
TILE_00164,032023143603982,40.8101531,-74.0714286,T-Mobile,176.76,9.57,39.1,39,29,470.3,False,Exterior,DAS-S1,311.0,53.0
TILE_00165,032023169960840,40.8101531,-74.0711837,Verizon,107.82,19.2,42.6,48,24,481.3,False,Exterior,DAS-S1,326.9,51.9
TILE_00166,032023125970609,40.8101531,-74.0711837,AT&T,103.39,2.0,49.2,56,14,481.3,False,Exterior,DAS-S1,326.9,51.9
TILE_00167,032023195440450,40.8101531,-74.0709388,Verizon,54.58,7.49,42.9,18,15,492.9,False,Exterior,DAS-S1,343.2,50.7
TILE_00168,032023117512796,40.8101531,-74.0709388,AT&T,91.71,13.84,47.8,20,6,492.9,False,Exterior,DAS-S1,343.2,50.7
TILE_00169,032023135805055,40.8101531,-74.0706939,Verizon,93.8,7.54,39.7,39,18,505.1,False,Exterior,DAS-S1,360.0,49.5
TILE_00170,032023193723285,40.8101531,-74.0706939,AT&T,122.2,7.78,57.2,38,15,505.1,False,Exterior,DAS-S1,360.0,49.5
TILE_00171,032023117703251,40.8101531,-74.0706939,T-Mobile,55.86,22.99,33.7,13,11,505.1,False,Exterior,DAS-S1,360.0,49.5
TILE_00172,032023183301832,40.8101531,-74.070449,Verizon,57.35,6.24,49.5,30,29,517.9,False,Exterior,DAS-S1,377.1,48.2
TILE_00173,032023183459613,40.8101531,-74.0699592,Verizon,144.4,16.45,39.8,27,11,544.8,False,Exterior,DAS-E1,411.2,45.5
TILE_00174,032023169040240,40.8101531,-74.0699592,US Cellular,36.21,19.04,78.7,6,3,544.8,False,Exterior,DAS-E1,411.2,45.5
TILE_00175,032023189045233,40.8101531,-74.0697143,Verizon,64.7,12.45,43.8,57,45,558.9,False,Exterior,DAS-E1,415.2,44.1
TILE_00176,032023110589627,40.8101531,-74.0697143,T-Mobile,77.77,8.28,39.1,27,27,558.9,False,Exterior,DAS-E1,415.2,44.1
TILE_00177,032023199119833,40.8101531,-74.0694694,Verizon,98.61,18.74,46.7,37,13,573.5,False,Exterior,DAS-E1,420.3,42.7
TILE_00178,032023163812850,40.8101531,-74.0694694,AT&T,15.0,10.88,67.1,28,14,573.5,False,Exterior,DAS-E1,420.3,42.7
TILE_00179,032023195712297,40.8101531,-74.0692245,Verizon,95.82,2.0,57.1,22,10,588.4,False,Exterior,DAS-E1,426.3,41.2
TILE_00180,032023137413756,40.8101531,-74.0692245,AT&T,40.69,13.42,70.5,28,16,588.4,False,Exterior,DAS-E1,426.3,41.2
TILE_00181,032023111205633,40.8101531,-74.0692245,T-Mobile,85.82,5.9,38.1,28,13,588.4,False,Exterior,DAS-E1,426.3,41.2
TILE_00182,032023158465623,40.8103061,-74.0797551,Verizon,44.12,2.04,56.1,6,2,599.8,False,Exterior,DAS-S2,383.1,40.0
TILE_00183,032023139861778,40.8103061,-74.0797551,AT&T,51.23,8.98,69.1,6,1,599.8,False,Exterior,DAS-S2,383.1,40.0
TILE_00184,032023145529886,40.8103061,-74.0795102,T-Mobile,86.73,14.58,42.9,40,9,584.1,False,Exterior,DAS-S2,365.2,41.6
TILE_00185,032023131222245,40.8103061,-74.0792653,T-Mobile,98.44,2.43,37.3,27,7,568.7,False,Exterior,DAS-S2,347.7,43.1
TILE_00186,032023196881671,40.8103061,-74.0790204,Verizon,53.52,2.0,57.0,44,19,553.7,False,Exterior,DAS-S2,330.5,44.6
TILE_00187,032023120021235,40.8103061,-74.0787755,Verizon,53.53,12.09,45.4,55,15,539.1,False,Exterior,DAS-S2,313.7,46.1
TILE_00188,032023123212486,40.8103061,-74.0785306,Verizon,54.63,3.47,48.6,52,27,524.8,False,Exterior,DAS-S2,297.4,47.5
TILE_00189,032023169063883,40.8103061,-74.0785306,AT&T,85.35,10.02,64.3,54,20,524.8,False,Exterior,DAS-S2,297.4,47.5
TILE_00190,032023162218955,40.8103061,-74.0782857,Verizon,110.91,8.56,45.2,6,4,511.1,False,Exterior,DAS-S2,281.7,48.9
TILE_00191,032023161181901,40.8103061,-74.0782857,T-Mobile,81.44,35.43,37.6,5,4,511.1,False,Exterior,DAS-S2,281.7,48.9
TILE_00192,032023121050903,40.8103061,-74.0782857,US Cellular,10.0,17.57,64.7,0,0,511.1,False,Exterior,DAS-S2,281.7,48.9
TILE_00193,032023133051835,40.8103061,-74.0780408,Verizon,168.44,12.85,44.2,12,7,497.7,False,Exterior,DAS-S2,266.7,50.2
TILE_00194,032023170532012,40.8103061,-74.0780408,T-Mobile,118.13,16.06,38.9,19,7,497.7,False,Exterior,DAS-S2,266.7,50.2
TILE_00195,032023122986060,40.8103061,-74.077551,Verizon,82.32,2.29,43.6,37,26,472.7,False,Exterior,DAS-S2,239.2,52.7
TILE_00196,032023150061003,40.8103061,-74.077551,AT&T,88.66,10.82,58.9,41,20,472.7,False,Exterior,DAS-S2,239.2,52.7
TILE_00197,032023167608800,40.8103061,-74.0773061,Verizon,115.33,17.68,41.7,62,19,461.0,False,Exterior,DAS-S2,227.0,53.9
TILE_00198,032023199541231,40.8103061,-74.0773061,T-Mobile,64.24,13.13,34.1,53,26,461.0,False,Exterior,DAS-S2,227.0,53.9
TILE_00199,032023169577742,40.8103061,-74.0770612,Verizon,72.74,17.8,43.1,9,6,450.0,False,Exterior,DAS-S2,216.1,55.0
TILE_00200,032023131433630,40.8103061,-74.0770612,AT&T,105.0,19.17,46.8,14,4,450.0,False,Exterior,DAS-S2,216.1,55.0
TILE_00201,032023121081822,40.8103061,-74.0770612,T-Mobile,11.85,19.89,37.8,9,3,450.0,False,Exterior,DAS-S2,216.1,55.0
TILE_00202,032023191300830,40.8103061,-74.0768163,Verizon,74.64,12.41,39.6,89,36,439.7,False,Exterior,DAS-S2,206.7,56.0
TILE_00203,032023152349227,40.8103061,-74.0768163,AT&T,77.36,14.24,50.5,65,17,439.7,False,Exterior,DAS-S2,206.7,56.0
TILE_00204,032023158406528,40.8103061,-74.0768163,T-Mobile,44.29,37.38,35.6,74,37,439.7,False,Exterior,DAS-S2,206.7,56.0
TILE_00205,032023165006834,40.8103061,-74.0765714,Verizon,105.64,15.4,33.7,18,22,430.2,False,Exterior,DAS-S2,199.0,57.0
TILE_00206,032023160278720,40.8103061,-74.0765714,AT&T,45.44,6.27,52.9,23,16,430.2,False,Exterior,DAS-S2,199.0,57.0
TILE_00207,032023160136998,40.8103061,-74.0763265,Verizon,174.04,21.96,36.8,20,8,421.4,False,Exterior,DAS-S2,193.3,57.9
TILE_00208,032023138103823,40.8103061,-74.0763265,AT&T,109.74,20.12,45.0,20,12,421.4,False,Exterior,DAS-S2,193.3,57.9
TILE_00209,032023190814590,40.8103061,-74.0763265,T-Mobile,173.63,28.02,27.1,27,13,421.4,False,Exterior,DAS-S2,193.3,57.9
TILE_00210,032023143668269,40.8103061,-74.0760816,AT&T,109.3,24.91,46.6,51,30,413.5,False,Exterior,DAS-S2,189.6,58.6
TILE_00211,032023162720889,40.8103061,-74.0758367,AT&T,125.26,10.4,51.9,81,28,406.5,False,Exterior,DAS-S2,188.1,59.3
TILE_00212,032023117650933,40.8103061,-74.0758367,US Cellular,41.99,7.08,60.8,7,7,406.5,False,Exterior,DAS-S2,188.1,59.3
TILE_00213,032023169901829,40.8103061,-74.0755918,T-Mobile,184.45,34.76,28.3,8,4,400.4,False,Exterior,DAS-S2,188.9,60.0
TILE_00214,032023170587157,40.8103061,-74.0753469,Verizon,148.75,21.78,44.7,52,18,395.4,False,Exterior,DAS-S2,192.0,60.5
TILE_00215,032023169079166,40.8103061,-74.0753469,AT&T,78.42,8.63,53.1,30,31,395.4,False,Exterior,DAS-S2,192.0,60.5
TILE_00216,032023183117394,40.8103061,-74.0753469,T-Mobile,67.15,16.15,26.1,46,20,395.4,False,Exterior,DAS-S2,192.0,60.5
TILE_00217,032023124692145,40.8103061,-74.075102,Verizon,125.58,9.53,32.4,70,33,391.3,False,Exterior,DAS-S2,197.1,60.9
TILE_00218,032023199461752,40.8103061,-74.075102,AT&T,110.45,22.13,49.4,46,35,391.3,False,Exterior,DAS-S2,197.1,60.9
TILE_00219,032023110183550,40.8103061,-74.0748571,Verizon,136.5,14.83,37.8,32,10,388.3,False,Exterior,DAS-S1,196.1,61.2
TILE_00220,032023189515120,40.8103061,-74.0748571,T-Mobile,108.89,17.2,23.3,17,10,388.3,False,Exterior,DAS-S1,196.1,61.2
TILE_00221,032023191419268,40.8103061,-74.0746122,Verizon,99.86,14.86,40.6,45,20,386.4,False,Exterior,DAS-S1,191.3,61.4
TILE_00222,032023170766550,40.8103061,-74.0746122,AT&T,98.3,11.26,38.4,58,26,386.4,False,Exterior,DAS-S1,191.3,61.4
TILE_00223,032023176819472,40.8103061,-74.0746122,US Cellular,17.74,9.17,55.2,10,4,386.4,False,Exterior,DAS-S1,191.3,61.4
TILE_00224,032023149767516,40.8103061,-74.0743673,Verizon,114.62,10.17,37.5,76,29,385.6,False,Exterior,DAS-S1,188.6,61.4
TILE_00225,032023179771095,40.8103061,-74.0743673,AT&T,56.94,18.59,51.2,32,18,385.6,False,Exterior,DAS-S1,188.6,61.4
TILE_00226,032023165925368,40.8103061,-74.0741224,Verizon,10.0,13.77,28.6,16,9,385.9,False,Exterior,DAS-S1,188.2,61.4
TILE_00227,032023146006794,40.8103061,-74.0741224,AT&T,88.75,2.98,33.6,16,13,385.9,False,Exterior,DAS-S1,188.2,61.4
TILE_00228,032023163118689,40.8103061,-74.0738776,Verizon,109.91,17.9,36.3,58,23,387.3,False,Exterior,DAS-S1,190.1,61.3
TILE_00229,032023137657250,40.8103061,-74.0736327,Verizon,184.3,20.92,34.0,74,23,389.8,False,Exterior,DAS-S1,194.1,61.0
TILE_00230,032023147914819,40.8103061,-74.0736327,AT&T,56.2,8.86,43.3,41,17,389.8,False,Exterior,DAS-S1,194.1,61.0
TILE_00231,032023157108895,40.8103061,-74.0736327,T-Mobile,143.95,17.11,30.7,38,21,389.8,False,Exterior,DAS-S1,194.1,61.0
TILE_00232,032023179601625,40.8103061,-74.0733878,AT&T,105.05,12.9,43.9,21,15,393.3,False,Exterior,DAS-S1,200.2,60.7
TILE_00233,032023175151100,40.8103061,-74.0733878,T-Mobile,141.46,31.96,19.2,22,9,393.3,False,Exterior,DAS-S1,200.2,60.7
TILE_00234,032023119983159,40.8103061,-74.0731429,Verizon,180.24,8.01,29.3,12,10,397.9,False,Exterior,DAS-S1,208.2,60.2
TILE_00235,032023161262850,40.8103061,-74.0731429,T-Mobile,158.88,23.49,30.5,20,7,397.9,False,Exterior,DAS-S1,208.2,60.2
TILE_00236,032023178543236,40.8103061,-74.072898,Verizon,130.19,19.87,39.4,43,23,403.5,False,Exterior,DAS-S1,217.8,59.6
TILE_00237,032023192673224,40.8103061,-74.0726531,T-Mobile,120.54,2.0,33.8,56,19,410.1,False,Exterior,DAS-S1,229.0,59.0
TILE_00238,032023192715274,40.8103061,-74.0724082,AT&T,105.99,7.69,45.0,20,12,417.6,False,Exterior,DAS-S1,241.3,58.2
TILE_00239,032023128001523,40.8103061,-74.0724082,T-Mobile,139.76,14.93,23.9,28,9,417.6,False,Exterior,DAS-S1,241.3,58.2
TILE_00240,032023116997905,40.8103061,-74.0721633,AT&T,36.91,13.15,49.8,50,13,426.0,False,Exterior,DAS-S1,254.8,57.4
TILE_00241,032023166148861,40.8103061,-74.0721633,T-Mobile,179.21,10.41,35.9,26,26,426.0,False,Exterior,DAS-S1,254.8,57.4
TILE_00242,032023176689485,40.8103061,-74.0719184,Verizon,98.9,5.35,40.2,8,3,435.2,False,Exterior,DAS-S1,269.2,56.5
TILE_00243,032023114194283,40.8103061,-74.0719184,AT&T,102.75,20.91,44.0,15,4,435.2,False,Exterior,DAS-S1,269.2,56.5
TILE_00244,032023110956462,40.8103061,-74.0716735,Verizon,33.49,20.98,36.8,24,9,445.1,False,Exterior,DAS-S1,284.3,55.5
TILE_00245,032023164906783,40.8103061,-74.0716735,AT&T,87.65,9.01,51.0,17,7,445.1,False,Exterior,DAS-S1,284.3,55.5
TILE_00246,032023169087278,40.8103061,-74.0714286,Verizon,46.01,36.93,38.6,45,30,455.8,False,Exterior,DAS-S1,300.1,54.4
TILE_00247,032023130367266,40.8103061,-74.0714286,AT&T,71.32,4.64,51.7,40,16,455.8,False,Exterior,DAS-S1,300.1,54.4
TILE_00248,032023176302701,40.8103061,-74.0711837,Verizon,112.73,15.53,40.1,38,24,467.2,False,Exterior,DAS-S1,316.5,53.3
TILE_00249,032023138385575,40.8103061,-74.0711837,AT&T,48.51,13.03,51.0,30,30,467.2,False,Exterior,DAS-S1,316.5,53.3
TILE_00250,032023145496813,40.8103061,-74.0711837,T-Mobile,38.03,9.34,31.3,33,25,467.2,False,Exterior,DAS-S1,316.5,53.3
TILE_00251,032023145740842,40.8103061,-74.0709388,Verizon,71.62,2.0,44.4,45,13,479.1,False,Exterior,DAS-S1,333.3,52.1
TILE_00252,032023189675237,40.8103061,-74.0709388,US Cellular,54.65,4.96,68.3,4,3,479.1,False,Exterior,DAS-S1,333.3,52.1
TILE_00253,032023174584323,40.8103061,-74.0706939,AT&T,77.48,8.05,53.5,16,6,491.7,False,Exterior,DAS-S1,350.6,50.8
TILE_00254,032023190580025,40.8103061,-74.0706939,T-Mobile,77.44,20.82,34.5,13,6,491.7,False,Exterior,DAS-S1,350.6,50.8
TILE_00255,032023118677626,40.8103061,-74.070449,Verizon,117.27,10.91,42.0,8,2,504.8,False,Exterior,DAS-S1,368.2,49.5
TILE_00256,032023141921434,40.8103061,-74.070449,AT&T,91.02,8.99,53.8,5,2,504.8,False,Exterior,DAS-S1,368.2,49.5
TILE_00257,032023130518919,40.8103061,-74.070449,US Cellular,27.02,12.7,74.3,1,0,504.8,False,Exterior,DAS-S1,368.2,49.5
TILE_00258,032023120312079,40.8103061,-74.0702041,Verizon,91.48,5.19,57.0,55,27,518.3,False,Exterior,DAS-S1,386.1,48.2
TILE_00259,032023112183938,40.8103061,-74.0702041,AT&T,125.64,16.49,60.2,57,30,518.3,False,Exterior,DAS-S1,386.1,48.2
TILE_00260,032023179987980,40.8103061,-74.0702041,US Cellular,41.53,10.83,74.1,6,4,518.3,False,Exterior,DAS-S1,386.1,48.2
TILE_00261,032023177799703,40.8103061,-74.0699592,Verizon,96.49,8.25,47.0,46,16,532.4,False,Exterior,DAS-E1,394.4,46.8
TILE_00262,032023197229911,40.8103061,-74.0699592,AT&T,46.83,14.33,58.8,45,21,532.4,False,Exterior,DAS-E1,394.4,46.8
TILE_00263,032023191816720,40.8103061,-74.0699592,T-Mobile,204.08,11.01,39.3,22,15,532.4,False,Exterior,DAS-E1,394.4,46.8
TILE_00264,032023147332842,40.8103061,-74.0697143,Verizon,152.0,4.42,54.4,22,12,546.8,False,Exterior,DAS-E1,398.7,45.3
TILE_00265,032023139678116,40.8103061,-74.0697143,T-Mobile,41.22,16.77,39.3,14,10,546.8,False,Exterior,DAS-E1,398.7,45.3
TILE_00266,032023191674575,40.8103061,-74.0694694,AT&T,59.78,17.78,70.6,7,3,561.7,False,Exterior,DAS-E1,403.9,43.8
TILE_00267,032023118539356,40.8103061,-74.0692245,Verizon,104.92,9.92,43.7,83,33,576.9,False,Exterior,DAS-E1,410.1,42.3
TILE_00268,032023190148304,40.8103061,-74.0692245,T-Mobile,119.5,14.54,38.8,26,29,576.9,False,Exterior,DAS-E1,410.1,42.3
TILE_00269,032023197381632,40.8103061,-74.0689796,Verizon,82.88,11.96,53.2,10,13,592.4,False,Exterior,DAS-E1,417.3,40.8
TILE_00270,032023113762144,40.8103061,-74.0689796,AT&T,76.47,22.23,67.0,20,5,592.4,False,Exterior,DAS-E1,417.3,40.8
TILE_00271,032023153748454,40.8104592,-74.0797551,Verizon,118.61,28.79,55.9,64,22,589.0,False,Exterior,DAS-S2,375.0,41.1
TILE_00272,032023141355031,40.8104592,-74.0795102,Verizon,87.66,19.36,52.0,51,14,573.0,False,Exterior,DAS-S2,356.8,42.7
TILE_00273,032023121001928,40.8104592,-74.0795102,AT&T,78.66,2.0,65.2,48,26,573.0,False,Exterior,DAS-S2,356.8,42.7
TILE_00274,032023129862294,40.8104592,-74.0795102,T-Mobile,157.26,15.85,52.1,56,12,573.0,False,Exterior,DAS-S2,356.8,42.7
TILE_00275,032023184083809,40.8104592,-74.0795102,US Cellular,45.09,10.57,78.1,6,4,573.0,False,Exterior,DAS-S2,356.8,42.7
TILE_00276,032023154367151,40.8104592,-74.0792653,Verizon,72.82,8.24,50.2,7,6,557.3,False,Exterior,DAS-S2,338.8,44.3
TILE_00277,032023181635042,40.8104592,-74.0792653,AT&T,90.97,5.67,57.5,12,4,557.3,False,Exterior,DAS-S2,338.8,44.3
TILE_00278,032023197382173,40.8104592,-74.0790204,Verizon,84.86,17.13,55.8,30,29,542.0,False,Exterior,DAS-S2,321.1,45.8
TILE_00279,032023190240937,40.8104592,-74.0790204,T-Mobile,32.25,2.0,36.7,46,18,542.0,False,Exterior,DAS-S2,321.1,45.8
TILE_00280,032023135530570,40.8104592,-74.0787755,Verizon,138.84,2.54,43.8,74,18,527.1,False,Exterior,DAS-S2,303.8,47.3
TILE_00281,032023190789840,40.8104592,-74.0787755,AT&T,126.96,7.76,59.1,65,21,527.1,False,Exterior,DAS-S2,303.8,47.3
TILE_00282,032023153942788,40.8104592,-74.0787755,T-Mobile,104.85,24.36,37.3,51,17,527.1,False,Exterior,DAS-S2,303.8,47.3
TILE_00283,032023150038938,40.8104592,-74.0785306,Verizon,14.33,11.26,46.9,58,28,512.5,False,Exterior,DAS-S2,287.0,48.8
TILE_00284,032023183349426,40.8104592,-74.0785306,T-Mobile,10.0,29.7,35.9,45,23,512.5,False,Exterior,DAS-S2,287.0,48.8
TILE_00285,032023130155885,40.8104592,-74.0785306,US Cellular,10.0,5.0,80.5,9,6,512.5,False,Exterior,DAS-S2,287.0,48.8
TILE_00286,032023168388947,40.8104592,-74.0782857,AT&T,102.9,11.0,55.3,10,4,498.4,False,Exterior,DAS-S2,270.7,50.2
TILE_00287,032023172530481,40.8104592,-74.0780408,AT&T,10.0,10.02,59.3,31,21,484.7,False,Exterior,DAS-S2,255.0,51.5
TILE_00288,032023114619113,40.8104592,-74.0780408,T-Mobile,60.17,23.75,31.0,48,16,484.7,False,Exterior,DAS-S2,255.0,51.5
TILE_00289,032023180166259,40.8104592,-74.0777959,Verizon,119.22,2.6,43.5,38,23,471.5,False,Exterior,DAS-S2,240.1,52.8
TILE_00290,032023159956660,40.8104592,-74.0777959,AT&T,31.75,2.0,50.6,32,16,471.5,False,Exterior,DAS-S2,240.1,52.8
TILE_00291,032023131707733,40.8104592,-74.0777959,T-Mobile,90.41,19.61,29.2,26,17,471.5,False,Exterior,DAS-S2,240.1,52.8
TILE_00292,032023176869470,40.8104592,-74.077551,Verizon,78.33,13.01,46.3,14,14,458.9,False,Exterior,DAS-S2,226.1,54.1
TILE_00293,032023131490456,40.8104592,-74.077551,AT&T,120.14,11.47,59.1,16,8,458.9,False,Exterior,DAS-S2,226.1,54.1
TILE_00294,032023157563952,40.8104592,-74.077551,US Cellular,52.2,19.18,71.7,7,2,458.9,False,Exterior,DAS-S2,226.1,54.1
TILE_00295,032023163826462,40.8104592,-74.0773061,Verizon,82.03,8.81,38.6,13,7,446.9,False,Exterior,DAS-S2,213.1,55.3
TILE_00296,032023115148534,40.8104592,-74.0773061,AT&T,121.1,6.29,53.6,12,4,446.9,False,Exterior,DAS-S2,213.1,55.3
TILE_00297,032023146918835,40.8104592,-74.0773061,T-Mobile,125.7,32.63,27.7,7,3,446.9,False,Exterior,DAS-S2,213.1,55.3
TILE_00298,032023161887515,40.8104592,-74.0770612,T-Mobile,95.72,11.73,37.6,35,9,435.6,False,Exterior,DAS-S2,201.5,56.4
TILE_00299,032023140317691,40.8104592,-74.0768163,Verizon,187.13,19.81,42.7,25,14,424.9,False,Exterior,DAS-S2,191.4,57.5
TILE_00300,032023111220920,40.8104592,-74.0768163,T-Mobile,81.51,32.83,26.9,22,10,424.9,False,Exterior,DAS-S2,191.4,57.5
TILE_00301,032023189342476,40.8104592,-74.0765714,Verizon,106.13,9.34,36.1,31,11,415.0,False,Exterior,DAS-S2,183.1,58.5
TILE_00302,032023162308186,40.8104592,-74.0765714,AT&T,107.24,19.99,42.2,23,12,415.0,False,Exterior,DAS-S2,183.1,58.5
TILE_00303,032023159633348,40.8104592,-74.0765714,T-Mobile,78.1,22.8,30.5,27,11,415.0,False,Exterior,DAS-S2,183.1,58.5
TILE_00304,032023196124999,40.8104592,-74.0760816,US Cellular,68.15,5.49,55.3,2,0,397.7,False,Exterior,DAS-S2,172.8,60.2
TILE_00305,032023137410063,40.8104592,-74.0758367,T-Mobile,70.93,25.84,26.8,40,15,390.4,False,Exterior,DAS-S2,171.1,61.0
TILE_00306,032023117355522,40.8104592,-74.0755918,Verizon,137.08,21.04,36.8,28,9,384.1,False,Exterior,DAS-S2,172.0,61.6
TILE_00307,032023186171116,40.8104592,-74.0755918,US Cellular,92.18,12.97,63.5,6,2,384.1,False,Exterior,DAS-S2,172.0,61.6
TILE_00308,032023119412060,40.8104592,-74.0753469,Verizon,81.17,23.46,37.1,29,24,378.8,False,Exterior,DAS-S2,175.3,62.1
TILE_00309,032023172185486,40.8104592,-74.0753469,AT&T,89.43,23.14,41.4,43,19,378.8,False,Exterior,DAS-S2,175.3,62.1
TILE_00310,032023171698786,40.8104592,-74.0753469,T-Mobile,125.54,23.66,27.9,36,25,378.8,False,Exterior,DAS-S2,175.3,62.1
TILE_00311,032023135651522,40.8104592,-74.075102,Verizon,145.13,28.5,40.6,42,41,374.6,False,Exterior,DAS-S2,181.0,62.5
TILE_00312,032023198706326,40.8104592,-74.075102,T-Mobile,68.32,13.96,33.6,54,26,374.6,False,Exterior,DAS-S2,181.0,62.5
TILE_00313,032023176838868,40.8104592,-74.0748571,AT&T,61.88,12.01,39.3,30,13,371.4,False,Exterior,DAS-S1,179.9,62.9
TILE_00314,032023178376814,40.8104592,-74.0746122,AT&T,23.45,2.0,40.9,26,6,369.4,False,Exterior,DAS-S1,174.6,63.1
TILE_00315,032023163054294,40.8104592,-74.0743673,AT&T,117.62,13.52,45.7,23,13,368.6,False,Exterior,DAS-S1,171.7,63.1
TILE_00316,032023193092517,40.8104592,-74.0741224,T-Mobile,147.25,21.35,34.2,16,4,368.9,False,Exterior,DAS-S1,171.2,63.1
TILE_00317,032023159849745,40.8104592,-74.0738776,Verizon,119.0,17.01,43.1,86,40,370.4,False,Exterior,DAS-S1,173.3,63.0
TILE_00318,032023125317285,40.8104592,-74.0738776,AT&T,83.37,14.12,45.7,68,21,370.4,False,Exterior,DAS-S1,173.3,63.0
TILE_00319,032023188582745,40.8104592,-74.0736327,Verizon,167.06,24.94,29.6,8,5,373.0,False,Exterior,DAS-S1,177.7,62.7
TILE_00320,032023192152307,40.8104592,-74.0736327,US Cellular,41.05,9.85,56.4,1,1,373.0,False,Exterior,DAS-S1,177.7,62.7
TILE_00321,032023138285914,40.8104592,-74.0733878,AT&T,160.17,16.42,44.9,32,23,376.7,False,Exterior,DAS-S1,184.3,62.3
TILE_00322,032023171340020,40.8104592,-74.0733878,T-Mobile,157.47,7.94,30.8,58,19,376.7,False,Exterior,DAS-S1,184.3,62.3
TILE_00323,032023115254572,40.8104592,-74.0731429,T-Mobile,154.44,2.0,24.5,55,22,381.5,False,Exterior,DAS-S1,193.0,61.9
TILE_00324,032023174656941,40.8104592,-74.072898,AT&T,86.61,6.5,45.3,29,15,387.3,False,Exterior,DAS-S1,203.3,61.3
TILE_00325,032023197810616,40.8104592,-74.072898,T-Mobile,120.96,7.28,29.4,11,9,387.3,False,Exterior,DAS-S1,203.3,61.3
TILE_00326,032023116495470,40.8104592,-74.0726531,T-Mobile,146.19,36.13,22.3,30,12,394.2,False,Exterior,DAS-S1,215.2,60.6
TILE_00327,032023170208488,40.8104592,-74.0724082,Verizon,67.1,19.15,46.6,23,24,402.0,False,Exterior,DAS-S1,228.3,59.8
TILE_00328,032023141671399,40.8104592,-74.0724082,T-Mobile,93.93,22.37,27.6,33,20,402.0,False,Exterior,DAS-S1,228.3,59.8
TILE_00329,032023116986499,40.8104592,-74.0721633,Verizon,20.52,6.81,41.3,58,18,410.7,False,Exterior,DAS-S1,242.5,58.9
TILE_00330,032023120913797,40.8104592,-74.0721633,AT&T,81.48,9.25,46.7,48,17,410.7,False,Exterior,DAS-S1,242.5,58.9
TILE_00331,032023118314364,40.8104592,-74.0721633,T-Mobile,93.73,4.54,24.2,36,19,410.7,False,Exterior,DAS-S1,242.5,58.9
TILE_00332,032023152964641,40.8104592,-74.0719184,Verizon,92.1,11.34,29.9,30,27,420.2,False,Exterior,DAS-S1,257.6,58.0
TILE_00333,032023195913863,40.8104592,-74.0719184,AT&T,109.05,16.6,52.9,26,28,420.2,False,Exterior,DAS-S1,257.6,58.0
TILE_00334,032023150737332,40.8104592,-74.0719184,T-Mobile,121.45,31.05,29.1,34,12,420.2,False,Exterior,DAS-S1,257.6,58.0
TILE_00335,032023191521991,40.8104592,-74.0716735,Verizon,51.3,6.68,49.8,11,7,430.5,False,Exterior,DAS-S1,273.4,57.0
TILE_00336,032023189295939,40.8104592,-74.0716735,AT&T,68.65,4.72,49.1,11,4,430.5,False,Exterior,DAS-S1,273.4,57.0
TILE_00337,032023158278965,40.8104592,-74.0714286,Verizon,143.22,17.78,39.6,29,14,441.5,False,Exterior,DAS-S1,289.8,55.8
TILE_00338,032023126199818,40.8104592,-74.0714286,AT&T,113.96,11.54,44.4,29,13,441.5,False,Exterior,DAS-S1,289.8,55.8
TILE_00339,032023110593334,40.8104592,-74.0709388,Verizon,63.21,19.16,34.4,26,12,465.6,False,Exterior,DAS-S1,324.0,53.4
TILE_00340,032023145638117,40.8104592,-74.0709388,T-Mobile,83.0,25.48,30.7,13,8,465.6,False,Exterior,DAS-S1,324.0,53.4
TILE_00341,032023118136623,40.8104592,-74.0706939,Verizon,140.38,7.8,38.4,68,34,478.5,False,Exterior,DAS-S1,341.7,52.2
TILE_00342,032023199211789,40.8104592,-74.0706939,T-Mobile,171.45,4.43,21.8,26,20,478.5,False,Exterior,DAS-S1,341.7,52.2
TILE_00343,032023129383336,40.8104592,-74.0702041,Verizon,55.41,11.92,44.7,77,31,505.8,False,Exterior,DAS-E1,374.4,49.4
TILE_00344,032023173606731,40.8104592,-74.0702041,AT&T,105.78,9.69,51.1,75,34,505.8,False,Exterior,DAS-E1,374.4,49.4
TILE_00345,032023193830037,40.8104592,-74.0699592,Verizon,70.24,4.11,42.4,30,14,520.2,False,Exterior,DAS-E1,377.7,48.0
TILE_00346,032023146920224,40.8104592,-74.0697143,AT&T,96.14,9.01,60.7,19,17,535.0,False,Exterior,DAS-E1,382.1,46.5
TILE_00347,032023194728619,40.8104592,-74.0694694,AT&T,125.5,10.28,56.4,51,31,550.1,False,Exterior,DAS-E1,387.6,45.0
TILE_00348,032023183315856,40.8104592,-74.0692245,Verizon,49.15,11.31,43.1,89,36,565.6,False,Exterior,DAS-E1,394.1,43.4
TILE_00349,032023170200611,40.8104592,-74.0692245,AT&T,103.81,4.04,58.5,73,29,565.6,False,Exterior,DAS-E1,394.1,43.4
TILE_00350,032023153060214,40.8104592,-74.0692245,T-Mobile,93.59,32.32,43.7,37,27,565.6,False,Exterior,DAS-E1,394.1,43.4
TILE_00351,032023114354751,40.8104592,-74.0689796,Verizon,121.88,11.66,50.5,8,5,581.5,False,Exterior,DAS-E1,401.5,41.9
TILE_00352,032023193067226,40.8104592,-74.0689796,AT&T,58.79,10.23,70.2,6,3,581.5,False,Exterior,DAS-E1,401.5,41.9
TILE_00353,032023181110014,40.8104592,-74.0689796,T-Mobile,36.15,8.69,48.2,5,4,581.5,False,Exterior,DAS-E1,401.5,41.9
TILE_00354,032023131815119,40.8104592,-74.0687347,AT&T,119.58,18.56,82.2,17,12,597.6,False,Exterior,DAS-E1,409.9,40.2
TILE_00355,032023135297619,40.8106122,-74.08,Verizon,127.67,2.0,60.2,21,13,595.0,False,Exterior,DAS-S2,386.4,40.5
TILE_00356,032023141248870,40.8106122,-74.08,AT&T,28.61,11.68,64.0,14,7,595.0,False,Exterior,DAS-S2,386.4,40.5
TILE_00357,032023171192344,40.8106122,-74.08,US Cellular,48.42,8.79,89.9,3,2,595.0,False,Exterior,DAS-S2,386.4,40.5
TILE_00358,032023127829190,40.8106122,-74.0797551,Verizon,21.68,15.74,54.5,10,12,578.5,False,Exterior,DAS-S2,367.6,42.2
TILE_00359,032023186373218,40.8106122,-74.0795102,Verizon,44.98,26.57,52.1,58,31,562.2,False,Exterior,DAS-S2,348.9,43.8
TILE_00360,032023160576412,40.8106122,-74.0792653,Verizon,58.28,8.93,52.2,17,7,546.3,False,Exterior,DAS-S2,330.5,45.4
TILE_00361,032023194387448,40.8106122,-74.0792653,AT&T,26.65,2.0,63.8,14,5,546.3,False,Exterior,DAS-S2,330.5,45.4
TILE_00362,032023113533822,40.8106122,-74.0790204,Verizon,41.62,33.37,51.3,14,15,530.6,False,Exterior,DAS-S2,312.4,46.9
TILE_00363,032023111077525,40.8106122,-74.0790204,AT&T,103.74,15.94,60.3,15,11,530.6,False,Exterior,DAS-S2,312.4,46.9
TILE_00364,032023199075517,40.8106122,-74.0790204,T-Mobile,48.66,9.72,42.6,22,12,530.6,False,Exterior,DAS-S2,312.4,46.9
TILE_00365,032023199211976,40.8106122,-74.0787755,AT&T,51.73,2.39,62.0,36,21,515.3,False,Exterior,DAS-S2,294.6,48.5
TILE_00366,032023152961230,40.8106122,-74.0785306,AT&T,130.69,2.83,59.2,12,9,500.4,False,Exterior,DAS-S2,277.2,50.0
TILE_00367,032023178764068,40.8106122,-74.0785306,T-Mobile,109.68,25.1,37.1,18,7,500.4,False,Exterior,DAS-S2,277.2,50.0
TILE_00368,032023185344892,40.8106122,-74.0782857,Verizon,114.01,15.31,48.7,40,40,485.9,False,Exterior,DAS-S2,260.3,51.4
TILE_00369,032023153360289,40.8106122,-74.0782857,AT&T,93.75,8.09,44.3,38,24,485.9,False,Exterior,DAS-S2,260.3,51.4
TILE_00370,032023131963930,40.8106122,-74.0782857,T-Mobile,121.74,12.59,30.4,57,19,485.9,False,Exterior,DAS-S2,260.3,51.4
TILE_00371,032023154138525,40.8106122,-74.0780408,Verizon,68.66,17.37,50.1,70,22,471.9,False,Exterior,DAS-S2,243.9,52.8
TILE_00372,032023147238698,40.8106122,-74.0780408,AT&T,133.34,20.95,55.1,57,20,471.9,False,Exterior,DAS-S2,243.9,52.8
TILE_00373,032023199316250,40.8106122,-74.0777959,Verizon,77.98,10.98,39.4,53,32,458.4,False,Exterior,DAS-S2,228.3,54.2
TILE_00374,032023112268435,40.8106122,-74.0777959,AT&T,102.3,9.87,51.9,38,23,458.4,False,Exterior,DAS-S2,228.3,54.2
TILE_00375,032023174851294,40.8106122,-74.0777959,T-Mobile,119.89,19.04,24.2,37,21,458.4,False,Exterior,DAS-S2,228.3,54.2
TILE_00376,032023127191761,40.8106122,-74.077551,Verizon,121.28,20.39,42.0,21,26,445.4,False,Exterior,DAS-S2,213.5,55.5
TILE_00377,032023131618301,40.8106122,-74.077551,AT&T,85.39,2.0,62.6,28,12,445.4,False,Exterior,DAS-S2,213.5,55.5
TILE_00378,032023136722210,40.8106122,-74.077551,T-Mobile,57.43,14.85,30.6,46,15,445.4,False,Exterior,DAS-S2,213.5,55.5
TILE_00379,032023143613571,40.8106122,-74.0773061,Verizon,151.44,14.13,38.3,51,24,433.0,False,Exterior,DAS-S2,199.7,56.7
TILE_00380,032023118027938,40.8106122,-74.0773061,AT&T,75.16,9.71,51.5,32,19,433.0,False,Exterior,DAS-S2,199.7,56.7
TILE_00381,032023190071151,40.8106122,-74.0773061,T-Mobile,121.65,20.16,39.2,25,17,433.0,False,Exterior,DAS-S2,199.7,56.7
TILE_00382,032023125749692,40.8106122,-74.0770612,Verizon,98.91,29.58,33.6,39,23,421.3,False,Exterior,DAS-S2,187.3,57.9
TILE_00383,032023186075741,40.8106122,-74.0770612,AT&T,56.79,26.45,48.4,63,13,421.3,False,Exterior,DAS-S2,187.3,57.9
TILE_00384,032023126664519,40.8106122,-74.0770612,T-Mobile,165.82,8.55,31.5,48,24,421.3,False,Exterior,DAS-S2,187.3,57.9
TILE_00385,032023134206454,40.8106122,-74.0768163,Verizon,96.48,14.11,42.3,74,33,410.3,False,Exterior,DAS-S2,176.4,59.0
TILE_00386,032023157405988,40.8106122,-74.0768163,AT&T,88.01,12.64,51.6,50,15,410.3,False,Exterior,DAS-S2,176.4,59.0
TILE_00387,032023115429973,40.8106122,-74.0768163,T-Mobile,126.32,44.64,34.8,32,28,410.3,False,Exterior,DAS-S2,176.4,59.0
TILE_00388,032023196849352,40.8106122,-74.0765714,AT&T,86.69,18.32,51.9,10,10,400.0,False,Exterior,DAS-S2,167.3,60.0
TILE_00389,032023192407143,40.8106122,-74.0765714,T-Mobile,112.96,21.31,35.8,20,9,400.0,False,Exterior,DAS-S2,167.3,60.0
TILE_00390,032023176824613,40.8106122,-74.0763265,Verizon,106.97,6.73,36.0,66,40,390.6,False,Exterior,DAS-S2,160.4,60.9
TILE_00391,032023155152505,40.8106122,-74.0763265,AT&T,72.61,19.62,50.6,46,39,390.6,False,Exterior,DAS-S2,160.4,60.9
TILE_00392,032023170237538,40.8106122,-74.0763265,T-Mobile,141.56,6.48,27.6,69,37,390.6,False,Exterior,DAS-S2,160.4,60.9
TILE_00393,032023195954584,40.8106122,-74.0760816,Verizon,117.41,13.32,36.2,77,36,382.0,False,Exterior,DAS-S2,155.9,61.8
TILE_00394,032023194117198,40.8106122,-74.0755918,Verizon,51.92,35.82,41.0,53,17,367.8,False,Exterior,DAS-S2,155.1,63.2
TILE_00395,032023166153274,40.8106122,-74.0753469,AT&T,89.15,24.23,39.7,35,20,362.3,False,Exterior,DAS-S2,158.8,63.8
TILE_00396,032023130543575,40.8106122,-74.075102,Verizon,138.7,13.71,41.9,26,13,357.9,False,Exterior,DAS-S2,165.0,64.2
TILE_00397,032023136481492,40.8106122,-74.0748571,AT&T,123.11,21.88,44.7,29,17,354.6,False,Exterior,DAS-S1,163.8,64.5
TILE_00398,032023115334366,40.8106122,-74.0748571,T-Mobile,25.09,22.28,29.0,39,19,354.6,False,Exterior,DAS-S1,163.8,64.5
TILE_00399,032023176159720,40.8106122,-74.0746122,Verizon,97.26,9.05,40.5,27,17,352.5,False,Exterior,DAS-S1,158.0,64.8
TILE_00400,032023122954805,40.8106122,-74.0743673,Verizon,160.18,8.43,26.6,22,21,351.6,False,Exterior,DAS-S1,154.8,64.8
TILE_00401,032023185463858,40.8106122,-74.0743673,AT&T,122.63,10.35,33.8,47,10,351.6,False,Exterior,DAS-S1,154.8,64.8
TILE_00402,032023159110908,40.8106122,-74.0741224,Verizon,56.34,16.42,38.7,51,18,351.9,False,Exterior,DAS-S1,154.2,64.8
TILE_00403,032023124289542,40.8106122,-74.0738776,Verizon,54.99,17.44,46.3,19,15,353.4,False,Exterior,DAS-S1,156.5,64.7
TILE_00404,032023178483663,40.8106122,-74.0736327,Verizon,37.27,5.89,30.0,60,26,356.2,False,Exterior,DAS-S1,161.4,64.4
TILE_00405,032023151513820,40.8106122,-74.0736327,AT&T,54.3,24.59,42.2,29,13,356.2,False,Exterior,DAS-S1,161.4,64.4
TILE_00406,032023141843128,40.8106122,-74.0733878,Verizon,108.53,17.38,18.8,41,9,360.1,False,Exterior,DAS-S1,168.7,64.0
TILE_00407,032023145777138,40.8106122,-74.0733878,T-Mobile,76.97,38.01,33.9,37,15,360.1,False,Exterior,DAS-S1,168.7,64.0
TILE_00408,032023119045854,40.8106122,-74.0731429,AT&T,84.06,6.59,41.6,47,22,365.1,False,Exterior,DAS-S1,178.1,63.5
TILE_00409,032023177796035,40.8106122,-74.0731429,T-Mobile,174.51,24.24,33.4,23,31,365.1,False,Exterior,DAS-S1,178.1,63.5
TILE_00410,032023183436764,40.8106122,-74.072898,Verizon,74.43,15.2,42.4,51,22,371.2,False,Exterior,DAS-S1,189.3,62.9
TILE_00411,032023127295309,40.8106122,-74.072898,AT&T,63.18,3.12,50.5,42,14,371.2,False,Exterior,DAS-S1,189.3,62.9
TILE_00412,032023144162866,40.8106122,-74.0726531,Verizon,118.77,18.01,29.4,60,22,378.3,False,Exterior,DAS-S1,202.0,62.2
TILE_00413,032023155915252,40.8106122,-74.0726531,T-Mobile,80.15,19.77,23.6,36,19,378.3,False,Exterior,DAS-S1,202.0,62.2
TILE_00414,032023153740757,40.8106122,-74.0724082,Verizon,158.26,28.91,39.6,19,17,386.4,False,Exterior,DAS-S1,215.9,61.4
TILE_00415,032023175689976,40.8106122,-74.0724082,T-Mobile,85.62,25.83,22.1,14,11,386.4,False,Exterior,DAS-S1,215.9,61.4
TILE_00416,032023198617526,40.8106122,-74.0721633,Verizon,136.45,17.95,34.8,43,15,395.5,False,Exterior,DAS-S1,230.8,60.5
TILE_00417,032023125681959,40.8106122,-74.0719184,AT&T,109.76,8.54,48.3,71,25,405.4,False,Exterior,DAS-S1,246.6,59.5
TILE_00418,032023184015122,40.8106122,-74.0719184,T-Mobile,240.71,38.78,30.3,26,30,405.4,False,Exterior,DAS-S1,246.6,59.5
TILE_00419,032023179446193,40.8106122,-74.0716735,Verizon,82.71,13.98,34.3,28,23,416.0,False,Exterior,DAS-S1,263.0,58.4
TILE_00420,032023174853217,40.8106122,-74.0716735,T-Mobile,103.79,9.0,32.0,61,26,416.0,False,Exterior,DAS-S1,263.0,58.4
TILE_00421,032023172174643,40.8106122,-74.0711837,Verizon,117.96,3.58,40.2,17,7,439.5,False,Exterior,DAS-S1,297.5,56.0
TILE_00422,032023146372753,40.8106122,-74.0711837,AT&T,85.34,12.31,52.0,10,4,439.5,False,Exterior,DAS-S1,297.5,56.0
TILE_00423,032023182685581,40.8106122,-74.0709388,T-Mobile,132.13,30.71,40.1,5,3,452.2,False,Exterior,DAS-S1,315.4,54.8
TILE_00424,032023134939966,40.8106122,-74.0706939,Verizon,136.39,12.68,38.8,40,14,465.5,False,Exterior,DAS-S1,333.6,53.5
TILE_00425,032023116942853,40.8106122,-74.0706939,AT&T,91.97,13.71,51.7,14,19,465.5,False,Exterior,DAS-S1,333.6,53.5
TILE_00426,032023114537921,40.8106122,-74.070449,Verizon,162.32,12.45,46.0,4,2,479.3,False,Exterior,DAS-S1,352.0,52.1
TILE_00427,032023181929025,40.8106122,-74.070449,AT&T,88.79,9.39,49.5,5,3,479.3,False,Exterior,DAS-S1,352.0,52.1
TILE_00428,032023160125027,40.8106122,-74.0699592,AT&T,56.01,17.62,48.6,48,24,508.3,False,Exterior,DAS-E1,361.0,49.2
TILE_00429,032023186785124,40.8106122,-74.0697143,AT&T,79.41,10.58,49.1,30,8,523.4,False,Exterior,DAS-E1,365.7,47.7
TILE_00430,032023168033375,40.8106122,-74.0697143,T-Mobile,46.57,24.67,38.7,27,14,523.4,False,Exterior,DAS-E1,365.7,47.7
TILE_00431,032023180735169,40.8106122,-74.0694694,Verizon,123.51,6.53,50.3,81,33,538.9,False,Exterior,DAS-E1,371.4,46.1
TILE_00432,032023173164226,40.8106122,-74.0694694,T-Mobile,81.87,4.08,31.0,49,28,538.9,False,Exterior,DAS-E1,371.4,46.1
TILE_00433,032023175144785,40.8106122,-74.0689796,AT&T,86.51,2.0,61.7,12,6,570.8,False,Exterior,DAS-E1,385.9,42.9
TILE_00434,032023126339737,40.8106122,-74.0689796,T-Mobile,92.86,2.0,34.3,13,8,570.8,False,Exterior,DAS-E1,385.9,42.9
TILE_00435,032023179871958,40.8106122,-74.0689796,US Cellular,11.41,6.04,88.5,3,1,570.8,False,Exterior,DAS-E1,385.9,42.9
TILE_00436,032023168857303,40.8106122,-74.0687347,Verizon,90.07,12.75,55.7,28,28,587.3,False,Exterior,DAS-E1,394.6,41.3
TILE_00437,032023134097376,40.8106122,-74.0687347,AT&T,137.39,2.0,71.3,55,19,587.3,False,Exterior,DAS-E1,394.6,41.3
TILE_00438,032023115985138,40.8106122,-74.0687347,T-Mobile,85.97,24.6,47.8,48,17,587.3,False,Exterior,DAS-E1,394.6,41.3
TILE_00439,032023177822239,40.8107653,-74.08,AT&T,101.46,9.2,67.4,26,13,585.2,False,Exterior,DAS-S2,380.0,41.5
TILE_00440,032023136410550,40.8107653,-74.0797551,Verizon,77.01,17.87,47.4,70,20,568.3,False,Exterior,DAS-S2,360.8,43.2
TILE_00441,032023179679509,40.8107653,-74.0797551,AT&T,73.43,6.5,64.9,68,27,568.3,False,Exterior,DAS-S2,360.8,43.2
TILE_00442,032023174693239,40.8107653,-74.0795102,Verizon,78.24,16.42,47.4,20,18,551.8,False,Exterior,DAS-S2,341.8,44.8
TILE_00443,032023142059342,40.8107653,-74.0795102,US Cellular,36.85,10.09,70.9,7,1,551.8,False,Exterior,DAS-S2,341.8,44.8
TILE_00444,032023126396109,40.8107653,-74.0792653,Verizon,102.38,14.88,53.4,33,18,535.5,False,Exterior,DAS-S2,322.9,46.5
TILE_00445,032023164676132,40.8107653,-74.0792653,T-Mobile,98.11,8.56,48.3,36,16,535.5,False,Exterior,DAS-S2,322.9,46.5
TILE_00446,032023194186877,40.8107653,-74.0792653,US Cellular,73.37,10.11,75.2,6,3,535.5,False,Exterior,DAS-S2,322.9,46.5
TILE_00447,032023172578939,40.8107653,-74.0790204,Verizon,127.38,4.39,44.3,4,4,519.5,False,Exterior,DAS-S2,304.4,48.0
TILE_00448,032023120323754,40.8107653,-74.0790204,T-Mobile,85.35,11.94,45.8,7,2,519.5,False,Exterior,DAS-S2,304.4,48.0
TILE_00449,032023160535731,40.8107653,-74.0787755,T-Mobile,82.27,9.25,43.1,62,26,503.9,False,Exterior,DAS-S2,286.1,49.6
TILE_00450,032023142784591,40.8107653,-74.0785306,Verizon,107.98,6.33,41.3,22,11,488.6,False,Exterior,DAS-S2,268.1,51.1
TILE_00451,032023193620192,40.8107653,-74.0785306,AT&T,110.32,9.96,53.4,16,16,488.6,False,Exterior,DAS-S2,268.1,51.1
TILE_00452,032023198683027,40.8107653,-74.0785306,US Cellular,47.52,18.77,77.7,7,2,488.6,False,Exterior,DAS-S2,268.1,51.1
TILE_00453,032023197668897,40.8107653,-74.0782857,AT&T,79.5,9.31,51.0,10,5,473.8,False,Exterior,DAS-S2,250.6,52.6
TILE_00454,032023195147111,40.8107653,-74.0782857,T-Mobile,20.95,7.59,31.5,13,7,473.8,False,Exterior,DAS-S2,250.6,52.6
TILE_00455,032023121537933,40.8107653,-74.0780408,Verizon,82.27,8.72,33.4,48,20,459.4,False,Exterior,DAS-S2,233.6,54.1
TILE_00456,032023183204924,40.8107653,-74.0780408,AT&T,153.43,20.75,42.3,31,18,459.4,False,Exterior,DAS-S2,233.6,54.1
TILE_00457,032023150083133,40.8107653,-74.0777959,Verizon,175.72,8.86,45.2,43,15,445.5,False,Exterior,DAS-S2,217.2,55.5
TILE_00458,032023171112278,40.8107653,-74.0777959,AT&T,142.62,8.82,54.4,44,19,445.5,False,Exterior,DAS-S2,217.2,55.5
TILE_00459,032023194265754,40.8107653,-74.077551,Verizon,182.93,13.33,40.0,43,37,432.1,False,Exterior,DAS-S2,201.6,56.8
TILE_00460,032023182265288,40.8107653,-74.077551,AT&T,10.0,10.31,49.1,72,23,432.1,False,Exterior,DAS-S2,201.6,56.8
TILE_00461,032023169580746,40.8107653,-74.077551,T-Mobile,123.55,12.49,30.7,31,27,432.1,False,Exterior,DAS-S2,201.6,56.8
TILE_00462,032023139995402,40.8107653,-74.0773061,Verizon,119.58,16.35,46.0,26,9,419.3,False,Exterior,DAS-S2,186.9,58.1
TILE_00463,032023163171379,40.8107653,-74.0773061,AT&T,10.0,4.25,46.7,10,6,419.3,False,Exterior,DAS-S2,186.9,58.1
TILE_00464,032023138314457,40.8107653,-74.0773061,US Cellular,106.86,11.82,63.0,3,1,419.3,False,Exterior,DAS-S2,186.9,58.1
TILE_00465,032023193353069,40.8107653,-74.0770612,Verizon,58.94,18.56,42.2,12,2,407.2,False,Exterior,DAS-S2,173.6,59.3
TILE_00466,032023152248635,40.8107653,-74.0770612,AT&T,98.14,11.31,39.0,6,3,407.2,False,Exterior,DAS-S2,173.6,59.3
TILE_00467,032023165171640,40.8107653,-74.0770612,T-Mobile,72.48,45.68,38.0,4,2,407.2,False,Exterior,DAS-S2,173.6,59.3
TILE_00468,032023147901048,40.8107653,-74.0768163,Verizon,43.64,14.36,31.9,84,39,395.8,False,Exterior,DAS-S2,161.7,60.4
TILE_00469,032023139982878,40.8107653,-74.0768163,AT&T,76.13,6.4,52.4,25,24,395.8,False,Exterior,DAS-S2,161.7,60.4
TILE_00470,032023181368104,40.8107653,-74.0768163,T-Mobile,131.64,31.04,31.9,45,25,395.8,False,Exterior,DAS-S2,161.7,60.4
TILE_00471,032023173830877,40.8107653,-74.0765714,Verizon,90.82,12.07,32.9,43,29,385.1,False,Exterior,DAS-S2,151.8,61.5
TILE_00472,032023174280706,40.8107653,-74.0765714,T-Mobile,93.84,15.79,34.2,37,23,385.1,False,Exterior,DAS-S2,151.8,61.5
TILE_00473,032023159805296,40.8107653,-74.0763265,Verizon,84.64,14.32,40.2,13,8,375.3,False,Exterior,DAS-S2,144.1,62.5
TILE_00474,032023141320993,40.8107653,-74.0760816,Verizon,121.22,2.0,29.3,80,39,366.4,False,Exterior,DAS-S2,139.2,63.4
TILE_00475,032023171823371,40.8107653,-74.0760816,AT&T,108.24,12.62,42.5,35,23,366.4,False,Exterior,DAS-S2,139.2,63.4
TILE_00476,032023156206976,40.8107653,-74.0760816,T-Mobile,136.24,27.84,31.1,63,26,366.4,False,Exterior,DAS-S2,139.2,63.4
TILE_00477,032023193616718,40.8107653,-74.0758367,Verizon,63.95,7.04,39.7,45,24,358.5,False,Exterior,DAS-S2,137.1,64.1
TILE_00478,032023115391122,40.8107653,-74.0758367,US Cellular,74.37,11.99,51.7,6,3,358.5,False,Exterior,DAS-S2,137.1,64.1
TILE_00479,032023182836894,40.8107653,-74.0755918,Verizon,120.04,22.68,31.1,16,5,351.6,False,Exterior,DAS-S2,138.2,64.8
TILE_00480,032023160199765,40.8107653,-74.0755918,AT&T,37.83,17.79,40.7,9,8,351.6,False,Exterior,DAS-S2,138.2,64.8
TILE_00481,032023121888176,40.8107653,-74.0755918,T-Mobile,95.62,34.38,25.0,18,4,351.6,False,Exterior,DAS-S2,138.2,64.8
TILE_00482,032023198408715,40.8107653,-74.0753469,AT&T,98.85,24.22,37.3,57,21,345.8,False,Exterior,DAS-S2,142.3,65.4
TILE_00483,032023144102080,40.8107653,-74.0753469,T-Mobile,176.11,23.2,25.9,59,18,345.8,False,Exterior,DAS-S2,142.3,65.4
TILE_00484,032023183032165,40.8107653,-74.0753469,US Cellular,57.83,2.0,52.4,11,3,345.8,False,Exterior,DAS-S2,142.3,65.4
TILE_00485,032023185723194,40.8107653,-74.075102,Verizon,19.3,17.45,33.1,24,9,341.2,False,Exterior,DAS-S2,149.2,65.9
TILE_00486,032023171562140,40.8107653,-74.075102,AT&T,117.13,12.18,43.2,14,7,341.2,False,Exterior,DAS-S2,149.2,65.9
TILE_00487,032023166174259,40.8107653,-74.075102,US Cellular,91.13,8.04,47.7,4,2,341.2,False,Exterior,DAS-S2,149.2,65.9
TILE_00488,032023194239609,40.8107653,-74.0748571,Verizon,89.23,19.53,29.1,4,4,337.7,False,Exterior,DAS-S1,147.9,66.2
TILE_00489,032023119911451,40.8107653,-74.0748571,T-Mobile,95.62,38.24,22.2,9,2,337.7,False,Exterior,DAS-S1,147.9,66.2
TILE_00490,032023120720998,40.8107653,-74.0746122,AT&T,122.04,13.93,40.0,23,12,335.5,False,Exterior,DAS-S1,141.5,66.4
TILE_00491,032023114058457,40.8107653,-74.0743673,Verizon,209.78,22.49,33.6,47,13,334.6,False,Exterior,DAS-S1,137.8,66.5
TILE_00492,032023146321076,40.8107653,-74.0743673,T-Mobile,135.32,38.5,31.1,17,16,334.6,False,Exterior,DAS-S1,137.8,66.5
TILE_00493,032023193640642,40.8107653,-74.0743673,US Cellular,65.84,3.3,49.2,6,2,334.6,False,Exterior,DAS-S1,137.8,66.5
TILE_00494,032023121106713,40.8107653,-74.0741224,T-Mobile,145.57,30.27,31.6,22,13,334.9,False,Exterior,DAS-S1,137.3,66.5
TILE_00495,032023186412270,40.8107653,-74.0738776,Verizon,81.74,20.75,26.6,34,11,336.5,False,Exterior,DAS-S1,139.8,66.3
TILE_00496,032023148253675,40.8107653,-74.0736327,Verizon,90.71,22.69,29.7,10,7,339.4,False,Exterior,DAS-S1,145.2,66.1
TILE_00497,032023169953980,40.8107653,-74.0736327,T-Mobile,197.5,23.89,21.4,8,5,339.4,False,Exterior,DAS-S1,145.2,66.1
TILE_00498,032023196318832,40.8107653,-74.0733878,T-Mobile,91.99,21.71,22.6,13,6,343.5,False,Exterior,DAS-S1,153.3,65.7
TILE_00499,032023179964657,40.8107653,-74.0731429,Verizon,152.01,19.33,35.6,52,33,348.8,False,Exterior,DAS-S1,163.6,65.1
TILE_00500,032023131357039,40.8107653,-74.0731429,AT&T,154.87,16.39,44.8,40,31,348.8,False,Exterior,DAS-S1,163.6,65.1
TILE_00501,032023164200029,40.8107653,-74.0731429,T-Mobile,101.87,27.24,26.5,70,23,348.8,False,Exterior,DAS-S1,163.6,65.1
TILE_00502,032023184950417,40.8107653,-74.072898,Verizon,133.29,16.81,34.5,45,20,355.1,False,Exterior,DAS-S1,175.7,64.5
TILE_00503,032023146614223,40.8107653,-74.072898,AT&T,101.36,10.35,38.7,23,18,355.1,False,Exterior,DAS-S1,175.7,64.5
TILE_00504,032023116449588,40.8107653,-74.072898,US Cellular,80.64,7.42,58.2,7,6,355.1,False,Exterior,DAS-S1,175.7,64.5
TILE_00505,032023121360971,40.8107653,-74.0726531,Verizon,100.41,12.03,37.3,55,30,362.6,False,Exterior,DAS-S1,189.3,63.7
TILE_00506,032023140738941,40.8107653,-74.0726531,T-Mobile,98.79,16.89,31.3,40,24,362.6,False,Exterior,DAS-S1,189.3,63.7
TILE_00507,032023162490492,40.8107653,-74.0724082,AT&T,48.29,11.23,42.9,72,26,371.1,False,Exterior,DAS-S1,204.1,62.9
TILE_00508,032023126873242,40.8107653,-74.0721633,Verizon,57.42,19.68,39.8,20,16,380.4,False,Exterior,DAS-S1,219.8,62.0
TILE_00509,032023133441457,40.8107653,-74.0719184,Verizon,85.17,17.28,36.1,16,9,390.7,False,Exterior,DAS-S1,236.3,60.9
TILE_00510,032023112251295,40.8107653,-74.0719184,AT&T,92.14,16.31,49.3,19,8,390.7,False,Exterior,DAS-S1,236.3,60.9
TILE_00511,032023164932685,40.8107653,-74.0714286,Verizon,59.73,15.91,36.9,25,25,413.6,False,Exterior,DAS-S1,271.1,58.6
TILE_00512,032023166328550,40.8107653,-74.0714286,AT&T,129.16,10.89,47.5,32,10,413.6,False,Exterior,DAS-S1,271.1,58.6
TILE_00513,032023185447028,40.8107653,-74.0714286,T-Mobile,97.72,17.17,17.2,20,13,413.6,False,Exterior,DAS-S1,271.1,58.6
TILE_00514,032023111073797,40.8107653,-74.0711837,Verizon,104.94,7.07,35.9,36,9,426.0,False,Exterior,DAS-S1,289.1,57.4
TILE_00515,032023181486721,40.8107653,-74.0711837,AT&T,187.12,8.68,54.2,31,6,426.0,False,Exterior,DAS-S1,289.1,57.4
TILE_00516,032023167637702,40.8107653,-74.0711837,T-Mobile,90.09,2.0,28.4,12,8,426.0,False,Exterior,DAS-S1,289.1,57.4
TILE_00517,032023186186857,40.8107653,-74.0711837,US Cellular,79.71,6.99,61.9,3,3,426.0,False,Exterior,DAS-S1,289.1,57.4
TILE_00518,032023141850135,40.8107653,-74.0709388,AT&T,97.18,12.7,56.0,34,16,439.1,False,Exterior,DAS-S1,307.4,56.1
TILE_00519,032023164055750,40.8107653,-74.0709388,T-Mobile,118.89,28.06,38.4,25,19,439.1,False,Exterior,DAS-S1,307.4,56.1
TILE_00520,032023111184826,40.8107653,-74.0706939,Verizon,128.2,2.0,38.9,8,7,452.8,False,Exterior,DAS-S1,326.1,54.7
TILE_00521,032023150354361,40.8107653,-74.0706939,AT&T,83.83,4.44,53.3,16,8,452.8,False,Exterior,DAS-S1,326.1,54.7
TILE_00522,032023137434688,40.8107653,-74.0706939,T-Mobile,40.27,36.02,24.3,7,4,452.8,False,Exterior,DAS-S1,326.1,54.7
TILE_00523,032023144814231,40.8107653,-74.070449,Verizon,98.44,2.0,44.9,26,20,467.0,False,Exterior,DAS-E1,338.3,53.3
TILE_00524,032023158304173,40.8107653,-74.0702041,Verizon,54.96,14.98,33.3,21,23,481.6,False,Exterior,DAS-E1,340.7,51.8
TILE_00525,032023166747402,40.8107653,-74.0702041,AT&T,52.7,16.07,54.4,47,21,481.6,False,Exterior,DAS-E1,340.7,51.8
TILE_00526,032023186254636,40.8107653,-74.0702041,T-Mobile,69.12,24.89,32.9,28,17,481.6,False,Exterior,DAS-E1,340.7,51.8
TILE_00527,032023114322500,40.8107653,-74.0697143,Verizon,142.64,17.73,52.6,30,11,512.1,False,Exterior,DAS-E1,349.2,48.8
TILE_00528,032023113917099,40.8107653,-74.0697143,AT&T,49.91,26.24,51.6,25,8,512.1,False,Exterior,DAS-E1,349.2,48.8
TILE_00529,032023152481394,40.8107653,-74.0697143,T-Mobile,10.0,33.42,37.9,21,10,512.1,False,Exterior,DAS-E1,349.2,48.8
TILE_00530,032023117480819,40.8107653,-74.0694694,Verizon,44.78,31.38,43.3,5,2,528.0,False,Exterior,DAS-E1,355.2,47.2
TILE_00531,032023177492608,40.8107653,-74.0694694,AT&T,70.19,12.79,54.2,4,3,528.0,False,Exterior,DAS-E1,355.2,47.2
TILE_00532,032023184954007,40.8107653,-74.0694694,T-Mobile,125.85,7.95,33.5,4,4,528.0,False,Exterior,DAS-E1,355.2,47.2
TILE_00533,032023111869598,40.8107653,-74.0692245,Verizon,141.6,23.11,48.3,52,32,544.1,False,Exterior,DAS-E1,362.3,45.6
TILE_00534,032023190586544,40.8107653,-74.0692245,AT&T,27.77,2.0,60.0,29,16,544.1,False,Exterior,DAS-E1,362.3,45.6
TILE_00535,032023170592585,40.8107653,-74.0692245,T-Mobile,113.64,16.65,35.8,51,26,544.1,False,Exterior,DAS-E1,362.3,45.6
TILE_00536,032023134845338,40.8107653,-74.0689796,AT&T,113.33,12.65,64.3,36,30,560.5,False,Exterior,DAS-E1,370.4,43.9
TILE_00537,032023120398243,40.8107653,-74.0687347,Verizon,53.67,2.7,50.7,25,12,577.2,False,Exterior,DAS-E1,379.4,42.3
TILE_00538,032023125572503,40.8107653,-74.0687347,AT&T,10.0,17.56,64.0,12,8,577.2,False,Exterior,DAS-E1,379.4,42.3
TILE_00539,032023136492196,40.8107653,-74.0687347,T-Mobile,88.78,2.0,44.6,19,10,577.2,False,Exterior,DAS-E1,379.4,42.3
TILE_00540,032023156845453,40.8107653,-74.0684898,Verizon,106.74,26.02,60.7,34,10,594.2,False,Exterior,DAS-E1,389.3,40.6
TILE_00541,032023127718247,40.8107653,-74.0684898,AT&T,68.24,5.41,66.5,27,7,594.2,False,Exterior,DAS-E1,389.3,40.6
TILE_00542,032023175327217,40.8107653,-74.0684898,T-Mobile,96.35,6.2,39.4,26,13,594.2,False,Exterior,DAS-E1,389.3,40.6
TILE_00543,032023190922718,40.8109184,-74.08,Verizon,74.51,7.23,55.3,30,14,575.6,False,Exterior,DAS-W1,369.9,42.4
TILE_00544,032023175799643,40.8109184,-74.08,AT&T,18.48,2.99,66.1,32,16,575.6,False,Exterior,DAS-W1,369.9,42.4
TILE_00545,032023160556989,40.8109184,-74.08,T-Mobile,38.01,10.88,36.0,35,22,575.6,False,Exterior,DAS-W1,369.9,42.4
TILE_00546,032023181951434,40.8109184,-74.08,US Cellular,21.83,11.99,88.7,11,3,575.6,False,Exterior,DAS-W1,369.9,42.4
TILE_00547,032023180622706,40.8109184,-74.0797551,Verizon,70.44,21.08,48.8,52,31,558.5,False,Exterior,DAS-S2,354.7,44.2
TILE_00548,032023178791265,40.8109184,-74.0797551,T-Mobile,48.2,28.57,55.2,59,25,558.5,False,Exterior,DAS-S2,354.7,44.2
TILE_00549,032023145043612,40.8109184,-74.0795102,T-Mobile,241.85,36.02,30.8,7,4,541.6,False,Exterior,DAS-S2,335.3,45.8
TILE_00550,032023119133213,40.8109184,-74.0792653,Verizon,134.09,19.79,42.6,56,20,525.0,False,Exterior,DAS-S2,316.1,47.5
TILE_00551,032023184935181,40.8109184,-74.0792653,AT&T,101.48,13.2,50.3,30,12,525.0,False,Exterior,DAS-S2,316.1,47.5
TILE_00552,032023194703857,40.8109184,-74.0787755,Verizon,62.1,4.04,53.1,86,43,492.7,False,Exterior,DAS-S2,278.3,50.7
TILE_00553,032023135745635,40.8109184,-74.0787755,AT&T,158.18,18.15,66.7,81,32,492.7,False,Exterior,DAS-S2,278.3,50.7
TILE_00554,032023174515196,40.8109184,-74.0785306,Verizon,102.77,16.15,42.0,57,24,477.1,False,Exterior,DAS-S2,259.8,52.3
TILE_00555,032023116748527,40.8109184,-74.0785306,T-Mobile,95.78,27.37,25.2,16,15,477.1,False,Exterior,DAS-S2,259.8,52.3
TILE_00556,032023133779185,40.8109184,-74.0782857,Verizon,26.62,10.3,36.9,25,14,461.9,False,Exterior,DAS-S2,241.7,53.8
TILE_00557,032023110663671,40.8109184,-74.0780408,Verizon,17.62,26.36,52.5,39,25,447.1,False,Exterior,DAS-S2,224.0,55.3
TILE_00558,032023129823515,40.8109184,-74.0780408,AT&T,126.19,10.1,53.5,37,16,447.1,False,Exterior,DAS-S2,224.0,55.3
TILE_00559,032023113883344,40.8109184,-74.0777959,Verizon,108.72,12.03,31.1,62,17,432.8,False,Exterior,DAS-S2,206.9,56.7
TILE_00560,032023153503099,40.8109184,-74.0777959,AT&T,71.26,13.33,46.1,45,33,432.8,False,Exterior,DAS-S2,206.9,56.7
TILE_00561,032023191032558,40.8109184,-74.0777959,T-Mobile,137.98,26.36,29.2,32,31,432.8,False,Exterior,DAS-S2,206.9,56.7
TILE_00562,032023146126570,40.8109184,-74.0777959,US Cellular,48.9,2.0,63.8,16,5,432.8,False,Exterior,DAS-S2,206.9,56.7
TILE_00563,032023142584321,40.8109184,-74.077551,Verizon,82.21,10.34,46.1,32,9,419.1,False,Exterior,DAS-S2,190.4,58.1
TILE_00564,032023115216517,40.8109184,-74.077551,AT&T,58.14,20.92,54.2,20,12,419.1,False,Exterior,DAS-S2,190.4,58.1
TILE_00565,032023131620541,40.8109184,-74.0773061,Verizon,118.08,20.35,37.1,39,25,405.9,False,Exterior,DAS-S2,174.9,59.4
TILE_00566,032023178414491,40.8109184,-74.0773061,AT&T,88.09,24.54,48.4,41,17,405.9,False,Exterior,DAS-S2,174.9,59.4
TILE_00567,032023117906718,40.8109184,-74.0770612,Verizon,120.37,11.32,37.0,100,24,393.4,False,Exterior,DAS-S2,160.5,60.7
TILE_00568,032023120558108,40.8109184,-74.0770612,AT&T,64.76,9.11,47.4,42,28,393.4,False,Exterior,DAS-S2,160.5,60.7
TILE_00569,032023161482712,40.8109184,-74.0765714,AT&T,90.85,10.87,40.0,23,10,370.5,False,Exterior,DAS-S2,136.6,63.0
TILE_00570,032023170825382,40.8109184,-74.0765714,T-Mobile,144.07,22.31,27.0,14,9,370.5,False,Exterior,DAS-S2,136.6,63.0
TILE_00571,032023183213441,40.8109184,-74.0765714,US Cellular,74.33,9.69,55.1,6,1,370.5,False,Exterior,DAS-S2,136.6,63.0
TILE_00572,032023187489755,40.8109184,-74.0763265,Verizon,160.99,24.9,38.0,22,12,360.3,False,Exterior,DAS-S2,128.1,64.0
TILE_00573,032023110677209,40.8109184,-74.0763265,AT&T,87.94,9.96,51.0,42,11,360.3,False,Exterior,DAS-S2,128.1,64.0
TILE_00574,032023126365149,40.8109184,-74.0760816,Verizon,180.96,29.98,25.0,10,3,351.0,False,Exterior,DAS-S2,122.4,64.9
TILE_00575,032023142438377,40.8109184,-74.0760816,AT&T,121.94,7.3,47.3,10,4,351.0,False,Exterior,DAS-S2,122.4,64.9
TILE_00576,032023185752298,40.8109184,-74.0760816,T-Mobile,184.01,14.53,30.7,6,4,351.0,False,Exterior,DAS-S2,122.4,64.9
TILE_00577,032023179367389,40.8109184,-74.0758367,Verizon,121.25,17.58,30.8,76,23,342.7,False,Exterior,DAS-S2,120.2,65.7
TILE_00578,032023114445506,40.8109184,-74.0758367,T-Mobile,120.11,19.24,26.7,32,13,342.7,False,Exterior,DAS-S2,120.2,65.7
TILE_00579,032023150621801,40.8109184,-74.0755918,Verizon,88.66,13.05,29.6,8,3,335.5,False,Exterior,DAS-S2,121.4,66.5
TILE_00580,032023167345324,40.8109184,-74.0755918,AT&T,79.96,3.61,46.0,7,2,335.5,False,Exterior,DAS-S2,121.4,66.5
TILE_00581,032023153466495,40.8109184,-74.0753469,AT&T,157.42,13.06,40.6,30,20,329.4,False,Exterior,DAS-S2,126.1,67.1
TILE_00582,032023134884745,40.8109184,-74.0753469,T-Mobile,184.13,39.48,24.9,38,24,329.4,False,Exterior,DAS-S2,126.1,67.1
TILE_00583,032023125807831,40.8109184,-74.075102,Verizon,74.71,20.72,35.8,28,8,324.5,False,Exterior,DAS-S2,133.8,67.5
TILE_00584,032023143726852,40.8109184,-74.075102,AT&T,126.82,6.75,42.4,21,9,324.5,False,Exterior,DAS-S2,133.8,67.5
TILE_00585,032023184931142,40.8109184,-74.075102,US Cellular,42.54,12.08,51.7,4,1,324.5,False,Exterior,DAS-S2,133.8,67.5
TILE_00586,032023128949836,40.8109184,-74.0748571,Verizon,163.17,22.18,33.6,41,20,320.9,False,Exterior,DAS-S1,132.3,67.9
TILE_00587,032023162876306,40.8109184,-74.0746122,AT&T,130.67,17.07,42.3,80,28,318.6,False,Exterior,DAS-S1,125.1,68.1
TILE_00588,032023118676172,40.8109184,-74.0746122,T-Mobile,59.38,28.74,32.3,80,28,318.6,False,Exterior,DAS-S1,125.1,68.1
TILE_00589,032023125846254,40.8109184,-74.0743673,Verizon,140.37,21.41,29.3,56,22,317.6,False,Exterior,DAS-S1,120.9,68.2
TILE_00590,032023121699814,40.8109184,-74.0741224,Verizon,141.92,11.62,23.8,49,41,318.0,False,Exterior,DAS-S1,120.3,68.2
TILE_00591,032023190978130,40.8109184,-74.0741224,T-Mobile,146.02,40.63,17.9,47,25,318.0,False,Exterior,DAS-S1,120.3,68.2
TILE_00592,032023110750974,40.8109184,-74.0741224,US Cellular,108.88,11.56,41.2,15,4,318.0,False,Exterior,DAS-S1,120.3,68.2
TILE_00593,032023126739545,40.8109184,-74.0738776,Verizon,92.79,22.43,37.6,25,15,319.7,False,Exterior,DAS-S1,123.2,68.0
TILE_00594,032023182409305,40.8109184,-74.0738776,AT&T,97.93,10.08,47.8,43,18,319.7,False,Exterior,DAS-S1,123.2,68.0
TILE_00595,032023148352421,40.8109184,-74.0738776,T-Mobile,193.87,19.21,24.6,31,19,319.7,False,Exterior,DAS-S1,123.2,68.0
TILE_00596,032023195922205,40.8109184,-74.0736327,Verizon,122.19,16.99,30.6,43,19,322.7,False,Exterior,DAS-S1,129.3,67.7
TILE_00597,032023134350848,40.8109184,-74.0736327,AT&T,155.96,18.87,37.3,37,12,322.7,False,Exterior,DAS-S1,129.3,67.7
TILE_00598,032023156088996,40.8109184,-74.0736327,T-Mobile,83.51,16.02,31.5,14,10,322.7,False,Exterior,DAS-S1,129.3,67.7
TILE_00599,032023168450767,40.8109184,-74.0733878,Verizon,161.92,3.9,42.3,35,26,327.0,False,Exterior,DAS-S1,138.3,67.3
TILE_00600,032023125520247,40.8109184,-74.0733878,AT&T,92.71,17.42,47.7,30,10,327.0,False,Exterior,DAS-S1,138.3,67.3
TILE_00601,032023133455787,40.8109184,-74.0731429,Verizon,96.53,16.97,36.1,20,6,332.5,False,Exterior,DAS-S1,149.6,66.8
TILE_00602,032023180564613,40.8109184,-74.0731429,US Cellular,27.63,7.7,52.4,1,1,332.5,False,Exterior,DAS-S1,149.6,66.8
TILE_00603,032023199936648,40.8109184,-74.072898,Verizon,155.76,18.18,33.5,15,6,339.2,False,Exterior,DAS-S1,162.8,66.1
TILE_00604,032023124187516,40.8109184,-74.072898,AT&T,116.6,17.11,42.0,10,4,339.2,False,Exterior,DAS-S1,162.8,66.1
TILE_00605,032023134317360,40.8109184,-74.072898,T-Mobile,84.46,4.49,25.2,11,5,339.2,False,Exterior,DAS-S1,162.8,66.1
TILE_00606,032023173099326,40.8109184,-74.0726531,Verizon,136.61,6.87,28.1,34,14,347.0,False,Exterior,DAS-S1,177.4,65.3
TILE_00607,032023121141020,40.8109184,-74.0726531,AT&T,122.29,18.99,48.7,20,12,347.0,False,Exterior,DAS-S1,177.4,65.3
TILE_00608,032023193474464,40.8109184,-74.0724082,AT&T,38.69,11.82,47.3,7,8,355.8,False,Exterior,DAS-S1,193.1,64.4
TILE_00609,032023178804147,40.8109184,-74.0721633,Verizon,67.9,7.52,33.6,43,20,365.6,False,Exterior,DAS-S1,209.7,63.4
TILE_00610,032023121124996,40.8109184,-74.0721633,AT&T,66.59,19.62,44.7,62,19,365.6,False,Exterior,DAS-S1,209.7,63.4
TILE_00611,032023115330071,40.8109184,-74.0721633,T-Mobile,103.18,13.31,29.5,54,16,365.6,False,Exterior,DAS-S1,209.7,63.4
TILE_00612,032023177552446,40.8109184,-74.0719184,Verizon,122.0,10.38,34.4,44,30,376.3,False,Exterior,DAS-S1,226.9,62.4
TILE_00613,032023171210916,40.8109184,-74.0719184,T-Mobile,108.6,8.18,30.0,46,25,376.3,False,Exterior,DAS-S1,226.9,62.4
TILE_00614,032023111537593,40.8109184,-74.0719184,US Cellular,66.25,10.94,60.1,10,3,376.3,False,Exterior,DAS-S1,226.9,62.4
TILE_00615,032023187838078,40.8109184,-74.0716735,Verizon,115.01,18.29,36.2,30,21,387.7,False,Exterior,DAS-S1,244.7,61.2
TILE_00616,032023186258412,40.8109184,-74.0716735,T-Mobile,41.75,17.71,33.0,42,14,387.7,False,Exterior,DAS-S1,244.7,61.2
TILE_00617,032023111084666,40.8109184,-74.0714286,Verizon,90.36,12.54,35.1,45,36,399.9,False,Exterior,DAS-S1,262.9,60.0
TILE_00618,032023171247367,40.8109184,-74.0714286,AT&T,173.23,8.14,38.8,53,31,399.9,False,Exterior,DAS-S1,262.9,60.0
TILE_00619,032023124804055,40.8109184,-74.0711837,AT&T,33.2,13.09,44.1,17,7,412.8,False,Exterior,DAS-S1,281.4,58.7
TILE_00620,032023130469949,40.8109184,-74.0711837,T-Mobile,103.05,26.03,34.1,31,8,412.8,False,Exterior,DAS-S1,281.4,58.7
TILE_00621,032023190635031,40.8109184,-74.0709388,AT&T,61.48,23.47,56.7,69,21,426.3,False,Exterior,DAS-S1,300.2,57.4
TILE_00622,032023179910869,40.8109184,-74.0706939,AT&T,141.46,14.0,51.1,65,36,440.4,False,Exterior,DAS-S1,319.3,56.0
TILE_00623,032023182624088,40.8109184,-74.0706939,T-Mobile,122.53,29.39,23.3,68,23,440.4,False,Exterior,DAS-S1,319.3,56.0
TILE_00624,032023198672452,40.8109184,-74.070449,Verizon,148.32,20.6,42.3,23,21,454.9,False,Exterior,DAS-E1,321.4,54.5
TILE_00625,032023119250436,40.8109184,-74.070449,T-Mobile,156.44,23.06,29.5,38,15,454.9,False,Exterior,DAS-E1,321.4,54.5
TILE_00626,032023127509288,40.8109184,-74.0702041,T-Mobile,127.15,25.18,30.1,55,23,470.0,False,Exterior,DAS-E1,323.9,53.0
TILE_00627,032023112568825,40.8109184,-74.0702041,US Cellular,47.02,7.38,62.7,9,3,470.0,False,Exterior,DAS-E1,323.9,53.0
TILE_00628,032023113120390,40.8109184,-74.0697143,Verizon,149.76,15.55,42.8,49,39,501.2,False,Exterior,DAS-E1,332.9,49.9
TILE_00629,032023188337705,40.8109184,-74.0697143,AT&T,122.84,8.02,39.5,39,33,501.2,False,Exterior,DAS-E1,332.9,49.9
TILE_00630,032023127533295,40.8109184,-74.0697143,T-Mobile,17.08,16.27,41.2,66,30,501.2,False,Exterior,DAS-E1,332.9,49.9
TILE_00631,032023159033525,40.8109184,-74.0692245,Verizon,121.3,6.84,48.0,30,10,533.8,False,Exterior,DAS-E1,346.5,46.6
TILE_00632,032023125918872,40.8109184,-74.0692245,AT&T,53.3,3.51,65.8,22,11,533.8,False,Exterior,DAS-E1,346.5,46.6
TILE_00633,032023199154387,40.8109184,-74.0692245,T-Mobile,157.07,8.02,39.7,21,11,533.8,False,Exterior,DAS-E1,346.5,46.6
TILE_00634,032023130730123,40.8109184,-74.0689796,Verizon,32.85,13.88,52.2,24,11,550.6,False,Exterior,DAS-E1,355.0,44.9
TILE_00635,032023143905871,40.8109184,-74.0689796,AT&T,86.46,17.55,64.2,10,8,550.6,False,Exterior,DAS-E1,355.0,44.9
TILE_00636,032023155099394,40.8109184,-74.0687347,Verizon,87.53,17.46,49.9,68,32,567.6,False,Exterior,DAS-E1,364.4,43.2
TILE_00637,032023177391892,40.8109184,-74.0687347,AT&T,35.39,2.0,66.4,36,22,567.6,False,Exterior,DAS-E1,364.4,43.2
TILE_00638,032023177648818,40.8109184,-74.0687347,T-Mobile,10.0,19.43,41.0,63,25,567.6,False,Exterior,DAS-E1,364.4,43.2
TILE_00639,032023126309983,40.8109184,-74.0684898,Verizon,68.57,24.96,43.7,28,6,584.8,False,Exterior,DAS-E1,374.7,41.5
TILE_00640,032023134714114,40.8110714,-74.08,Verizon,13.27,2.0,47.9,22,9,566.4,False,Exterior,DAS-W1,355.3,43.4
TILE_00641,032023138224109,40.8110714,-74.08,T-Mobile,78.98,30.91,32.8,23,7,566.4,False,Exterior,DAS-W1,355.3,43.4
TILE_00642,032023167866621,40.8110714,-74.0797551,Verizon,10.0,14.28,54.7,27,13,549.0,False,Exterior,DAS-W1,345.0,45.1
TILE_00643,032023154100470,40.8110714,-74.0797551,AT&T,64.81,12.78,56.7,20,21,549.0,False,Exterior,DAS-W1,345.0,45.1
TILE_00644,032023131876924,40.8110714,-74.0795102,Verizon,72.86,8.57,59.3,23,18,531.8,False,Exterior,DAS-S2,329.6,46.8
TILE_00645,032023117102916,40.8110714,-74.0795102,AT&T,38.53,2.0,58.7,21,18,531.8,False,Exterior,DAS-S2,329.6,46.8
TILE_00646,032023175452733,40.8110714,-74.0795102,T-Mobile,57.77,10.67,31.0,19,14,531.8,False,Exterior,DAS-S2,329.6,46.8
TILE_00647,032023131396708,40.8110714,-74.0792653,Verizon,85.28,2.0,58.1,86,42,514.9,False,Exterior,DAS-S2,310.0,48.5
TILE_00648,032023179632705,40.8110714,-74.0792653,T-Mobile,98.57,29.69,29.8,80,25,514.9,False,Exterior,DAS-S2,310.0,48.5
TILE_00649,032023165111151,40.8110714,-74.0790204,AT&T,44.19,9.36,49.9,77,32,498.3,False,Exterior,DAS-S2,290.6,50.2
TILE_00650,032023117121336,40.8110714,-74.0790204,T-Mobile,111.63,2.46,45.8,41,38,498.3,False,Exterior,DAS-S2,290.6,50.2
TILE_00651,032023198917273,40.8110714,-74.0787755,AT&T,72.5,2.0,61.7,56,30,482.0,False,Exterior,DAS-S2,271.4,51.8
TILE_00652,032023165023026,40.8110714,-74.0787755,T-Mobile,32.35,11.84,37.6,29,25,482.0,False,Exterior,DAS-S2,271.4,51.8
TILE_00653,032023188243108,40.8110714,-74.0785306,Verizon,72.64,8.5,33.0,7,5,466.0,False,Exterior,DAS-S2,252.4,53.4
TILE_00654,032023183823399,40.8110714,-74.0785306,AT&T,100.07,25.99,56.4,6,2,466.0,False,Exterior,DAS-S2,252.4,53.4
TILE_00655,032023172421082,40.8110714,-74.0782857,Verizon,70.75,3.09,34.6,35,17,450.4,False,Exterior,DAS-S2,233.7,55.0
TILE_00656,032023176132821,40.8110714,-74.0782857,AT&T,89.46,5.41,51.2,41,24,450.4,False,Exterior,DAS-S2,233.7,55.0
TILE_00657,032023190364914,40.8110714,-74.0782857,T-Mobile,46.8,22.4,35.1,24,12,450.4,False,Exterior,DAS-S2,233.7,55.0
TILE_00658,032023130683751,40.8110714,-74.0780408,Verizon,43.1,14.58,39.5,11,5,435.2,False,Exterior,DAS-S2,215.4,56.5
TILE_00659,032023144739300,40.8110714,-74.0780408,AT&T,104.73,9.83,56.5,4,3,435.2,False,Exterior,DAS-S2,215.4,56.5
TILE_00660,032023193338213,40.8110714,-74.0780408,T-Mobile,48.29,30.4,35.9,7,4,435.2,False,Exterior,DAS-S2,215.4,56.5
TILE_00661,032023144166025,40.8110714,-74.0777959,AT&T,170.19,14.3,53.0,8,2,420.5,False,Exterior,DAS-S2,197.5,57.9
TILE_00662,032023154570268,40.8110714,-74.077551,AT&T,65.97,3.03,51.9,26,14,406.3,False,Exterior,DAS-S2,180.2,59.4
TILE_00663,032023182922421,40.8110714,-74.077551,T-Mobile,130.11,22.29,21.0,21,14,406.3,False,Exterior,DAS-S2,180.2,59.4
TILE_00664,032023193307297,40.8110714,-74.077551,US Cellular,73.15,10.76,66.6,6,2,406.3,False,Exterior,DAS-S2,180.2,59.4
TILE_00665,032023138042383,40.8110714,-74.0773061,Verizon,92.06,8.58,32.1,78,19,392.7,False,Exterior,DAS-S2,163.7,60.7
TILE_00666,032023149339992,40.8110714,-74.0773061,AT&T,78.42,20.78,44.0,44,29,392.7,False,Exterior,DAS-S2,163.7,60.7
TILE_00667,032023157498469,40.8110714,-74.0770612,AT&T,10.0,13.07,51.5,11,3,379.8,False,Exterior,DAS-S2,148.2,62.0
TILE_00668,032023140051307,40.8110714,-74.0770612,T-Mobile,116.9,13.23,38.4,9,5,379.8,False,Exterior,DAS-S2,148.2,62.0
TILE_00669,032023122145574,40.8110714,-74.0768163,Verizon,185.45,7.69,28.0,74,32,367.5,False,Exterior,DAS-S2,134.1,63.2
TILE_00670,032023142567497,40.8110714,-74.0768163,T-Mobile,186.62,12.26,25.0,32,13,367.5,False,Exterior,DAS-S2,134.1,63.2
TILE_00671,032023150069694,40.8110714,-74.0765714,Verizon,75.98,26.69,34.5,54,24,356.0,False,Exterior,DAS-S2,121.9,64.4
TILE_00672,032023193355645,40.8110714,-74.0765714,AT&T,90.04,7.7,48.7,47,10,356.0,False,Exterior,DAS-S2,121.9,64.4
TILE_00673,032023188381625,40.8110714,-74.0763265,Verizon,153.43,24.29,27.7,58,32,345.4,False,Exterior,DAS-S2,112.3,65.5
TILE_00674,032023145742488,40.8110714,-74.0763265,T-Mobile,55.09,25.89,30.6,44,26,345.4,False,Exterior,DAS-S2,112.3,65.5
TILE_00675,032023160745872,40.8110714,-74.0763265,US Cellular,80.89,18.36,52.3,11,7,345.4,False,Exterior,DAS-S2,112.3,65.5
TILE_00676,032023168413442,40.8110714,-74.0760816,Verizon,175.03,2.0,26.6,49,17,335.7,False,Exterior,DAS-S2,105.8,66.4
TILE_00677,032023127607282,40.8110714,-74.0758367,T-Mobile,153.62,26.68,30.7,64,38,327.0,False,Exterior,DAS-S2,103.2,67.3
TILE_00678,032023149179751,40.8110714,-74.0755918,AT&T,169.02,13.9,41.4,24,21,319.4,False,Exterior,DAS-S2,104.6,68.1
TILE_00679,032023118276279,40.8110714,-74.075102,AT&T,92.86,12.61,46.7,30,13,307.9,False,Exterior,DAS-S2,118.7,69.2
TILE_00680,032023147528527,40.8110714,-74.075102,T-Mobile,129.83,28.56,25.2,27,11,307.9,False,Exterior,DAS-S2,118.7,69.2
TILE_00681,032023182001801,40.8110714,-74.0748571,Verizon,132.64,25.02,34.0,17,16,304.1,False,Exterior,DAS-S1,117.1,69.6
TILE_00682,032023113833995,40.8110714,-74.0748571,AT&T,172.26,14.59,45.0,11,6,304.1,False,Exterior,DAS-S1,117.1,69.6
TILE_00683,032023144919758,40.8110714,-74.0748571,T-Mobile,61.62,27.9,28.2,12,13,304.1,False,Exterior,DAS-S1,117.1,69.6
TILE_00684,032023183150293,40.8110714,-74.0748571,US Cellular,52.31,17.2,52.2,3,1,304.1,False,Exterior,DAS-S1,117.1,69.6
TILE_00685,032023174496360,40.8110714,-74.0746122,Verizon,101.64,25.08,40.9,53,21,301.6,False,Exterior,DAS-S1,108.8,69.8
TILE_00686,032023114048162,40.8110714,-74.0746122,AT&T,67.99,18.96,44.8,34,14,301.6,False,Exterior,DAS-S1,108.8,69.8
TILE_00687,032023194770884,40.8110714,-74.0746122,T-Mobile,79.32,24.63,21.0,48,20,301.6,False,Exterior,DAS-S1,108.8,69.8
TILE_00688,032023174113844,40.8110714,-74.0743673,Verizon,173.76,29.58,33.8,74,16,300.6,False,Exterior,DAS-S1,104.1,69.9
TILE_00689,032023136837197,40.8110714,-74.0743673,AT&T,167.96,9.01,46.4,35,13,300.6,False,Exterior,DAS-S1,104.1,69.9
TILE_00690,032023167384628,40.8110714,-74.0743673,T-Mobile,42.28,24.99,27.9,51,22,300.6,False,Exterior,DAS-S1,104.1,69.9
TILE_00691,032023112870917,40.8110714,-74.0743673,US Cellular,96.37,8.6,50.1,15,3,300.6,False,Exterior,DAS-S1,104.1,69.9
TILE_00692,032023194208555,40.8110714,-74.0741224,Verizon,155.12,6.7,37.0,21,5,301.0,False,Exterior,DAS-S1,103.3,69.9
TILE_00693,032023143676693,40.8110714,-74.0741224,AT&T,123.44,23.4,40.1,14,7,301.0,False,Exterior,DAS-S1,103.3,69.9
TILE_00694,032023181975456,40.8110714,-74.0741224,T-Mobile,183.2,35.14,27.4,6,4,301.0,False,Exterior,DAS-S1,103.3,69.9
TILE_00695,032023192690251,40.8110714,-74.0741224,US Cellular,53.54,8.99,67.0,1,2,301.0,False,Exterior,DAS-S1,103.3,69.9
TILE_00696,032023150523919,40.8110714,-74.0738776,Verizon,113.87,23.71,38.3,29,30,302.8,False,Exterior,DAS-S1,106.6,69.7
TILE_00697,032023185418623,40.8110714,-74.0738776,AT&T,142.35,16.87,39.2,32,15,302.8,False,Exterior,DAS-S1,106.6,69.7
TILE_00698,032023170842581,40.8110714,-74.0736327,Verizon,150.26,8.0,34.6,16,7,306.0,False,Exterior,DAS-S1,113.7,69.4
TILE_00699,032023199443544,40.8110714,-74.0736327,AT&T,57.4,20.32,40.1,13,3,306.0,False,Exterior,DAS-S1,113.7,69.4
TILE_00700,032023190946821,40.8110714,-74.0733878,Verizon,100.82,3.4,31.0,25,10,310.5,False,Exterior,DAS-S1,123.8,69.0
TILE_00701,032023173462723,40.8110714,-74.0733878,AT&T,115.61,2.0,40.4,27,15,310.5,False,Exterior,DAS-S1,123.8,69.0
TILE_00702,032023175587733,40.8110714,-74.0731429,AT&T,120.35,9.86,43.1,34,11,316.3,False,Exterior,DAS-S1,136.3,68.4
TILE_00703,032023147748277,40.8110714,-74.072898,Verizon,141.35,18.5,30.3,16,9,323.3,False,Exterior,DAS-S1,150.7,67.7
TILE_00704,032023187357162,40.8110714,-74.072898,AT&T,79.22,9.81,41.0,21,9,323.3,False,Exterior,DAS-S1,150.7,67.7
TILE_00705,032023158041696,40.8110714,-74.072898,T-Mobile,139.5,17.12,29.2,17,7,323.3,False,Exterior,DAS-S1,150.7,67.7
TILE_00706,032023157889718,40.8110714,-74.0726531,Verizon,36.28,3.48,30.6,13,6,331.5,False,Exterior,DAS-S1,166.3,66.9
TILE_00707,032023191014665,40.8110714,-74.0726531,AT&T,72.05,17.88,25.5,6,5,331.5,False,Exterior,DAS-S1,166.3,66.9
TILE_00708,032023194696649,40.8110714,-74.0726531,T-Mobile,116.04,23.19,33.0,7,5,331.5,False,Exterior,DAS-S1,166.3,66.9
TILE_00709,032023175005600,40.8110714,-74.0724082,Verizon,127.22,20.53,34.5,37,12,340.7,False,Exterior,DAS-S1,183.0,65.9
TILE_00710,032023149728060,40.8110714,-74.0724082,AT&T,127.77,26.89,50.3,34,17,340.7,False,Exterior,DAS-S1,183.0,65.9
TILE_00711,032023132664270,40.8110714,-74.0724082,T-Mobile,249.71,28.76,26.7,20,13,340.7,False,Exterior,DAS-S1,183.0,65.9
TILE_00712,032023123628741,40.8110714,-74.0719184,Verizon,176.98,5.37,29.8,17,8,362.0,False,Exterior,DAS-S1,218.4,63.8
TILE_00713,032023111166382,40.8110714,-74.0716735,Verizon,137.23,4.99,41.3,35,33,373.9,False,Exterior,DAS-S1,236.8,62.6
TILE_00714,032023130572818,40.8110714,-74.0714286,T-Mobile,108.04,34.79,19.0,13,3,386.6,False,Exterior,DAS-S1,255.6,61.3
TILE_00715,032023152578749,40.8110714,-74.0711837,Verizon,178.15,15.92,35.2,38,20,399.9,False,Exterior,DAS-S1,274.6,60.0
TILE_00716,032023167313922,40.8110714,-74.0711837,T-Mobile,172.61,5.65,23.5,54,25,399.9,False,Exterior,DAS-S1,274.6,60.0
TILE_00717,032023112023946,40.8110714,-74.0709388,AT&T,112.68,12.61,49.1,5,3,413.8,False,Exterior,DAS-S1,293.9,58.6
TILE_00718,032023160072797,40.8110714,-74.0706939,Verizon,74.27,2.0,38.0,62,16,428.3,False,Exterior,DAS-E1,303.1,57.2
TILE_00719,032023191598335,40.8110714,-74.0706939,T-Mobile,14.57,10.62,34.4,32,17,428.3,False,Exterior,DAS-E1,303.1,57.2
TILE_00720,032023195780983,40.8110714,-74.070449,Verizon,80.64,17.06,48.1,31,24,443.2,False,Exterior,DAS-E1,304.5,55.7
TILE_00721,032023133459392,40.8110714,-74.070449,AT&T,56.92,17.79,43.9,28,28,443.2,False,Exterior,DAS-E1,304.5,55.7
TILE_00722,032023119690114,40.8110714,-74.070449,T-Mobile,101.68,9.45,31.6,57,25,443.2,False,Exterior,DAS-E1,304.5,55.7
TILE_00723,032023141600186,40.8110714,-74.0702041,Verizon,54.29,18.02,36.8,74,41,458.6,False,Exterior,DAS-E1,307.2,54.1
TILE_00724,032023186508043,40.8110714,-74.0702041,T-Mobile,115.66,20.57,33.7,31,19,458.6,False,Exterior,DAS-E1,307.2,54.1
TILE_00725,032023197978031,40.8110714,-74.0699592,AT&T,22.36,19.02,54.0,31,9,474.4,False,Exterior,DAS-E1,311.2,52.6
TILE_00726,032023149587421,40.8110714,-74.0699592,T-Mobile,135.08,30.62,32.4,21,11,474.4,False,Exterior,DAS-E1,311.2,52.6
TILE_00727,032023166046338,40.8110714,-74.0697143,Verizon,95.06,10.5,46.6,20,20,490.6,False,Exterior,DAS-E1,316.6,50.9
TILE_00728,032023128568924,40.8110714,-74.0697143,AT&T,59.34,14.83,51.9,23,13,490.6,False,Exterior,DAS-E1,316.6,50.9
TILE_00729,032023146922783,40.8110714,-74.0697143,T-Mobile,137.22,13.12,38.4,21,15,490.6,False,Exterior,DAS-E1,316.6,50.9
TILE_00730,032023120818878,40.8110714,-74.0694694,US Cellular,60.3,7.8,72.1,13,5,507.1,False,Exterior,DAS-E1,323.1,49.3
TILE_00731,032023156142106,40.8110714,-74.0692245,Verizon,134.96,8.44,45.7,28,28,523.9,False,Exterior,DAS-E1,330.9,47.6
TILE_00732,032023171446651,40.8110714,-74.0692245,T-Mobile,61.25,16.45,38.7,39,26,523.9,False,Exterior,DAS-E1,330.9,47.6
TILE_00733,032023189796152,40.8110714,-74.0689796,Verizon,93.71,20.99,49.2,4,5,540.9,False,Exterior,DAS-E1,339.7,45.9
TILE_00734,032023167980777,40.8110714,-74.0689796,AT&T,10.0,11.59,66.8,9,3,540.9,False,Exterior,DAS-E1,339.7,45.9
TILE_00735,032023115142775,40.8110714,-74.0689796,T-Mobile,122.54,25.43,32.4,5,3,540.9,False,Exterior,DAS-E1,339.7,45.9
TILE_00736,032023143547428,40.8110714,-74.0687347,AT&T,32.89,16.58,62.0,65,16,558.2,False,Exterior,DAS-E1,349.5,44.2
TILE_00737,032023145442833,40.8110714,-74.0687347,T-Mobile,54.79,5.57,55.0,61,28,558.2,False,Exterior,DAS-E1,349.5,44.2
TILE_00738,032023154632648,40.8110714,-74.0687347,US Cellular,34.38,2.23,82.8,10,4,558.2,False,Exterior,DAS-E1,349.5,44.2
TILE_00739,032023170076559,40.8110714,-74.0684898,Verizon,92.52,13.47,42.9,37,18,575.8,False,Exterior,DAS-E1,360.3,42.4
TILE_00740,032023190341594,40.8110714,-74.0684898,AT&T,35.19,19.81,69.1,63,33,575.8,False,Exterior,DAS-E1,360.3,42.4
TILE_00741,032023142621354,40.8110714,-74.0684898,T-Mobile,10.0,3.94,43.7,62,23,575.8,False,Exterior,DAS-E1,360.3,42.4
TILE_00742,032023188019008,40.8112245,-74.08,Verizon,82.49,16.63,49.2,38,15,557.6,False,Exterior,DAS-W1,341.0,44.2
TILE_00743,032023178170722,40.8112245,-74.08,AT&T,46.84,3.19,60.7,34,10,557.6,False,Exterior,DAS-W1,341.0,44.2
TILE_00744,032023148524110,40.8112245,-74.08,US Cellular,76.03,11.21,81.0,5,4,557.6,False,Exterior,DAS-W1,341.0,44.2
TILE_00745,032023137400314,40.8112245,-74.0797551,Verizon,10.0,12.32,46.2,69,31,539.9,False,Exterior,DAS-W1,330.2,46.0
TILE_00746,032023145575370,40.8112245,-74.0797551,AT&T,51.98,7.77,61.8,81,29,539.9,False,Exterior,DAS-W1,330.2,46.0
TILE_00747,032023154058062,40.8112245,-74.0797551,T-Mobile,46.17,14.09,46.6,40,23,539.9,False,Exterior,DAS-W1,330.2,46.0
TILE_00748,032023165310163,40.8112245,-74.0795102,T-Mobile,77.95,11.9,35.5,79,32,522.4,False,Exterior,DAS-W1,320.3,47.8
TILE_00749,032023145698270,40.8112245,-74.0795102,US Cellular,62.74,3.01,75.9,14,6,522.4,False,Exterior,DAS-W1,320.3,47.8
TILE_00750,032023111774685,40.8112245,-74.0792653,Verizon,76.89,10.55,47.9,33,15,505.2,False,Exterior,DAS-S2,304.8,49.5
TILE_00751,032023130141661,40.8112245,-74.0792653,AT&T,123.37,9.83,57.6,15,17,505.2,False,Exterior,DAS-S2,304.8,49.5
TILE_00752,032023110581977,40.8112245,-74.0792653,T-Mobile,33.47,14.32,41.1,16,8,505.2,False,Exterior,DAS-S2,304.8,49.5
TILE_00753,032023173838746,40.8112245,-74.0790204,Verizon,123.56,11.46,45.3,42,29,488.2,False,Exterior,DAS-S2,285.0,51.2
TILE_00754,032023151307324,40.8112245,-74.0790204,AT&T,119.68,12.59,58.8,50,19,488.2,False,Exterior,DAS-S2,285.0,51.2
TILE_00755,032023190742942,40.8112245,-74.0790204,T-Mobile,89.47,27.93,37.2,54,23,488.2,False,Exterior,DAS-S2,285.0,51.2
TILE_00756,032023176904032,40.8112245,-74.0787755,Verizon,92.82,14.21,48.6,35,12,471.6,False,Exterior,DAS-S2,265.4,52.8
TILE_00757,032023150557072,40.8112245,-74.0787755,AT&T,59.06,16.14,58.1,31,8,471.6,False,Exterior,DAS-S2,265.4,52.8
TILE_00758,032023190595408,40.8112245,-74.0787755,T-Mobile,91.8,36.05,41.1,27,8,471.6,False,Exterior,DAS-S2,265.4,52.8
TILE_00759,032023121903423,40.8112245,-74.0785306,Verizon,66.55,9.35,40.1,31,16,455.2,False,Exterior,DAS-S2,246.0,54.5
TILE_00760,032023172379184,40.8112245,-74.0782857,Verizon,89.73,17.69,41.7,42,21,439.2,False,Exterior,DAS-S2,226.7,56.1
TILE_00761,032023170257922,40.8112245,-74.0782857,AT&T,85.47,19.93,51.7,27,21,439.2,False,Exterior,DAS-S2,226.7,56.1
TILE_00762,032023144504502,40.8112245,-74.0782857,T-Mobile,194.8,18.51,37.1,46,16,439.2,False,Exterior,DAS-S2,226.7,56.1
TILE_00763,032023178445684,40.8112245,-74.0780408,AT&T,181.93,7.66,50.9,11,5,423.7,False,Exterior,DAS-S2,207.8,57.6
TILE_00764,032023125689905,40.8112245,-74.0777959,Verizon,128.42,6.19,38.5,47,15,408.6,False,Exterior,DAS-S2,189.1,59.1
TILE_00765,032023168277004,40.8112245,-74.0777959,AT&T,138.73,7.21,47.1,62,13,408.6,False,Exterior,DAS-S2,189.1,59.1
TILE_00766,032023180004299,40.8112245,-74.077551,AT&T,113.67,11.09,40.6,19,10,393.9,False,Exterior,DAS-S2,171.0,60.6
TILE_00767,032023132273729,40.8112245,-74.077551,T-Mobile,111.96,12.13,19.5,20,12,393.9,False,Exterior,DAS-S2,171.0,60.6
TILE_00768,032023146343021,40.8112245,-74.0773061,Verizon,92.64,10.4,28.4,32,9,379.9,False,Exterior,DAS-S2,153.5,62.0
TILE_00769,032023139082899,40.8112245,-74.0773061,AT&T,123.96,13.35,52.7,17,8,379.9,False,Exterior,DAS-S2,153.5,62.0
TILE_00770,032023119741320,40.8112245,-74.0770612,Verizon,137.81,25.34,36.2,67,31,366.5,False,Exterior,DAS-S2,136.9,63.4
TILE_00771,032023123802955,40.8112245,-74.0770612,AT&T,87.32,6.92,43.4,54,23,366.5,False,Exterior,DAS-S2,136.9,63.4
TILE_00772,032023158651449,40.8112245,-74.0770612,US Cellular,61.43,13.2,57.7,7,3,366.5,False,Exterior,DAS-S2,136.9,63.4
TILE_00773,032023162985124,40.8112245,-74.0768163,T-Mobile,178.25,25.26,30.7,17,6,353.7,False,Exterior,DAS-S2,121.5,64.6
TILE_00774,032023178166815,40.8112245,-74.0765714,Verizon,114.62,15.5,30.5,22,19,341.8,False,Exterior,DAS-S2,108.0,65.8
TILE_00775,032023179496747,40.8112245,-74.0765714,T-Mobile,129.73,32.2,21.0,36,15,341.8,False,Exterior,DAS-S2,108.0,65.8
TILE_00776,032023119178602,40.8112245,-74.0763265,Verizon,185.28,13.24,28.5,71,21,330.7,False,Exterior,DAS-S2,96.9,66.9
TILE_00777,032023126836103,40.8112245,-74.0763265,AT&T,67.67,11.99,50.2,61,25,330.7,False,Exterior,DAS-S2,96.9,66.9
TILE_00778,032023191800856,40.8112245,-74.0760816,Verizon,149.19,8.57,28.2,28,33,320.6,False,Exterior,DAS-S2,89.3,67.9
TILE_00779,032023170431563,40.8112245,-74.0760816,AT&T,95.65,14.8,45.2,43,28,320.6,False,Exterior,DAS-S2,89.3,67.9
TILE_00780,032023161947491,40.8112245,-74.0758367,Verizon,219.13,13.92,34.9,28,26,311.5,False,Exterior,DAS-S2,86.2,68.9
TILE_00781,032023167519759,40.8112245,-74.0758367,T-Mobile,149.48,35.95,30.2,28,14,311.5,False,Exterior,DAS-S2,86.2,68.9
TILE_00782,032023170041249,40.8112245,-74.0755918,T-Mobile,113.61,10.24,30.1,5,4,303.5,False,Exterior,DAS-S2,87.9,69.7
TILE_00783,032023118536338,40.8112245,-74.0753469,Verizon,83.79,17.33,35.8,7,7,296.8,False,Exterior,DAS-S2,94.2,70.3
TILE_00784,032023116848326,40.8112245,-74.0753469,T-Mobile,91.51,23.8,23.8,13,2,296.8,False,Exterior,DAS-S2,94.2,70.3
TILE_00785,032023183206817,40.8112245,-74.075102,AT&T,199.45,14.64,33.7,24,10,291.3,False,Exterior,DAS-S2,104.3,70.9
TILE_00786,032023160560039,40.8112245,-74.0746122,AT&T,102.82,10.54,49.0,22,22,284.7,False,Exterior,DAS-S1,92.9,71.5
TILE_00787,032023166988143,40.8112245,-74.0746122,T-Mobile,72.04,12.95,31.3,26,20,284.7,False,Exterior,DAS-S1,92.9,71.5
TILE_00788,032023161198865,40.8112245,-74.0743673,Verizon,136.52,20.92,38.2,92,30,283.6,False,Exterior,DAS-S1,87.3,71.6
TILE_00789,032023180238265,40.8112245,-74.0743673,AT&T,169.92,20.9,34.1,59,33,283.6,False,Exterior,DAS-S1,87.3,71.6
TILE_00790,032023193775778,40.8112245,-74.0743673,US Cellular,63.12,14.12,57.2,7,5,283.6,False,Exterior,DAS-S1,87.3,71.6
TILE_00791,032023176126694,40.8112245,-74.0741224,Verizon,91.21,10.79,35.2,68,23,284.0,False,Exterior,DAS-S1,86.4,71.6
TILE_00792,032023172536262,40.8112245,-74.0741224,AT&T,82.56,8.42,40.5,83,25,284.0,False,Exterior,DAS-S1,86.4,71.6
TILE_00793,032023198533379,40.8112245,-74.0741224,T-Mobile,144.37,22.7,18.2,46,35,284.0,False,Exterior,DAS-S1,86.4,71.6
TILE_00794,032023186052990,40.8112245,-74.0738776,Verizon,73.58,17.53,34.7,63,20,285.9,False,Exterior,DAS-S1,90.3,71.4
TILE_00795,032023165533822,40.8112245,-74.0738776,AT&T,85.75,21.76,47.0,34,27,285.9,False,Exterior,DAS-S1,90.3,71.4
TILE_00796,032023197185762,40.8112245,-74.0738776,T-Mobile,171.23,11.23,25.0,37,30,285.9,False,Exterior,DAS-S1,90.3,71.4
TILE_00797,032023199261165,40.8112245,-74.0733878,Verizon,202.54,9.27,33.7,23,15,294.1,False,Exterior,DAS-S1,110.1,70.6
TILE_00798,032023177778543,40.8112245,-74.0733878,AT&T,65.14,16.65,45.2,33,17,294.1,False,Exterior,DAS-S1,110.1,70.6
TILE_00799,032023197440763,40.8112245,-74.0731429,Verizon,100.79,10.83,29.9,39,22,300.2,False,Exterior,DAS-S1,124.0,70.0
TILE_00800,032023124844642,40.8112245,-74.0731429,AT&T,100.07,12.42,49.4,40,13,300.2,False,Exterior,DAS-S1,124.0,70.0
TILE_00801,032023182816391,40.8112245,-74.072898,Verizon,127.15,17.2,26.4,27,19,307.6,False,Exterior,DAS-S1,139.6,69.2
TILE_00802,032023147388202,40.8112245,-74.072898,AT&T,74.19,13.68,32.7,25,16,307.6,False,Exterior,DAS-S1,139.6,69.2
TILE_00803,032023191542810,40.8112245,-74.072898,T-Mobile,179.1,30.45,27.2,19,7,307.6,False,Exterior,DAS-S1,139.6,69.2
TILE_00804,032023180857399,40.8112245,-74.0726531,Verizon,145.52,9.94,32.7,37,16,316.2,False,Exterior,DAS-S1,156.4,68.4
TILE_00805,032023120488178,40.8112245,-74.0726531,AT&T,46.99,12.96,37.4,27,29,316.2,False,Exterior,DAS-S1,156.4,68.4
TILE_00806,032023124481241,40.8112245,-74.0726531,T-Mobile,187.26,31.37,27.7,57,17,316.2,False,Exterior,DAS-S1,156.4,68.4
TILE_00807,032023161515684,40.8112245,-74.0724082,Verizon,141.6,15.0,34.8,64,34,325.8,False,Exterior,DAS-S1,174.0,67.4
TILE_00808,032023168046335,40.8112245,-74.0724082,AT&T,147.36,15.48,44.3,59,29,325.8,False,Exterior,DAS-S1,174.0,67.4
TILE_00809,032023182688822,40.8112245,-74.0721633,Verizon,130.6,8.49,50.3,61,24,336.5,False,Exterior,DAS-S1,192.2,66.4
TILE_00810,032023179262763,40.8112245,-74.0721633,AT&T,121.76,14.22,44.2,37,18,336.5,False,Exterior,DAS-S1,192.2,66.4
TILE_00811,032023191752728,40.8112245,-74.0719184,Verizon,87.31,13.41,32.3,28,10,348.0,False,Exterior,DAS-S1,210.9,65.2
TILE_00812,032023124932037,40.8112245,-74.0716735,Verizon,86.38,20.21,24.3,12,3,360.4,False,Exterior,DAS-S1,229.9,64.0
TILE_00813,032023189299810,40.8112245,-74.0716735,AT&T,78.31,9.46,44.6,11,4,360.4,False,Exterior,DAS-S1,229.9,64.0
TILE_00814,032023113304606,40.8112245,-74.0716735,T-Mobile,159.62,9.65,35.8,3,4,360.4,False,Exterior,DAS-S1,229.9,64.0
TILE_00815,032023166246824,40.8112245,-74.0714286,T-Mobile,92.9,18.89,28.0,31,16,373.5,False,Exterior,DAS-S1,249.2,62.6
TILE_00816,032023195440293,40.8112245,-74.0711837,Verizon,113.44,28.13,39.9,39,23,387.3,False,Exterior,DAS-S1,268.7,61.3
TILE_00817,032023169419661,40.8112245,-74.0709388,Verizon,55.73,10.16,29.6,60,37,401.6,False,Exterior,DAS-E1,286.3,59.8
TILE_00818,032023186209153,40.8112245,-74.0709388,AT&T,112.78,13.77,51.7,56,25,401.6,False,Exterior,DAS-E1,286.3,59.8
TILE_00819,032023139605097,40.8112245,-74.0706939,Verizon,143.06,17.75,43.1,84,27,416.5,False,Exterior,DAS-E1,286.2,58.3
TILE_00820,032023149845641,40.8112245,-74.0706939,AT&T,55.89,19.33,48.3,79,17,416.5,False,Exterior,DAS-E1,286.2,58.3
TILE_00821,032023130916622,40.8112245,-74.0706939,T-Mobile,177.38,7.11,26.3,59,34,416.5,False,Exterior,DAS-E1,286.2,58.3
TILE_00822,032023190640769,40.8112245,-74.070449,Verizon,22.69,23.89,42.1,41,34,431.9,False,Exterior,DAS-E1,287.5,56.8
TILE_00823,032023161508447,40.8112245,-74.070449,AT&T,83.24,12.73,49.5,72,24,431.9,False,Exterior,DAS-E1,287.5,56.8
TILE_00824,032023131991822,40.8112245,-74.070449,T-Mobile,85.13,34.27,22.4,72,17,431.9,False,Exterior,DAS-E1,287.5,56.8
TILE_00825,032023173480862,40.8112245,-74.0702041,Verizon,22.83,31.45,39.8,48,28,447.7,False,Exterior,DAS-E1,290.4,55.2
TILE_00826,032023125190227,40.8112245,-74.0699592,AT&T,72.85,18.14,51.3,69,26,463.9,False,Exterior,DAS-E1,294.7,53.6
TILE_00827,032023188511587,40.8112245,-74.0699592,T-Mobile,120.34,21.23,27.2,40,25,463.9,False,Exterior,DAS-E1,294.7,53.6
TILE_00828,032023185749661,40.8112245,-74.0697143,T-Mobile,71.95,31.3,38.0,35,16,480.4,False,Exterior,DAS-E1,300.3,52.0
TILE_00829,032023142898855,40.8112245,-74.0694694,Verizon,101.99,17.95,46.8,17,9,497.2,False,Exterior,DAS-E1,307.3,50.3
TILE_00830,032023122988431,40.8112245,-74.0694694,AT&T,134.79,5.71,62.2,25,8,497.2,False,Exterior,DAS-E1,307.3,50.3
TILE_00831,032023186212159,40.8112245,-74.0694694,T-Mobile,100.03,4.86,38.2,9,7,497.2,False,Exterior,DAS-E1,307.3,50.3
TILE_00832,032023197214834,40.8112245,-74.0692245,AT&T,37.54,18.61,57.3,8,6,514.3,False,Exterior,DAS-E1,315.4,48.6
TILE_00833,032023178353379,40.8112245,-74.0692245,T-Mobile,122.55,14.03,34.0,11,10,514.3,False,Exterior,DAS-E1,315.4,48.6
TILE_00834,032023184136097,40.8112245,-74.0689796,Verizon,95.07,15.44,48.9,40,22,531.7,False,Exterior,DAS-E1,324.6,46.8
TILE_00835,032023164241320,40.8112245,-74.0689796,US Cellular,28.0,7.27,79.8,8,3,531.7,False,Exterior,DAS-E1,324.6,46.8
TILE_00836,032023140118199,40.8112245,-74.0687347,Verizon,10.0,2.0,51.2,37,25,549.3,False,Exterior,DAS-E1,334.9,45.1
TILE_00837,032023170803894,40.8112245,-74.0687347,T-Mobile,138.67,2.0,36.8,28,20,549.3,False,Exterior,DAS-E1,334.9,45.1
TILE_00838,032023137136822,40.8112245,-74.0684898,Verizon,67.93,2.0,43.6,17,20,567.1,False,Exterior,DAS-E1,346.1,43.3
TILE_00839,032023155448344,40.8112245,-74.0682449,Verizon,35.99,2.0,48.4,28,22,585.0,False,Exterior,DAS-E1,358.2,41.5
TILE_00840,032023166963277,40.8112245,-74.0682449,AT&T,184.62,16.86,67.3,17,20,585.0,False,Exterior,DAS-E1,358.2,41.5
TILE_00841,032023174308970,40.8112245,-74.0682449,T-Mobile,10.0,2.0,38.7,21,18,585.0,False,Exterior,DAS-E1,358.2,41.5
TILE_00842,032023113618909,40.8113776,-74.08,Verizon,55.6,2.0,43.1,35,17,549.1,False,Exterior,DAS-W1,326.8,45.1
TILE_00843,032023137431460,40.8113776,-74.08,AT&T,19.84,6.35,65.3,23,14,549.1,False,Exterior,DAS-W1,326.8,45.1
TILE_00844,032023169827566,40.8113776,-74.08,T-Mobile,154.34,2.0,43.4,30,8,549.1,False,Exterior,DAS-W1,326.8,45.1
TILE_00845,032023143067470,40.8113776,-74.0797551,Verizon,105.99,18.62,48.2,81,42,531.2,False,Exterior,DAS-W1,315.6,46.9
TILE_00846,032023164734803,40.8113776,-74.0797551,AT&T,64.63,20.33,53.1,31,35,531.2,False,Exterior,DAS-W1,315.6,46.9
TILE_00847,032023183985739,40.8113776,-74.0797551,T-Mobile,31.58,25.19,37.9,47,19,531.2,False,Exterior,DAS-W1,315.6,46.9
TILE_00848,032023145569909,40.8113776,-74.0795102,AT&T,48.1,7.7,53.2,9,3,513.4,False,Exterior,DAS-W1,305.3,48.7
TILE_00849,032023143445828,40.8113776,-74.0795102,T-Mobile,42.26,24.53,45.5,5,2,513.4,False,Exterior,DAS-W1,305.3,48.7
TILE_00850,032023182812609,40.8113776,-74.0792653,Verizon,63.36,5.27,44.3,51,29,495.8,False,Exterior,DAS-W1,296.1,50.4
TILE_00851,032023137371949,40.8113776,-74.0792653,AT&T,134.45,10.35,54.2,68,27,495.8,False,Exterior,DAS-W1,296.1,50.4
TILE_00852,032023152800232,40.8113776,-74.0792653,T-Mobile,135.96,27.16,32.8,36,16,495.8,False,Exterior,DAS-W1,296.1,50.4
TILE_00853,032023121346568,40.8113776,-74.0790204,Verizon,128.44,13.55,36.9,6,3,478.6,False,Exterior,DAS-S2,280.4,52.1
TILE_00854,032023139283097,40.8113776,-74.0790204,AT&T,99.0,5.45,58.9,4,3,478.6,False,Exterior,DAS-S2,280.4,52.1
TILE_00855,032023140255909,40.8113776,-74.0787755,AT&T,69.23,12.05,51.8,15,8,461.5,False,Exterior,DAS-S2,260.4,53.8
TILE_00856,032023133338612,40.8113776,-74.0785306,Verizon,74.9,2.0,35.1,68,44,444.8,False,Exterior,DAS-S2,240.5,55.5
TILE_00857,032023117405158,40.8113776,-74.0782857,Verizon,62.33,2.43,29.4,66,34,428.5,False,Exterior,DAS-S2,220.8,57.2
TILE_00858,032023121993064,40.8113776,-74.0782857,T-Mobile,141.63,16.92,19.9,30,18,428.5,False,Exterior,DAS-S2,220.8,57.2
TILE_00859,032023130571369,40.8113776,-74.0782857,US Cellular,70.33,2.0,61.4,11,4,428.5,False,Exterior,DAS-S2,220.8,57.2
TILE_00860,032023147838909,40.8113776,-74.0777959,Verizon,94.02,18.29,40.6,16,7,396.9,False,Exterior,DAS-S2,182.0,60.3
TILE_00861,032023121310087,40.8113776,-74.0777959,T-Mobile,185.89,28.6,28.1,8,5,396.9,False,Exterior,DAS-S2,182.0,60.3
TILE_00862,032023125574455,40.8113776,-74.0777959,US Cellular,21.9,8.35,59.7,2,1,396.9,False,Exterior,DAS-S2,182.0,60.3
TILE_00863,032023152337835,40.8113776,-74.077551,Verizon,119.94,4.16,36.6,36,18,381.9,False,Exterior,DAS-S2,163.1,61.8
TILE_00864,032023189774114,40.8113776,-74.0770612,AT&T,84.75,24.37,45.5,29,17,353.5,False,Exterior,DAS-S2,126.9,64.7
TILE_00865,032023125916785,40.8113776,-74.0768163,Verizon,124.32,26.11,43.4,23,24,340.3,False,Exterior,DAS-S2,110.1,66.0
TILE_00866,032023128811343,40.8113776,-74.0768163,T-Mobile,183.86,19.07,28.4,39,10,340.3,False,Exterior,DAS-S2,110.1,66.0
TILE_00867,032023133570695,40.8113776,-74.0765714,Verizon,144.03,11.02,39.7,7,8,327.8,False,Exterior,DAS-S2,94.9,67.2
TILE_00868,032023171182679,40.8113776,-74.0765714,AT&T,33.78,9.99,35.7,12,4,327.8,False,Exterior,DAS-S2,94.9,67.2
TILE_00869,032023160733602,40.8113776,-74.0765714,T-Mobile,120.54,19.03,26.3,5,4,327.8,False,Exterior,DAS-S2,94.9,67.2
TILE_00870,032023143296631,40.8113776,-74.0763265,Verizon,146.72,10.67,33.7,44,18,316.2,False,Exterior,DAS-S2,82.2,68.4
TILE_00871,032023133363039,40.8113776,-74.0760816,Verizon,44.62,19.17,34.9,35,21,305.6,False,Exterior,DAS-S2,73.1,69.4
TILE_00872,032023189054833,40.8113776,-74.0760816,AT&T,113.74,16.6,41.5,36,27,305.6,False,Exterior,DAS-S2,73.1,69.4
TILE_00873,032023134600412,40.8113776,-74.0760816,T-Mobile,86.09,8.58,21.7,29,18,305.6,False,Exterior,DAS-S2,73.1,69.4
TILE_00874,032023148590371,40.8113776,-74.0758367,AT&T,105.26,4.18,34.0,45,25,296.1,False,Exterior,DAS-S2,69.2,70.4
TILE_00875,032023159477766,40.8113776,-74.0755918,Verizon,78.13,17.7,34.9,6,4,287.7,False,Exterior,DAS-S2,71.3,71.2
TILE_00876,032023124595931,40.8113776,-74.0755918,AT&T,65.26,5.09,38.9,8,4,287.7,False,Exterior,DAS-S2,71.3,71.2
TILE_00877,032023140392983,40.8113776,-74.0753469,Verizon,29.06,19.65,23.2,34,15,280.6,False,Exterior,DAS-S2,79.0,71.9
TILE_00878,032023168274922,40.8113776,-74.0748571,Verizon,89.84,8.63,26.5,15,12,270.5,False,Exterior,DAS-S1,88.6,72.9
TILE_00879,032023144301083,40.8113776,-74.0748571,AT&T,163.62,14.82,38.0,33,9,270.5,False,Exterior,DAS-S1,88.6,72.9
TILE_00880,032023181445317,40.8113776,-74.0748571,T-Mobile,162.07,12.5,29.6,19,6,270.5,False,Exterior,DAS-S1,88.6,72.9
TILE_00881,032023198932496,40.8113776,-74.0748571,US Cellular,85.31,2.0,39.5,4,3,270.5,False,Exterior,DAS-S1,88.6,72.9
TILE_00882,032023153173450,40.8113776,-74.0746122,Verizon,102.52,17.84,36.5,26,26,267.8,False,Exterior,DAS-S1,77.4,73.2
TILE_00883,032023164447775,40.8113776,-74.0746122,AT&T,158.29,14.13,35.3,47,19,267.8,False,Exterior,DAS-S1,77.4,73.2
TILE_00884,032023168549940,40.8113776,-74.0746122,US Cellular,97.22,15.7,55.4,7,4,267.8,False,Exterior,DAS-S1,77.4,73.2
TILE_00885,032023187885021,40.8113776,-74.0743673,Verizon,135.24,10.18,22.5,25,14,266.6,False,Exterior,DAS-S1,70.6,73.3
TILE_00886,032023132133608,40.8113776,-74.0743673,AT&T,123.42,11.28,35.4,22,9,266.6,False,Exterior,DAS-S1,70.6,73.3
TILE_00887,032023177329157,40.8113776,-74.0741224,Verizon,93.94,10.33,30.3,34,18,267.0,False,Exterior,DAS-S1,69.4,73.3
TILE_00888,032023148090799,40.8113776,-74.0741224,T-Mobile,135.52,27.41,21.8,62,25,267.0,False,Exterior,DAS-S1,69.4,73.3
TILE_00889,032023116033032,40.8113776,-74.0738776,AT&T,120.33,25.64,35.7,14,4,269.1,False,Exterior,DAS-S1,74.3,73.1
TILE_00890,032023120185336,40.8113776,-74.0736327,Verizon,130.36,28.43,28.4,29,13,272.6,False,Exterior,DAS-S1,84.1,72.7
TILE_00891,032023127571965,40.8113776,-74.0736327,AT&T,119.43,12.96,30.8,23,6,272.6,False,Exterior,DAS-S1,84.1,72.7
TILE_00892,032023156257125,40.8113776,-74.0736327,T-Mobile,185.22,34.42,22.7,14,5,272.6,False,Exterior,DAS-S1,84.1,72.7
TILE_00893,032023178783305,40.8113776,-74.0733878,Verizon,142.48,21.78,31.7,20,5,277.7,False,Exterior,DAS-S1,97.3,72.2
TILE_00894,032023129010785,40.8113776,-74.0733878,AT&T,159.33,23.02,43.7,16,4,277.7,False,Exterior,DAS-S1,97.3,72.2
TILE_00895,032023179807161,40.8113776,-74.0731429,T-Mobile,22.22,29.24,33.3,16,7,284.2,False,Exterior,DAS-S1,112.8,71.6
TILE_00896,032023167985048,40.8113776,-74.072898,Verizon,65.34,13.66,29.0,48,18,292.0,False,Exterior,DAS-S1,129.8,70.8
TILE_00897,032023167320863,40.8113776,-74.072898,T-Mobile,120.93,22.22,24.8,43,21,292.0,False,Exterior,DAS-S1,129.8,70.8
TILE_00898,032023183926072,40.8113776,-74.0726531,T-Mobile,107.22,37.43,23.4,28,16,301.0,False,Exterior,DAS-S1,147.7,69.9
TILE_00899,032023166351211,40.8113776,-74.0724082,Verizon,133.9,19.73,24.4,31,8,311.1,False,Exterior,DAS-S1,166.2,68.9
TILE_00900,032023191627974,40.8113776,-74.0724082,T-Mobile,109.92,33.2,20.7,12,10,311.1,False,Exterior,DAS-S1,166.2,68.9
TILE_00901,032023149923503,40.8113776,-74.0721633,Verizon,162.42,12.38,35.5,32,17,322.3,False,Exterior,DAS-S1,185.2,67.8
TILE_00902,032023154718576,40.8113776,-74.0721633,AT&T,96.1,17.4,34.6,26,23,322.3,False,Exterior,DAS-S1,185.2,67.8
TILE_00903,032023184956387,40.8113776,-74.0719184,Verizon,94.06,10.01,44.1,51,31,334.3,False,Exterior,DAS-S1,204.5,66.6
TILE_00904,032023155910836,40.8113776,-74.0719184,T-Mobile,184.5,31.25,28.4,25,27,334.3,False,Exterior,DAS-S1,204.5,66.6
TILE_00905,032023199936224,40.8113776,-74.0716735,Verizon,95.66,19.33,39.2,20,15,347.2,False,Exterior,DAS-S1,224.1,65.3
TILE_00906,032023157459366,40.8113776,-74.0716735,AT&T,124.1,15.78,45.5,16,15,347.2,False,Exterior,DAS-S1,224.1,65.3
TILE_00907,032023171663538,40.8113776,-74.0714286,Verizon,60.87,2.9,35.8,36,12,360.8,False,Exterior,DAS-S1,243.8,63.9
TILE_00908,032023147487551,40.8113776,-74.0714286,T-Mobile,135.86,2.0,23.7,30,7,360.8,False,Exterior,DAS-S1,243.8,63.9
TILE_00909,032023172968767,40.8113776,-74.0711837,AT&T,54.07,22.75,55.9,16,4,375.0,False,Exterior,DAS-S1,263.7,62.5
TILE_00910,032023143661729,40.8113776,-74.0711837,T-Mobile,95.53,6.73,29.2,6,8,375.0,False,Exterior,DAS-S1,263.7,62.5
TILE_00911,032023159439615,40.8113776,-74.0709388,Verizon,58.61,16.95,26.4,25,15,389.8,False,Exterior,DAS-E1,269.3,61.0
TILE_00912,032023196715400,40.8113776,-74.0706939,Verizon,114.28,13.96,40.5,25,21,405.2,False,Exterior,DAS-E1,269.2,59.5
TILE_00913,032023167078172,40.8113776,-74.0706939,AT&T,107.32,6.26,57.7,20,10,405.2,False,Exterior,DAS-E1,269.2,59.5
TILE_00914,032023123551899,40.8113776,-74.070449,Verizon,75.62,11.32,40.1,39,12,420.9,False,Exterior,DAS-E1,270.6,57.9
TILE_00915,032023144962260,40.8113776,-74.070449,AT&T,84.18,15.0,51.8,17,10,420.9,False,Exterior,DAS-E1,270.6,57.9
TILE_00916,032023135564918,40.8113776,-74.0702041,Verizon,64.99,6.2,29.6,70,29,437.1,False,Exterior,DAS-E1,273.7,56.3
TILE_00917,032023134115844,40.8113776,-74.0699592,Verizon,37.95,16.63,38.0,27,18,453.7,False,Exterior,DAS-E1,278.2,54.6
TILE_00918,032023147631214,40.8113776,-74.0697143,Verizon,68.1,10.9,45.1,48,25,470.5,False,Exterior,DAS-E1,284.2,52.9
TILE_00919,032023116411212,40.8113776,-74.0697143,T-Mobile,92.03,22.25,33.7,17,12,470.5,False,Exterior,DAS-E1,284.2,52.9
TILE_00920,032023121608906,40.8113776,-74.0694694,T-Mobile,113.27,28.6,28.5,29,8,487.7,False,Exterior,DAS-E1,291.5,51.2
TILE_00921,032023195152782,40.8113776,-74.0692245,AT&T,123.35,2.0,47.9,7,2,505.1,False,Exterior,DAS-E1,300.1,49.5
TILE_00922,032023155068688,40.8113776,-74.0692245,T-Mobile,156.96,2.8,42.8,6,3,505.1,False,Exterior,DAS-E1,300.1,49.5
TILE_00923,032023113441930,40.8113776,-74.0689796,Verizon,94.52,9.61,42.4,49,40,522.8,False,Exterior,DAS-E1,309.8,47.7
TILE_00924,032023110755514,40.8113776,-74.0689796,AT&T,135.13,2.0,69.3,60,35,522.8,False,Exterior,DAS-E1,309.8,47.7
TILE_00925,032023194106612,40.8113776,-74.0687347,Verizon,59.63,21.59,53.9,73,25,540.7,False,Exterior,DAS-E1,320.5,45.9
TILE_00926,032023120919742,40.8113776,-74.0687347,T-Mobile,52.58,29.89,42.1,37,17,540.7,False,Exterior,DAS-E1,320.5,45.9
TILE_00927,032023112250801,40.8113776,-74.0684898,Verizon,94.13,12.66,35.4,12,7,558.8,False,Exterior,DAS-E1,332.2,44.1
TILE_00928,032023112604906,40.8113776,-74.0684898,T-Mobile,71.88,2.0,37.5,11,9,558.8,False,Exterior,DAS-E1,332.2,44.1
TILE_00929,032023111208089,40.8113776,-74.0682449,Verizon,55.94,2.0,52.8,36,22,577.0,False,Exterior,DAS-E1,344.7,42.3
TILE_00930,032023170001713,40.8113776,-74.0682449,AT&T,51.55,7.87,57.4,36,9,577.0,False,Exterior,DAS-E1,344.7,42.3
TILE_00931,032023163056995,40.8113776,-74.068,Verizon,10.0,23.4,61.9,31,31,595.4,False,Exterior,DAS-E1,358.0,40.5
TILE_00932,032023157265712,40.8115306,-74.08,Verizon,141.84,20.02,55.3,68,20,541.1,False,Exterior,DAS-W1,313.0,45.9
TILE_00933,032023178750386,40.8115306,-74.08,AT&T,130.97,2.0,53.5,24,33,541.1,False,Exterior,DAS-W1,313.0,45.9
TILE_00934,032023127120623,40.8115306,-74.08,T-Mobile,125.99,23.63,39.6,26,26,541.1,False,Exterior,DAS-W1,313.0,45.9
TILE_00935,032023141266064,40.8115306,-74.08,US Cellular,50.92,11.25,68.6,13,4,541.1,False,Exterior,DAS-W1,313.0,45.9
TILE_00936,032023118885531,40.8115306,-74.0797551,Verizon,64.03,4.35,51.6,35,17,522.8,False,Exterior,DAS-W1,301.2,47.7
TILE_00937,032023150193889,40.8115306,-74.0797551,AT&T,58.82,11.71,57.3,17,7,522.8,False,Exterior,DAS-W1,301.2,47.7
TILE_00938,032023129984732,40.8115306,-74.0797551,T-Mobile,124.13,38.87,39.2,16,12,522.8,False,Exterior,DAS-W1,301.2,47.7
TILE_00939,032023168185028,40.8115306,-74.0795102,Verizon,22.71,2.0,37.5,13,6,504.8,False,Exterior,DAS-W1,290.4,49.5
TILE_00940,032023147385921,40.8115306,-74.0795102,T-Mobile,142.16,13.94,33.3,17,7,504.8,False,Exterior,DAS-W1,290.4,49.5
TILE_00941,032023161545039,40.8115306,-74.0792653,AT&T,60.78,13.12,53.8,35,34,486.9,False,Exterior,DAS-W1,280.7,51.3
TILE_00942,032023154623930,40.8115306,-74.0790204,Verizon,122.6,16.34,42.1,79,23,469.3,False,Exterior,DAS-W1,272.2,53.1
TILE_00943,032023137771472,40.8115306,-74.0790204,AT&T,99.51,9.37,54.3,59,24,469.3,False,Exterior,DAS-W1,272.2,53.1
TILE_00944,032023182004131,40.8115306,-74.0790204,T-Mobile,94.55,10.88,27.6,47,37,469.3,False,Exterior,DAS-W1,272.2,53.1
TILE_00945,032023178765230,40.8115306,-74.0790204,US Cellular,46.43,11.77,58.8,8,8,469.3,False,Exterior,DAS-W1,272.2,53.1
TILE_00946,032023114222909,40.8115306,-74.0787755,Verizon,130.56,16.45,49.3,30,10,451.9,False,Exterior,DAS-S2,256.4,54.8
TILE_00947,032023161994485,40.8115306,-74.0787755,T-Mobile,101.08,24.7,26.9,18,6,451.9,False,Exterior,DAS-S2,256.4,54.8
TILE_00948,032023168180523,40.8115306,-74.0785306,Verizon,126.77,19.22,50.4,5,2,434.9,False,Exterior,DAS-S2,236.2,56.5
TILE_00949,032023127225955,40.8115306,-74.0785306,US Cellular,55.65,5.52,62.8,1,0,434.9,False,Exterior,DAS-S2,236.2,56.5
TILE_00950,032023191896929,40.8115306,-74.0782857,T-Mobile,117.2,19.93,27.3,44,25,418.1,False,Exterior,DAS-S2,216.1,58.2
TILE_00951,032023178642589,40.8115306,-74.0780408,Verizon,95.5,22.82,34.8,22,9,401.7,False,Exterior,DAS-S2,196.1,59.8
TILE_00952,032023140456903,40.8115306,-74.0780408,AT&T,88.23,16.62,46.0,14,9,401.7,False,Exterior,DAS-S2,196.1,59.8
TILE_00953,032023152093510,40.8115306,-74.0777959,AT&T,42.85,20.96,39.2,34,15,385.7,False,Exterior,DAS-S2,176.3,61.4
TILE_00954,032023153572462,40.8115306,-74.077551,Verizon,73.7,19.46,30.0,54,26,370.2,False,Exterior,DAS-S2,156.7,63.0
TILE_00955,032023166005029,40.8115306,-74.077551,AT&T,52.6,7.54,46.7,67,33,370.2,False,Exterior,DAS-S2,156.7,63.0
TILE_00956,032023148297837,40.8115306,-74.077551,T-Mobile,129.16,18.19,39.0,50,19,370.2,False,Exterior,DAS-S2,156.7,63.0
TILE_00957,032023164412692,40.8115306,-74.0773061,Verizon,139.85,14.36,29.3,7,8,355.2,False,Exterior,DAS-S2,137.4,64.5
TILE_00958,032023127677988,40.8115306,-74.0773061,AT&T,102.85,15.48,35.5,11,5,355.2,False,Exterior,DAS-S2,137.4,64.5
TILE_00959,032023110376885,40.8115306,-74.0770612,Verizon,164.45,17.48,34.3,47,23,340.8,False,Exterior,DAS-S2,118.5,65.9
TILE_00960,032023121061120,40.8115306,-74.0770612,AT&T,124.56,13.07,36.3,51,15,340.8,False,Exterior,DAS-S2,118.5,65.9
TILE_00961,032023156954275,40.8115306,-74.0768163,AT&T,142.45,20.77,37.4,17,7,327.1,False,Exterior,DAS-S2,100.4,67.3
TILE_00962,032023191947124,40.8115306,-74.0768163,T-Mobile,129.66,9.06,35.8,12,8,327.1,False,Exterior,DAS-S2,100.4,67.3
TILE_00963,032023138912097,40.8115306,-74.0765714,Verizon,112.11,21.93,30.1,29,30,314.2,False,Exterior,DAS-S2,83.4,68.6
TILE_00964,032023135933327,40.8115306,-74.0765714,AT&T,119.8,15.82,48.3,31,14,314.2,False,Exterior,DAS-S2,83.4,68.6
TILE_00965,032023128488740,40.8115306,-74.0765714,T-Mobile,77.48,10.75,28.1,44,18,314.2,False,Exterior,DAS-S2,83.4,68.6
TILE_00966,032023198509493,40.8115306,-74.0763265,Verizon,114.18,14.34,28.0,8,4,302.1,False,Exterior,DAS-S2,68.5,69.8
TILE_00967,032023179479450,40.8115306,-74.0763265,US Cellular,74.65,6.61,44.8,1,0,302.1,False,Exterior,DAS-S2,68.5,69.8
TILE_00968,032023164592533,40.8115306,-74.0760816,Verizon,122.44,2.0,25.5,46,13,290.9,False,Exterior,DAS-S2,57.3,70.9
TILE_00969,032023193949910,40.8115306,-74.0760816,AT&T,112.6,18.47,38.0,45,22,290.9,False,Exterior,DAS-S2,57.3,70.9
TILE_00970,032023171036409,40.8115306,-74.0760816,T-Mobile,113.51,14.97,26.3,29,22,290.9,False,Exterior,DAS-S2,57.3,70.9
TILE_00971,032023143750879,40.8115306,-74.0758367,Verizon,110.72,6.32,36.0,21,10,280.9,False,Exterior,DAS-S2,52.2,71.9
TILE_00972,032023129340400,40.8115306,-74.0758367,AT&T,159.05,23.59,43.1,24,12,280.9,False,Exterior,DAS-S2,52.2,71.9
TILE_00973,032023112308756,40.8115306,-74.0758367,T-Mobile,139.79,27.38,20.1,13,8,280.9,False,Exterior,DAS-S2,52.2,71.9
TILE_00974,032023130485837,40.8115306,-74.0753469,Verizon,43.57,10.14,15.8,12,7,264.5,False,Exterior,DAS-S2,64.6,73.6
TILE_00975,032023131573156,40.8115306,-74.0753469,AT&T,103.89,14.58,46.7,9,9,264.5,False,Exterior,DAS-S2,64.6,73.6
TILE_00976,032023110004494,40.8115306,-74.0753469,T-Mobile,138.26,8.08,21.8,20,10,264.5,False,Exterior,DAS-S2,64.6,73.6
TILE_00977,032023174807980,40.8115306,-74.0753469,US Cellular,71.7,14.59,49.4,2,1,264.5,False,Exterior,DAS-S2,64.6,73.6
TILE_00978,032023155835257,40.8115306,-74.075102,Verizon,165.22,19.56,31.6,53,35,258.4,False,Exterior,DAS-S2,78.6,74.2
TILE_00979,032023138005777,40.8115306,-74.075102,AT&T,72.96,15.33,40.4,34,20,258.4,False,Exterior,DAS-S2,78.6,74.2
TILE_00980,032023120902366,40.8115306,-74.0748571,Verizon,160.5,11.07,34.7,37,9,253.8,False,Exterior,DAS-S1,76.1,74.6
TILE_00981,032023133395460,40.8115306,-74.0748571,AT&T,140.96,14.64,34.9,19,7,253.8,False,Exterior,DAS-S1,76.1,74.6
TILE_00982,032023155614624,40.8115306,-74.0748571,T-Mobile,152.98,21.18,26.0,13,7,253.8,False,Exterior,DAS-S1,76.1,74.6
TILE_00983,032023195395961,40.8115306,-74.0746122,AT&T,85.98,9.39,29.4,38,18,250.9,False,Exterior,DAS-S1,62.7,74.9
TILE_00984,032023187324281,40.8115306,-74.0746122,T-Mobile,211.08,23.21,28.2,36,20,250.9,False,Exterior,DAS-S1,62.7,74.9
TILE_00985,032023137541316,40.8115306,-74.0743673,AT&T,24.69,16.99,35.4,40,19,249.6,False,Exterior,DAS-S1,54.0,75.0
TILE_00986,032023126656991,40.8115306,-74.0741224,Verizon,118.6,43.41,14.0,57,32,250.1,False,Exterior,DAS-S1,52.5,75.0
TILE_00987,032023118799782,40.8115306,-74.0741224,AT&T,187.95,19.8,27.9,68,21,250.1,False,Exterior,DAS-S1,52.5,75.0
TILE_00988,032023166656195,40.8115306,-74.0738776,Verizon,172.62,24.92,30.4,24,20,252.2,False,Exterior,DAS-S1,58.8,74.8
TILE_00989,032023134166706,40.8115306,-74.0733878,AT&T,86.47,6.42,33.0,26,10,261.4,False,Exterior,DAS-S1,86.1,73.9
TILE_00990,032023157009350,40.8115306,-74.0733878,T-Mobile,122.17,40.67,22.4,45,10,261.4,False,Exterior,DAS-S1,86.1,73.9
TILE_00991,032023189418377,40.8115306,-74.0731429,Verizon,149.79,31.24,29.9,40,17,268.3,False,Exterior,DAS-S1,103.3,73.2
TILE_00992,032023183632864,40.8115306,-74.0731429,AT&T,115.4,16.63,41.6,43,13,268.3,False,Exterior,DAS-S1,103.3,73.2
TILE_00993,032023165407985,40.8115306,-74.0731429,T-Mobile,131.44,36.67,26.6,27,10,268.3,False,Exterior,DAS-S1,103.3,73.2
TILE_00994,032023192899322,40.8115306,-74.0731429,US Cellular,64.09,5.32,54.0,5,3,268.3,False,Exterior,DAS-S1,103.3,73.2
TILE_00995,032023192948576,40.8115306,-74.072898,Verizon,129.77,19.17,29.9,14,8,276.6,False,Exterior,DAS-S1,121.6,72.3
TILE_00996,032023110621913,40.8115306,-74.072898,AT&T,99.44,6.14,36.5,10,6,276.6,False,Exterior,DAS-S1,121.6,72.3
TILE_00997,032023160944932,40.8115306,-74.072898,T-Mobile,196.21,18.04,24.0,13,6,276.6,False,Exterior,DAS-S1,121.6,72.3
TILE_00998,032023188866894,40.8115306,-74.0726531,AT&T,64.83,15.89,39.9,52,14,286.1,False,Exterior,DAS-S1,140.5,71.4
TILE_00999,032023133635475,40.8115306,-74.0726531,T-Mobile,152.29,22.87,19.9,45,23,286.1,False,Exterior,DAS-S1,140.5,71.4
TILE_01000,032023114593248,40.8115306,-74.0724082,Verizon,155.35,18.58,31.5,54,30,296.7,False,Exterior,DAS-S1,159.9,70.3
TILE_01001,032023198597073,40.8115306,-74.0721633,Verizon,190.81,2.0,31.0,39,15,308.4,False,Exterior,DAS-S1,179.6,69.2
TILE_01002,032023186778446,40.8115306,-74.0721633,T-Mobile,225.13,31.53,25.5,20,8,308.4,False,Exterior,DAS-S1,179.6,69.2
TILE_01003,032023155871547,40.8115306,-74.0719184,AT&T,95.1,7.22,39.0,62,25,320.9,False,Exterior,DAS-S1,199.4,67.9
TILE_01004,032023169817703,40.8115306,-74.0719184,T-Mobile,244.0,19.8,26.4,39,22,320.9,False,Exterior,DAS-S1,199.4,67.9
TILE_01005,032023176198163,40.8115306,-74.0716735,Verizon,96.3,9.48,40.4,17,15,334.3,False,Exterior,DAS-S1,219.5,66.6
TILE_01006,032023118475355,40.8115306,-74.0714286,Verizon,89.93,34.56,26.2,25,10,348.4,False,Exterior,DAS-S1,239.6,65.2
TILE_01007,032023173879503,40.8115306,-74.0714286,AT&T,66.78,14.58,46.8,37,15,348.4,False,Exterior,DAS-S1,239.6,65.2
TILE_01008,032023120349297,40.8115306,-74.0714286,T-Mobile,108.19,23.21,29.4,14,8,348.4,False,Exterior,DAS-S1,239.6,65.2
TILE_01009,032023177147458,40.8115306,-74.0711837,Verizon,124.57,11.25,39.2,18,8,363.1,False,Exterior,DAS-E1,254.1,63.7
TILE_01010,032023124353645,40.8115306,-74.0711837,AT&T,99.88,4.22,43.2,11,10,363.1,False,Exterior,DAS-E1,254.1,63.7
TILE_01011,032023160968481,40.8115306,-74.0711837,T-Mobile,163.57,16.61,24.7,12,10,363.1,False,Exterior,DAS-E1,254.1,63.7
TILE_01012,032023112798543,40.8115306,-74.0709388,Verizon,161.91,28.04,40.8,54,25,378.4,False,Exterior,DAS-E1,252.3,62.2
TILE_01013,032023121454712,40.8115306,-74.0706939,Verizon,104.89,16.2,40.7,64,27,394.2,False,Exterior,DAS-E1,252.2,60.6
TILE_01014,032023196084390,40.8115306,-74.0706939,AT&T,78.05,2.0,56.6,56,23,394.2,False,Exterior,DAS-E1,252.2,60.6
TILE_01015,032023115975833,40.8115306,-74.0706939,T-Mobile,90.74,21.95,28.9,39,27,394.2,False,Exterior,DAS-E1,252.2,60.6
TILE_01016,032023147940274,40.8115306,-74.070449,Verizon,117.78,11.72,45.0,65,31,410.4,False,Exterior,DAS-E1,253.8,59.0
TILE_01017,032023178720498,40.8115306,-74.070449,AT&T,59.88,8.24,50.1,71,33,410.4,False,Exterior,DAS-E1,253.8,59.0
TILE_01018,032023122418622,40.8115306,-74.0702041,T-Mobile,79.9,28.78,19.4,59,22,427.0,False,Exterior,DAS-E1,257.0,57.3
TILE_01019,032023114764829,40.8115306,-74.0699592,T-Mobile,184.6,24.94,26.0,16,15,443.9,False,Exterior,DAS-E1,261.8,55.6
TILE_01020,032023123215755,40.8115306,-74.0697143,Verizon,132.99,14.58,39.8,84,29,461.1,False,Exterior,DAS-E1,268.1,53.9
TILE_01021,032023157672733,40.8115306,-74.0697143,T-Mobile,194.89,7.23,29.3,31,15,461.1,False,Exterior,DAS-E1,268.1,53.9
TILE_01022,032023158010861,40.8115306,-74.0697143,US Cellular,24.89,2.0,70.6,11,4,461.1,False,Exterior,DAS-E1,268.1,53.9
TILE_01023,032023168786350,40.8115306,-74.0694694,Verizon,25.42,13.28,30.9,9,5,478.6,False,Exterior,DAS-E1,275.9,52.1
TILE_01024,032023188931633,40.8115306,-74.0694694,AT&T,106.15,4.55,48.7,12,6,478.6,False,Exterior,DAS-E1,275.9,52.1
TILE_01025,032023161380161,40.8115306,-74.0694694,T-Mobile,162.59,24.7,33.7,13,5,478.6,False,Exterior,DAS-E1,275.9,52.1
TILE_01026,032023187823203,40.8115306,-74.0692245,Verizon,36.86,15.38,48.5,20,17,496.4,False,Exterior,DAS-E1,284.9,50.4
TILE_01027,032023166697683,40.8115306,-74.0692245,AT&T,18.68,14.53,58.9,16,9,496.4,False,Exterior,DAS-E1,284.9,50.4
TILE_01028,032023131169419,40.8115306,-74.0692245,T-Mobile,187.27,8.35,36.2,26,12,496.4,False,Exterior,DAS-E1,284.9,50.4
TILE_01029,032023148215620,40.8115306,-74.0692245,US Cellular,52.82,2.0,66.5,8,2,496.4,False,Exterior,DAS-E1,284.9,50.4
TILE_01030,032023157080499,40.8115306,-74.0689796,AT&T,77.89,8.66,57.1,59,28,514.3,False,Exterior,DAS-E1,295.1,48.6
TILE_01031,032023177838846,40.8115306,-74.0689796,US Cellular,69.63,8.94,65.2,9,6,514.3,False,Exterior,DAS-E1,295.1,48.6
TILE_01032,032023159599716,40.8115306,-74.0687347,Verizon,70.46,26.64,50.8,14,6,532.5,False,Exterior,DAS-E1,306.4,46.7
TILE_01033,032023141624439,40.8115306,-74.0684898,Verizon,56.01,6.7,44.6,44,18,550.8,False,Exterior,DAS-E1,318.6,44.9
TILE_01034,032023152335122,40.8115306,-74.0684898,T-Mobile,120.78,23.63,40.5,34,11,550.8,False,Exterior,DAS-E1,318.6,44.9
TILE_01035,032023196642111,40.8115306,-74.0682449,Verizon,64.63,16.03,45.6,57,34,569.3,False,Exterior,DAS-E1,331.6,43.1
TILE_01036,032023166233013,40.8115306,-74.0682449,AT&T,82.83,8.54,68.4,66,17,569.3,False,Exterior,DAS-E1,331.6,43.1
TILE_01037,032023156466862,40.8115306,-74.068,Verizon,10.0,17.06,54.9,9,7,588.0,False,Exterior,DAS-E1,345.4,41.2
TILE_01038,032023175389222,40.8115306,-74.068,AT&T,51.87,8.81,60.8,10,6,588.0,False,Exterior,DAS-E1,345.4,41.2
TILE_01039,032023155491446,40.8115306,-74.068,T-Mobile,85.2,30.11,48.8,12,3,588.0,False,Exterior,DAS-E1,345.4,41.2
TILE_01040,032023113955006,40.8116837,-74.08,Verizon,80.4,6.89,41.5,35,34,533.5,False,Exterior,DAS-W1,299.5,46.7
TILE_01041,032023128396915,40.8116837,-74.0797551,Verizon,134.06,2.0,44.0,54,31,514.9,False,Exterior,DAS-W1,287.1,48.5
TILE_01042,032023159990354,40.8116837,-74.0797551,AT&T,78.36,2.0,63.1,39,13,514.9,False,Exterior,DAS-W1,287.1,48.5
TILE_01043,032023113363724,40.8116837,-74.0795102,Verizon,104.73,11.47,36.5,4,2,496.6,False,Exterior,DAS-W1,275.8,50.3
TILE_01044,032023154837134,40.8116837,-74.0795102,AT&T,74.85,10.05,60.4,8,3,496.6,False,Exterior,DAS-W1,275.8,50.3
TILE_01045,032023139991466,40.8116837,-74.0795102,T-Mobile,200.93,7.86,33.8,3,2,496.6,False,Exterior,DAS-W1,275.8,50.3
TILE_01046,032023156696139,40.8116837,-74.0792653,Verizon,91.67,8.07,42.6,18,4,478.4,False,Exterior,DAS-W1,265.6,52.2
TILE_01047,032023148992455,40.8116837,-74.0792653,AT&T,46.16,14.15,59.1,15,4,478.4,False,Exterior,DAS-W1,265.6,52.2
TILE_01048,032023185660468,40.8116837,-74.0792653,T-Mobile,113.23,12.62,33.5,12,7,478.4,False,Exterior,DAS-W1,265.6,52.2
TILE_01049,032023179778435,40.8116837,-74.0790204,T-Mobile,57.6,17.35,35.0,28,17,460.5,False,Exterior,DAS-W1,256.6,54.0
TILE_01050,032023133539089,40.8116837,-74.0787755,Verizon,129.67,8.68,34.7,30,9,442.8,False,Exterior,DAS-W1,249.0,55.7
TILE_01051,032023165274845,40.8116837,-74.0787755,AT&T,124.12,12.65,63.8,15,8,442.8,False,Exterior,DAS-W1,249.0,55.7
TILE_01052,032023180238394,40.8116837,-74.0787755,US Cellular,58.49,16.08,70.8,2,2,442.8,False,Exterior,DAS-W1,249.0,55.7
TILE_01053,032023128212234,40.8116837,-74.0785306,Verizon,96.56,5.99,40.4,89,25,425.3,False,Exterior,DAS-S2,233.1,57.5
TILE_01054,032023177137726,40.8116837,-74.0785306,AT&T,111.07,15.59,43.1,52,24,425.3,False,Exterior,DAS-S2,233.1,57.5
TILE_01055,032023179504590,40.8116837,-74.0785306,T-Mobile,82.57,9.13,36.4,71,21,425.3,False,Exterior,DAS-S2,233.1,57.5
TILE_01056,032023179124694,40.8116837,-74.0782857,Verizon,56.36,18.64,30.7,38,17,408.2,False,Exterior,DAS-S2,212.7,59.2
TILE_01057,032023182025521,40.8116837,-74.0782857,AT&T,76.77,4.27,43.3,31,18,408.2,False,Exterior,DAS-S2,212.7,59.2
TILE_01058,032023128698291,40.8116837,-74.0782857,US Cellular,52.46,6.77,68.3,16,7,408.2,False,Exterior,DAS-S2,212.7,59.2
TILE_01059,032023187602755,40.8116837,-74.0780408,Verizon,56.92,22.22,40.4,56,33,391.4,False,Exterior,DAS-S2,192.3,60.9
TILE_01060,032023187202438,40.8116837,-74.0780408,AT&T,141.85,11.0,47.9,48,19,391.4,False,Exterior,DAS-S2,192.3,60.9
TILE_01061,032023122295042,40.8116837,-74.0780408,T-Mobile,205.47,21.94,29.0,32,25,391.4,False,Exterior,DAS-S2,192.3,60.9
TILE_01062,032023165969267,40.8116837,-74.0777959,Verizon,116.9,19.37,38.4,43,38,375.0,False,Exterior,DAS-S2,172.0,62.5
TILE_01063,032023111039911,40.8116837,-74.077551,Verizon,155.44,12.22,33.6,25,12,359.0,False,Exterior,DAS-S2,151.9,64.1
TILE_01064,032023159398528,40.8116837,-74.077551,AT&T,159.36,2.0,36.7,13,10,359.0,False,Exterior,DAS-S2,151.9,64.1
TILE_01065,032023134948871,40.8116837,-74.077551,T-Mobile,137.78,32.46,29.6,25,7,359.0,False,Exterior,DAS-S2,151.9,64.1
TILE_01066,032023125227648,40.8116837,-74.0773061,AT&T,147.57,10.5,38.6,36,14,343.5,False,Exterior,DAS-S2,131.8,65.6
TILE_01067,032023135084823,40.8116837,-74.0773061,T-Mobile,115.12,26.73,29.3,33,15,343.5,False,Exterior,DAS-S2,131.8,65.6
TILE_01068,032023136956044,40.8116837,-74.0770612,Verizon,72.1,2.0,34.3,15,4,328.6,False,Exterior,DAS-S2,112.1,67.1
TILE_01069,032023187810293,40.8116837,-74.0770612,T-Mobile,213.47,23.72,32.1,11,6,328.6,False,Exterior,DAS-S2,112.1,67.1
TILE_01070,032023165490371,40.8116837,-74.0768163,Verizon,115.87,9.47,39.3,71,44,314.3,False,Exterior,DAS-S2,92.7,68.6
TILE_01071,032023149057868,40.8116837,-74.0768163,T-Mobile,132.72,12.77,21.8,64,16,314.3,False,Exterior,DAS-S2,92.7,68.6
TILE_01072,032023147039747,40.8116837,-74.0765714,Verizon,185.51,7.71,25.2,40,23,300.8,False,Exterior,DAS-S2,74.0,69.9
TILE_01073,032023150990457,40.8116837,-74.0763265,Verizon,90.84,15.74,27.3,57,25,288.2,False,Exterior,DAS-S2,56.6,71.2
TILE_01074,032023178320059,40.8116837,-74.0763265,T-Mobile,219.98,29.46,16.6,33,25,288.2,False,Exterior,DAS-S2,56.6,71.2
TILE_01075,032023142057612,40.8116837,-74.0760816,Verizon,48.0,29.18,22.4,23,25,276.5,False,Exterior,DAS-S2,42.4,72.4
TILE_01076,032023158165214,40.8116837,-74.0760816,AT&T,33.47,13.09,40.6,37,15,276.5,False,Exterior,DAS-S2,42.4,72.4
TILE_01077,032023144772398,40.8116837,-74.0760816,T-Mobile,68.0,28.56,20.8,48,19,276.5,False,Exterior,DAS-S2,42.4,72.4
TILE_01078,032023177020415,40.8116837,-74.0758367,Verizon,133.37,23.97,33.0,30,25,265.9,False,Exterior,DAS-S2,35.3,73.4
TILE_01079,032023152319525,40.8116837,-74.0758367,AT&T,92.16,14.89,40.4,40,22,265.9,False,Exterior,DAS-S2,35.3,73.4
TILE_01080,032023148893914,40.8116837,-74.0755918,Verizon,189.12,18.92,38.2,60,19,256.5,False,Exterior,DAS-S2,39.3,74.4
TILE_01081,032023187219365,40.8116837,-74.0755918,AT&T,81.29,20.37,39.7,67,31,256.5,False,Exterior,DAS-S2,39.3,74.4
TILE_01082,032023115119897,40.8116837,-74.0755918,T-Mobile,255.59,22.89,16.2,23,28,256.5,False,Exterior,DAS-S2,39.3,74.4
TILE_01083,032023173073094,40.8116837,-74.0753469,Verizon,146.93,12.97,32.3,20,9,248.5,False,Exterior,DAS-S2,51.9,75.2
TILE_01084,032023198567450,40.8116837,-74.0753469,AT&T,60.47,13.15,36.2,35,10,248.5,False,Exterior,DAS-S2,51.9,75.2
TILE_01085,032023188119799,40.8116837,-74.0753469,T-Mobile,173.98,34.01,21.5,23,10,248.5,False,Exterior,DAS-S2,51.9,75.2
TILE_01086,032023113369809,40.8116837,-74.0753469,US Cellular,62.53,8.64,48.8,8,4,248.5,False,Exterior,DAS-S2,51.9,75.2
TILE_01087,032023143803266,40.8116837,-74.075102,Verizon,151.6,13.72,27.1,36,24,242.0,False,Exterior,DAS-S2,68.6,75.8
TILE_01088,032023184565880,40.8116837,-74.0748571,AT&T,139.62,10.72,30.9,71,22,237.1,False,Exterior,DAS-S1,65.6,76.3
TILE_01089,032023136083811,40.8116837,-74.0748571,T-Mobile,166.81,17.4,23.4,47,27,237.1,False,Exterior,DAS-S1,65.6,76.3
TILE_01090,032023146369900,40.8116837,-74.0748571,US Cellular,69.18,2.0,45.7,14,4,237.1,False,Exterior,DAS-S1,65.6,76.3
TILE_01091,032023112121800,40.8116837,-74.0746122,Verizon,171.0,6.15,22.2,79,21,234.0,False,Exterior,DAS-S1,49.4,76.6
TILE_01092,032023146736923,40.8116837,-74.0746122,AT&T,84.11,9.45,31.5,52,21,234.0,False,Exterior,DAS-S1,49.4,76.6
TILE_01093,032023120666997,40.8116837,-74.0743673,Verizon,115.92,26.78,28.5,43,23,232.6,False,Exterior,DAS-S1,37.9,76.7
TILE_01094,032023169437645,40.8116837,-74.0743673,T-Mobile,94.06,27.5,25.1,42,13,232.6,False,Exterior,DAS-S1,37.9,76.7
TILE_01095,032023169115140,40.8116837,-74.0741224,Verizon,122.32,18.8,26.8,79,26,233.1,False,Exterior,DAS-S1,35.7,76.7
TILE_01096,032023195358844,40.8116837,-74.0738776,Verizon,147.38,10.03,20.5,80,35,235.4,False,Exterior,DAS-S1,44.4,76.5
TILE_01097,032023143858289,40.8116837,-74.0736327,AT&T,101.37,13.1,30.0,54,20,239.5,False,Exterior,DAS-S1,59.4,76.1
TILE_01098,032023161609942,40.8116837,-74.0733878,Verizon,105.0,17.74,36.2,49,25,245.2,False,Exterior,DAS-S1,77.0,75.5
TILE_01099,032023172557529,40.8116837,-74.0733878,T-Mobile,131.25,32.68,30.3,48,21,245.2,False,Exterior,DAS-S1,77.0,75.5
TILE_01100,032023123322111,40.8116837,-74.0733878,US Cellular,101.52,9.94,52.0,7,5,245.2,False,Exterior,DAS-S1,77.0,75.5
TILE_01101,032023188132128,40.8116837,-74.0731429,T-Mobile,184.13,35.68,23.4,64,17,252.6,False,Exterior,DAS-S1,95.9,74.7
TILE_01102,032023112052335,40.8116837,-74.0731429,US Cellular,101.58,12.55,50.6,19,4,252.6,False,Exterior,DAS-S1,95.9,74.7
TILE_01103,032023168324142,40.8116837,-74.072898,AT&T,86.21,8.7,45.2,44,23,261.3,False,Exterior,DAS-S1,115.3,73.9
TILE_01104,032023197933747,40.8116837,-74.072898,T-Mobile,121.87,29.21,33.9,50,21,261.3,False,Exterior,DAS-S1,115.3,73.9
TILE_01105,032023169447407,40.8116837,-74.0726531,Verizon,145.95,25.16,34.8,10,9,271.4,False,Exterior,DAS-S1,135.2,72.9
TILE_01106,032023157317962,40.8116837,-74.0726531,T-Mobile,146.95,37.78,28.2,14,3,271.4,False,Exterior,DAS-S1,135.2,72.9
TILE_01107,032023151821010,40.8116837,-74.0726531,US Cellular,95.04,14.85,44.1,1,1,271.4,False,Exterior,DAS-S1,135.2,72.9
TILE_01108,032023145292487,40.8116837,-74.0724082,Verizon,160.41,5.02,36.1,16,9,282.6,False,Exterior,DAS-S1,155.2,71.7
TILE_01109,032023196107444,40.8116837,-74.0724082,AT&T,119.81,6.39,39.8,7,8,282.6,False,Exterior,DAS-S1,155.2,71.7
TILE_01110,032023198838754,40.8116837,-74.0721633,Verizon,115.25,25.59,33.7,20,8,294.8,False,Exterior,DAS-S1,175.4,70.5
TILE_01111,032023133244485,40.8116837,-74.0721633,AT&T,85.02,16.44,35.9,18,9,294.8,False,Exterior,DAS-S1,175.4,70.5
TILE_01112,032023163098855,40.8116837,-74.0719184,Verizon,176.24,13.17,37.0,38,22,307.9,False,Exterior,DAS-S1,195.7,69.2
TILE_01113,032023123885270,40.8116837,-74.0719184,T-Mobile,75.99,2.0,24.3,34,15,307.9,False,Exterior,DAS-S1,195.7,69.2
TILE_01114,032023165565221,40.8116837,-74.0719184,US Cellular,89.27,7.69,48.7,4,3,307.9,False,Exterior,DAS-S1,195.7,69.2
TILE_01115,032023171947977,40.8116837,-74.0716735,AT&T,63.65,10.75,37.5,28,11,321.8,False,Exterior,DAS-S1,216.0,67.8
TILE_01116,032023178765312,40.8116837,-74.0716735,T-Mobile,127.31,40.29,24.1,41,9,321.8,False,Exterior,DAS-S1,216.0,67.8
TILE_01117,032023147247696,40.8116837,-74.0714286,T-Mobile,66.95,3.69,34.4,33,24,336.4,False,Exterior,DAS-S1,236.5,66.4
TILE_01118,032023128325862,40.8116837,-74.0711837,Verizon,168.35,19.35,40.7,18,6,351.7,False,Exterior,DAS-E1,237.2,64.8
TILE_01119,032023197632381,40.8116837,-74.0711837,AT&T,50.12,7.64,45.7,10,5,351.7,False,Exterior,DAS-E1,237.2,64.8
TILE_01120,032023143664005,40.8116837,-74.0711837,T-Mobile,195.28,45.22,26.0,14,4,351.7,False,Exterior,DAS-E1,237.2,64.8
TILE_01121,032023174058436,40.8116837,-74.0709388,Verizon,176.25,17.63,36.8,84,30,367.4,False,Exterior,DAS-E1,235.3,63.3
TILE_01122,032023141669421,40.8116837,-74.0709388,AT&T,111.04,10.39,39.8,33,21,367.4,False,Exterior,DAS-E1,235.3,63.3
TILE_01123,032023128821356,40.8116837,-74.0709388,T-Mobile,138.05,33.2,24.1,31,18,367.4,False,Exterior,DAS-E1,235.3,63.3
TILE_01124,032023128607441,40.8116837,-74.0706939,Verizon,171.87,24.34,37.5,25,14,383.6,False,Exterior,DAS-E1,235.2,61.6
TILE_01125,032023146416418,40.8116837,-74.0706939,AT&T,103.79,17.54,46.1,35,22,383.6,False,Exterior,DAS-E1,235.2,61.6
TILE_01126,032023114633482,40.8116837,-74.0706939,T-Mobile,99.36,5.5,39.5,27,14,383.6,False,Exterior,DAS-E1,235.2,61.6
TILE_01127,032023123580615,40.8116837,-74.070449,Verizon,45.87,16.3,45.8,33,28,400.3,False,Exterior,DAS-E1,236.9,60.0
TILE_01128,032023127668603,40.8116837,-74.070449,AT&T,82.38,16.24,52.2,42,32,400.3,False,Exterior,DAS-E1,236.9,60.0
TILE_01129,032023175698346,40.8116837,-74.070449,T-Mobile,184.94,2.0,22.4,47,29,400.3,False,Exterior,DAS-E1,236.9,60.0
TILE_01130,032023193722863,40.8116837,-74.0702041,Verizon,117.32,20.52,37.8,58,20,417.3,False,Exterior,DAS-E1,240.3,58.3
TILE_01131,032023193403188,40.8116837,-74.0702041,AT&T,47.74,12.16,55.5,40,26,417.3,False,Exterior,DAS-E1,240.3,58.3
TILE_01132,032023155107550,40.8116837,-74.0702041,US Cellular,73.43,14.32,65.4,5,4,417.3,False,Exterior,DAS-E1,240.3,58.3
TILE_01133,032023185097984,40.8116837,-74.0699592,Verizon,107.5,10.94,36.3,13,8,434.6,False,Exterior,DAS-E1,245.5,56.5
TILE_01134,032023120911453,40.8116837,-74.0699592,AT&T,81.37,16.7,46.2,9,10,434.6,False,Exterior,DAS-E1,245.5,56.5
TILE_01135,032023170894144,40.8116837,-74.0699592,T-Mobile,170.36,47.26,32.2,12,6,434.6,False,Exterior,DAS-E1,245.5,56.5
TILE_01136,032023151349341,40.8116837,-74.0697143,Verizon,78.32,10.64,45.8,37,27,452.2,False,Exterior,DAS-E1,252.2,54.8
TILE_01137,032023124039119,40.8116837,-74.0697143,AT&T,101.49,21.64,48.8,43,24,452.2,False,Exterior,DAS-E1,252.2,54.8
TILE_01138,032023138273063,40.8116837,-74.0694694,Verizon,129.77,9.94,38.9,44,25,470.0,False,Exterior,DAS-E1,260.5,53.0
TILE_01139,032023123141834,40.8116837,-74.0694694,T-Mobile,39.2,23.62,37.4,22,27,470.0,False,Exterior,DAS-E1,260.5,53.0
TILE_01140,032023117890643,40.8116837,-74.0692245,Verizon,107.7,31.68,47.7,44,31,488.1,False,Exterior,DAS-E1,270.0,51.2
TILE_01141,032023126727711,40.8116837,-74.0692245,T-Mobile,120.04,17.5,36.5,32,33,488.1,False,Exterior,DAS-E1,270.0,51.2
TILE_01142,032023197992665,40.8116837,-74.0689796,Verizon,128.05,19.74,26.8,33,27,506.3,False,Exterior,DAS-E1,280.8,49.4
TILE_01143,032023115317413,40.8116837,-74.0689796,AT&T,10.0,13.4,64.4,19,12,506.3,False,Exterior,DAS-E1,280.8,49.4
TILE_01144,032023173854879,40.8116837,-74.0689796,T-Mobile,78.46,20.74,31.2,32,18,506.3,False,Exterior,DAS-E1,280.8,49.4
TILE_01145,032023111917035,40.8116837,-74.0687347,Verizon,60.59,22.26,47.5,33,20,524.8,False,Exterior,DAS-E1,292.6,47.5
TILE_01146,032023134695523,40.8116837,-74.0687347,AT&T,92.42,6.14,64.7,65,22,524.8,False,Exterior,DAS-E1,292.6,47.5
TILE_01147,032023170862281,40.8116837,-74.0684898,Verizon,80.69,17.92,48.6,42,27,543.4,False,Exterior,DAS-E1,305.3,45.7
TILE_01148,032023148464364,40.8116837,-74.0684898,AT&T,56.03,14.84,56.1,54,33,543.4,False,Exterior,DAS-E1,305.3,45.7
TILE_01149,032023183771013,40.8116837,-74.0684898,T-Mobile,162.27,30.82,36.8,47,30,543.4,False,Exterior,DAS-E1,305.3,45.7
TILE_01150,032023121410726,40.8116837,-74.068,AT&T,42.52,3.53,66.5,30,11,581.0,False,Exterior,DAS-E1,333.2,41.9
TILE_01151,032023125824753,40.8118367,-74.08,Verizon,107.24,15.29,43.4,26,8,526.3,False,Exterior,DAS-W1,286.3,47.4
TILE_01152,032023168768669,40.8118367,-74.08,AT&T,10.0,14.41,61.3,16,6,526.3,False,Exterior,DAS-W1,286.3,47.4
TILE_01153,032023112496350,40.8118367,-74.08,T-Mobile,165.06,27.06,33.5,24,9,526.3,False,Exterior,DAS-W1,286.3,47.4
TILE_01154,032023183438982,40.8118367,-74.0797551,Verizon,86.96,12.49,37.9,71,23,507.5,False,Exterior,DAS-W1,273.4,49.3
TILE_01155,032023160309766,40.8118367,-74.0795102,Verizon,99.74,18.32,49.1,8,10,488.9,False,Exterior,DAS-W1,261.4,51.1
TILE_01156,032023137316549,40.8118367,-74.0795102,T-Mobile,121.69,4.48,39.2,16,6,488.9,False,Exterior,DAS-W1,261.4,51.1
TILE_01157,032023183117118,40.8118367,-74.0792653,Verizon,133.16,20.13,34.5,35,40,470.4,False,Exterior,DAS-W1,250.6,53.0
TILE_01158,032023110393600,40.8118367,-74.0792653,AT&T,77.37,13.5,59.9,56,35,470.4,False,Exterior,DAS-W1,250.6,53.0
TILE_01159,032023124611734,40.8118367,-74.0792653,T-Mobile,65.01,22.35,48.1,71,20,470.4,False,Exterior,DAS-W1,250.6,53.0
TILE_01160,032023181509032,40.8118367,-74.0792653,US Cellular,79.28,10.45,71.2,6,7,470.4,False,Exterior,DAS-W1,250.6,53.0
TILE_01161,032023133141063,40.8118367,-74.0790204,Verizon,121.88,16.19,37.6,29,36,452.1,False,Exterior,DAS-W1,241.1,54.8
TILE_01162,032023124887963,40.8118367,-74.0790204,T-Mobile,43.94,31.98,33.3,23,16,452.1,False,Exterior,DAS-W1,241.1,54.8
TILE_01163,032023146818717,40.8118367,-74.0787755,Verizon,83.15,16.27,40.4,13,5,434.1,False,Exterior,DAS-W1,233.0,56.6
TILE_01164,032023161491789,40.8118367,-74.0785306,AT&T,111.2,16.48,44.8,34,17,416.3,False,Exterior,DAS-W1,226.6,58.4
TILE_01165,032023125434327,40.8118367,-74.0785306,T-Mobile,80.1,16.78,27.1,35,18,416.3,False,Exterior,DAS-W1,226.6,58.4
TILE_01166,032023143510234,40.8118367,-74.0782857,Verizon,143.45,7.82,36.0,47,21,398.7,False,Exterior,DAS-S2,210.5,60.1
TILE_01167,032023114141376,40.8118367,-74.0782857,AT&T,46.84,2.0,48.1,41,13,398.7,False,Exterior,DAS-S2,210.5,60.1
TILE_01168,032023136033531,40.8118367,-74.0780408,T-Mobile,206.79,19.71,31.5,31,20,381.5,True,Concourse,DAS-S2,189.9,62.0
TILE_01169,032023186700734,40.8118367,-74.0777959,T-Mobile,166.96,25.36,18.4,265,135,364.7,True,Concourse,DAS-S2,169.4,66.1
TILE_01170,032023143131395,40.8118367,-74.0773061,Verizon,144.93,21.93,29.3,33,42,332.2,True,Concourse,DAS-S2,128.4,74.3
TILE_01171,032023187191867,40.8118367,-74.0773061,T-Mobile,130.96,24.26,17.3,72,30,332.2,True,Concourse,DAS-S2,128.4,74.3
TILE_01172,032023196252603,40.8118367,-74.0770612,Verizon,118.55,30.55,24.6,112,45,316.8,True,Concourse,DAS-S2,107.9,78.4
TILE_01173,032023115372362,40.8118367,-74.0768163,Verizon,216.65,22.38,28.3,46,30,302.0,True,South_Upper,DAS-S2,87.6,82.5
TILE_01174,032023187035342,40.8118367,-74.0768163,T-Mobile,228.71,35.12,21.9,26,28,302.0,True,South_Upper,DAS-S2,87.6,82.5
TILE_01175,032023117078101,40.8118367,-74.0768163,US Cellular,103.31,16.17,29.2,10,3,302.0,True,South_Upper,DAS-S2,87.6,82.5
TILE_01176,032023127176679,40.8118367,-74.0765714,Verizon,289.23,18.57,28.8,67,59,287.9,True,South_Upper,DAS-S2,67.6,86.5
TILE_01177,032023149208558,40.8118367,-74.0763265,AT&T,117.08,14.26,31.3,245,97,274.6,True,South_Upper,DAS-S2,48.0,90.4
TILE_01178,032023158516978,40.8118367,-74.0760816,Verizon,226.8,31.78,18.7,224,100,262.3,True,South_Upper,DAS-S2,29.9,94.0
TILE_01179,032023137939792,40.8118367,-74.0758367,T-Mobile,170.47,44.27,20.1,187,109,251.1,True,South_Upper,DAS-S2,18.4,96.3
TILE_01180,032023181522797,40.8118367,-74.0755918,Verizon,205.71,23.77,28.5,211,109,241.2,True,South_Upper,DAS-S2,25.2,95.0
TILE_01181,032023148769488,40.8118367,-74.0755918,T-Mobile,207.05,45.2,28.1,137,50,241.2,True,South_Upper,DAS-S2,25.2,95.0
TILE_01182,032023121964630,40.8118367,-74.0753469,Verizon,256.72,36.82,18.8,62,22,232.7,True,South_Upper,DAS-S2,42.3,91.5
TILE_01183,032023190638515,40.8118367,-74.0753469,AT&T,234.23,17.57,28.6,50,26,232.7,True,South_Upper,DAS-S2,42.3,91.5
TILE_01184,032023169966408,40.8118367,-74.0753469,T-Mobile,221.44,27.31,11.6,61,24,232.7,True,South_Upper,DAS-S2,42.3,91.5
TILE_01185,032023188121896,40.8118367,-74.0748571,Verizon,263.41,30.15,28.1,120,31,220.5,True,South_Upper,DAS-S1,58.3,88.3
TILE_01186,032023185481080,40.8118367,-74.0748571,AT&T,194.71,33.34,37.6,100,44,220.5,True,South_Upper,DAS-S1,58.3,88.3
TILE_01187,032023171973197,40.8118367,-74.0746122,T-Mobile,216.87,43.67,22.6,123,50,217.1,True,South_Upper,DAS-S1,39.2,92.2
TILE_01188,032023114543076,40.8118367,-74.0746122,US Cellular,60.0,10.68,46.1,23,16,217.1,True,South_Upper,DAS-S1,39.2,92.2
TILE_01189,032023191610162,40.8118367,-74.0743673,Verizon,230.39,26.04,20.5,245,61,215.6,True,South_Upper,DAS-S1,23.0,95.4
TILE_01190,032023118091495,40.8118367,-74.0741224,Verizon,224.51,23.93,18.4,188,77,216.2,True,South_Upper,DAS-S1,19.3,96.1
TILE_01191,032023157802854,40.8118367,-74.0741224,AT&T,176.23,24.67,26.9,179,124,216.2,True,South_Upper,DAS-S1,19.3,96.1
TILE_01192,032023190864089,40.8118367,-74.0738776,Verizon,257.31,31.55,16.6,94,59,218.6,True,South_Upper,DAS-S1,32.7,93.5
TILE_01193,032023194365934,40.8118367,-74.0738776,T-Mobile,169.49,24.9,17.1,72,36,218.6,True,South_Upper,DAS-S1,32.7,93.5
TILE_01194,032023151338231,40.8118367,-74.0736327,Verizon,183.73,38.18,27.0,114,81,223.0,True,South_Upper,DAS-S1,51.2,89.8
TILE_01195,032023188355688,40.8118367,-74.0736327,AT&T,172.6,30.67,24.0,110,116,223.0,True,South_Upper,DAS-S1,51.2,89.8
TILE_01196,032023156240184,40.8118367,-74.0733878,AT&T,178.88,32.36,35.7,47,27,229.2,True,South_Upper,DAS-S1,70.9,85.8
TILE_01197,032023115491455,40.8118367,-74.0731429,Verizon,145.94,41.57,23.9,115,57,237.0,True,South_Upper,DAS-S1,91.0,81.8
TILE_01198,032023149687716,40.8118367,-74.0731429,AT&T,149.7,20.41,36.7,107,38,237.0,True,South_Upper,DAS-S1,91.0,81.8
TILE_01199,032023171875614,40.8118367,-74.0731429,T-Mobile,218.5,35.66,18.3,90,36,237.0,True,South_Upper,DAS-S1,91.0,81.8
TILE_01200,032023179442830,40.8118367,-74.072898,Verizon,78.28,17.05,34.9,69,19,246.3,True,South_Upper,DAS-S1,111.3,77.7
TILE_01201,032023139220880,40.8118367,-74.072898,AT&T,121.83,7.26,34.0,49,29,246.3,True,South_Upper,DAS-S1,111.3,77.7
TILE_01202,032023139885655,40.8118367,-74.0726531,Verizon,179.8,23.54,31.8,184,176,256.9,True,South_Upper,DAS-S1,131.8,73.6
TILE_01203,032023152874098,40.8118367,-74.0726531,AT&T,101.56,8.22,41.2,132,76,256.9,True,South_Upper,DAS-S1,131.8,73.6
TILE_01204,032023165794047,40.8118367,-74.0724082,Verizon,127.71,13.44,28.8,38,18,268.7,True,South_Upper,DAS-S1,152.3,69.5
TILE_01205,032023115815783,40.8118367,-74.0724082,AT&T,100.58,11.43,36.7,50,12,268.7,True,South_Upper,DAS-S1,152.3,69.5
TILE_01206,032023190471091,40.8118367,-74.0724082,T-Mobile,63.87,55.1,16.7,40,16,268.7,True,South_Upper,DAS-S1,152.3,69.5
TILE_01207,032023154468378,40.8118367,-74.0721633,Verizon,159.9,27.76,35.6,255,84,281.6,True,South_Upper,DAS-S1,172.8,65.4
TILE_01208,032023168859813,40.8118367,-74.0721633,AT&T,135.07,11.09,39.1,201,80,281.6,True,South_Upper,DAS-S1,172.8,65.4
TILE_01209,032023118487843,40.8118367,-74.0721633,T-Mobile,60.68,17.29,24.3,122,60,281.6,True,South_Upper,DAS-S1,172.8,65.4
TILE_01210,032023121938635,40.8118367,-74.0719184,Verizon,121.82,14.8,43.3,249,99,295.3,True,South_Upper,DAS-S1,193.4,61.3
TILE_01211,032023174955721,40.8118367,-74.0719184,AT&T,108.75,11.23,36.0,235,68,295.3,True,South_Upper,DAS-S1,193.4,61.3
TILE_01212,032023157837933,40.8118367,-74.0716735,AT&T,93.96,12.37,41.3,96,105,309.8,True,South_Upper,DAS-S1,213.9,60.0
TILE_01213,032023127436013,40.8118367,-74.0716735,T-Mobile,32.76,11.89,36.0,147,86,309.8,True,South_Upper,DAS-S1,213.9,60.0
TILE_01214,032023165633503,40.8118367,-74.0714286,AT&T,78.79,10.76,35.3,151,76,324.9,True,Concourse,DAS-E1,224.4,60.0
TILE_01215,032023120491487,40.8118367,-74.0711837,AT&T,87.35,17.96,52.1,226,83,340.7,True,Concourse,DAS-E1,220.4,60.0
TILE_01216,032023160702880,40.8118367,-74.0711837,T-Mobile,159.62,22.99,29.9,284,105,340.7,True,Concourse,DAS-E1,220.4,60.0
TILE_01217,032023172388059,40.8118367,-74.0709388,Verizon,39.03,18.13,45.1,237,68,356.9,True,Concourse,DAS-E1,218.3,60.0
TILE_01218,032023110308210,40.8118367,-74.0706939,Verizon,119.97,17.04,35.5,144,70,373.6,True,Concourse,DAS-E1,218.2,60.0
TILE_01219,032023169304222,40.8118367,-74.0706939,AT&T,125.63,12.34,48.8,85,50,373.6,True,Concourse,DAS-E1,218.2,60.0
TILE_01220,032023165806176,40.8118367,-74.0706939,T-Mobile,143.89,7.98,33.7,115,31,373.6,True,Concourse,DAS-E1,218.2,60.0
TILE_01221,032023194306907,40.8118367,-74.070449,Verizon,83.29,2.57,34.3,214,57,390.6,True,Concourse,DAS-E1,220.0,60.0
TILE_01222,032023116240110,40.8118367,-74.070449,AT&T,92.52,5.06,53.1,99,62,390.6,True,Concourse,DAS-E1,220.0,60.0
TILE_01223,032023144813012,40.8118367,-74.0702041,Verizon,103.49,8.72,30.1,53,25,408.0,False,Exterior,DAS-E1,223.7,59.2
TILE_01224,032023119243165,40.8118367,-74.0702041,AT&T,71.58,17.26,45.4,64,22,408.0,False,Exterior,DAS-E1,223.7,59.2
TILE_01225,032023191333368,40.8118367,-74.0699592,Verizon,116.61,10.53,29.8,76,44,425.7,False,Exterior,DAS-E1,229.3,57.4
TILE_01226,032023132913182,40.8118367,-74.0699592,AT&T,58.75,8.29,59.8,78,36,425.7,False,Exterior,DAS-E1,229.3,57.4
TILE_01227,032023180091411,40.8118367,-74.0699592,T-Mobile,198.72,24.8,25.9,51,28,425.7,False,Exterior,DAS-E1,229.3,57.4
TILE_01228,032023136915273,40.8118367,-74.0697143,Verizon,10.0,5.97,37.5,24,30,443.7,False,Exterior,DAS-E1,236.5,55.6
TILE_01229,032023183535936,40.8118367,-74.0697143,T-Mobile,211.39,7.37,28.4,52,18,443.7,False,Exterior,DAS-E1,236.5,55.6
TILE_01230,032023110982128,40.8118367,-74.0697143,US Cellular,44.57,5.6,70.5,12,5,443.7,False,Exterior,DAS-E1,236.5,55.6
TILE_01231,032023199746667,40.8118367,-74.0694694,Verizon,78.66,16.44,47.3,15,5,461.8,False,Exterior,DAS-E1,245.2,53.8
TILE_01232,032023159298411,40.8118367,-74.0692245,Verizon,95.11,9.35,48.7,60,39,480.2,False,Exterior,DAS-E1,255.4,52.0
TILE_01233,032023136490526,40.8118367,-74.0692245,T-Mobile,83.1,10.89,31.2,54,32,480.2,False,Exterior,DAS-E1,255.4,52.0
TILE_01234,032023186462309,40.8118367,-74.0689796,AT&T,82.15,17.83,53.5,20,18,498.7,False,Exterior,DAS-E1,266.7,50.1
TILE_01235,032023125122137,40.8118367,-74.0689796,T-Mobile,96.52,27.28,34.0,44,16,498.7,False,Exterior,DAS-E1,266.7,50.1
TILE_01236,032023132761383,40.8118367,-74.0687347,T-Mobile,162.79,25.05,41.0,30,12,517.4,False,Exterior,DAS-E1,279.1,48.3
TILE_01237,032023111252476,40.8118367,-74.0684898,Verizon,82.91,5.18,47.5,9,11,536.3,False,Exterior,DAS-E1,292.4,46.4
TILE_01238,032023167928283,40.8118367,-74.0684898,AT&T,42.37,9.05,58.9,18,10,536.3,False,Exterior,DAS-E1,292.4,46.4
TILE_01239,032023194765492,40.8118367,-74.0684898,T-Mobile,160.34,19.25,49.4,9,7,536.3,False,Exterior,DAS-E1,292.4,46.4
TILE_01240,032023125005082,40.8118367,-74.0682449,AT&T,49.06,10.77,62.3,26,13,555.3,False,Exterior,DAS-E1,306.6,44.5
TILE_01241,032023162527473,40.8118367,-74.0682449,US Cellular,49.0,4.36,90.4,5,3,555.3,False,Exterior,DAS-E1,306.6,44.5
TILE_01242,032023187744831,40.8118367,-74.068,Verizon,55.11,2.0,55.7,52,25,574.4,False,Exterior,DAS-E1,321.5,42.6
TILE_01243,032023157115898,40.8118367,-74.068,AT&T,80.07,19.0,64.2,40,19,574.4,False,Exterior,DAS-E1,321.5,42.6
TILE_01244,032023164665377,40.8119898,-74.08,AT&T,131.86,18.95,54.2,4,3,519.5,False,Exterior,DAS-W1,273.6,48.0
TILE_01245,032023141679472,40.8119898,-74.0797551,AT&T,67.48,8.04,69.9,7,4,500.5,False,Exterior,DAS-W1,260.0,50.0
TILE_01246,032023151237728,40.8119898,-74.0795102,Verizon,145.46,10.89,43.7,26,12,481.6,False,Exterior,DAS-W1,247.4,51.8
TILE_01247,032023197860464,40.8119898,-74.0795102,T-Mobile,127.37,19.78,25.9,23,9,481.6,False,Exterior,DAS-W1,247.4,51.8
TILE_01248,032023149926830,40.8119898,-74.0792653,AT&T,50.83,2.0,44.0,45,24,462.9,False,Exterior,DAS-W1,236.0,53.7
TILE_01249,032023139613509,40.8119898,-74.0790204,AT&T,113.75,8.69,49.9,19,5,444.3,False,Exterior,DAS-W1,225.9,55.6
TILE_01250,032023132880032,40.8119898,-74.0787755,Verizon,158.07,14.55,46.3,56,32,425.9,False,Exterior,DAS-W1,217.2,57.4
TILE_01251,032023146644300,40.8119898,-74.0787755,T-Mobile,114.95,25.32,26.6,43,15,425.9,False,Exterior,DAS-W1,217.2,57.4
TILE_01252,032023148009708,40.8119898,-74.0785306,Verizon,78.98,22.86,38.4,67,23,407.7,False,Exterior,DAS-W1,210.3,59.2
TILE_01253,032023185533233,40.8119898,-74.0785306,AT&T,119.64,19.71,53.5,64,29,407.7,False,Exterior,DAS-W1,210.3,59.2
TILE_01254,032023162374298,40.8119898,-74.0785306,T-Mobile,111.52,34.43,36.3,34,17,407.7,False,Exterior,DAS-W1,210.3,59.2
TILE_01255,032023139728134,40.8119898,-74.0782857,AT&T,83.37,4.03,42.7,19,8,389.8,False,Exterior,DAS-W1,205.2,61.0
TILE_01256,032023181230221,40.8119898,-74.0780408,Verizon,148.23,17.27,30.8,375,126,372.2,True,Concourse,DAS-S2,189.1,62.2
TILE_01257,032023174296297,40.8119898,-74.0777959,Verizon,164.37,18.3,33.3,348,84,354.9,True,Concourse,DAS-S2,168.4,66.3
TILE_01258,032023160947094,40.8119898,-74.0777959,AT&T,127.47,10.43,41.5,179,160,354.9,True,Concourse,DAS-S2,168.4,66.3
TILE_01259,032023174090646,40.8119898,-74.0777959,US Cellular,62.69,13.52,55.3,53,28,354.9,True,Concourse,DAS-S2,168.4,66.3
TILE_01260,032023119791929,40.8119898,-74.077551,Verizon,64.22,21.68,35.3,221,80,338.0,True,Concourse,DAS-S2,147.7,70.5
TILE_01261,032023165944573,40.8119898,-74.077551,AT&T,81.86,24.99,37.9,188,70,338.0,True,Concourse,DAS-S2,147.7,70.5
TILE_01262,032023141625934,40.8119898,-74.077551,US Cellular,61.77,5.47,47.2,17,14,338.0,True,Concourse,DAS-S2,147.7,70.5
TILE_01263,032023121677720,40.8119898,-74.0773061,AT&T,140.08,15.1,23.0,139,72,321.5,True,Concourse,DAS-S2,127.1,74.6
TILE_01264,032023128787562,40.8119898,-74.0773061,T-Mobile,137.95,15.3,27.4,140,34,321.5,True,Concourse,DAS-S2,127.1,74.6
TILE_01265,032023199283081,40.8119898,-74.0770612,Verizon,184.21,19.52,30.2,47,16,305.5,True,Concourse,DAS-S2,106.4,78.7
TILE_01266,032023122432878,40.8119898,-74.0770612,US Cellular,33.6,13.53,41.1,11,2,305.5,True,Concourse,DAS-S2,106.4,78.7
TILE_01267,032023137699730,40.8119898,-74.0768163,AT&T,203.66,26.23,33.9,110,39,290.1,True,South_Upper,DAS-S2,85.8,82.8
TILE_01268,032023176096884,40.8119898,-74.0765714,Verizon,226.7,31.42,23.2,101,64,275.4,True,South_Upper,DAS-S2,65.1,87.0
TILE_01269,032023174062847,40.8119898,-74.0763265,T-Mobile,200.82,57.25,13.8,58,21,261.5,True,South_Upper,DAS-S2,44.4,91.1
TILE_01270,032023182878934,40.8119898,-74.0760816,Verizon,272.45,29.64,23.8,115,62,248.6,True,South_Upper,DAS-S2,23.8,95.2
TILE_01271,032023156826834,40.8119898,-74.0760816,AT&T,173.93,20.49,33.3,103,47,248.6,True,South_Upper,DAS-S2,23.8,95.2
TILE_01272,032023128118216,40.8119898,-74.0760816,T-Mobile,297.53,44.26,17.9,65,46,248.6,True,South_Upper,DAS-S2,23.8,95.2
TILE_01273,032023150359149,40.8119898,-74.0760816,US Cellular,92.2,10.12,34.8,19,8,248.6,True,South_Upper,DAS-S2,23.8,95.2
TILE_01274,032023122383799,40.8119898,-74.0755918,AT&T,231.86,42.29,28.4,63,37,226.1,True,South_Upper,DAS-S2,17.6,96.5
TILE_01275,032023131232802,40.8119898,-74.0753469,Verizon,198.36,10.81,23.0,230,171,217.0,True,South_Upper,DAS-S2,38.2,92.4
TILE_01276,032023121106835,40.8119898,-74.0753469,AT&T,224.77,18.39,21.6,235,116,217.0,True,South_Upper,DAS-S2,38.2,92.4
TILE_01277,032023131075379,40.8119898,-74.075102,AT&T,205.79,16.15,31.0,43,21,209.5,True,South_Upper,DAS-S2,58.9,88.2
TILE_01278,032023145540404,40.8119898,-74.075102,T-Mobile,244.52,31.87,20.1,36,23,209.5,True,South_Upper,DAS-S2,58.9,88.2
TILE_01279,032023172538438,40.8119898,-74.0748571,Verizon,147.9,15.89,32.7,96,23,203.9,True,South_Upper,DAS-S1,55.5,88.9
TILE_01280,032023131421864,40.8119898,-74.0746122,Verizon,262.2,32.77,23.4,105,49,200.2,True,South_Upper,DAS-S1,34.8,93.0
TILE_01281,032023166150911,40.8119898,-74.0746122,T-Mobile,207.81,45.47,19.2,57,41,200.2,True,South_Upper,DAS-S1,34.8,93.0
TILE_01282,032023141643541,40.8119898,-74.0743673,Verizon,228.25,28.77,18.4,64,47,198.6,True,South_Upper,DAS-S1,14.2,97.2
TILE_01283,032023152501732,40.8119898,-74.0743673,AT&T,190.66,23.13,24.0,50,30,198.6,True,South_Upper,DAS-S1,14.2,97.2
TILE_01284,032023138808723,40.8119898,-74.0743673,T-Mobile,263.2,44.11,8.4,86,35,198.6,True,South_Upper,DAS-S1,14.2,97.2
TILE_01285,032023123182955,40.8119898,-74.0741224,Verizon,225.53,50.27,13.4,128,56,199.2,True,South_Upper,DAS-S1,6.6,98.7
TILE_01286,032023142553575,40.8119898,-74.0741224,AT&T,168.22,17.12,32.1,89,50,199.2,True,South_Upper,DAS-S1,6.6,98.7
TILE_01287,032023182395708,40.8119898,-74.0741224,T-Mobile,239.03,45.06,14.7,53,27,199.2,True,South_Upper,DAS-S1,6.6,98.7
TILE_01288,032023177255404,40.8119898,-74.0738776,Verizon,178.74,24.01,21.4,50,33,201.9,True,South_Upper,DAS-S1,27.2,94.6
TILE_01289,032023143491642,40.8119898,-74.0738776,AT&T,221.18,13.67,31.6,62,39,201.9,True,South_Upper,DAS-S1,27.2,94.6
TILE_01290,032023181784771,40.8119898,-74.0733878,Verizon,264.9,40.16,26.8,102,37,213.3,True,South_Upper,DAS-S1,68.5,86.3
TILE_01291,032023187683399,40.8119898,-74.0731429,AT&T,130.8,27.08,43.5,197,54,221.7,True,South_Upper,DAS-S1,89.2,82.2
TILE_01292,032023152333880,40.8119898,-74.0731429,US Cellular,132.62,9.41,39.3,25,22,221.7,True,South_Upper,DAS-S1,89.2,82.2
TILE_01293,032023199139249,40.8119898,-74.072898,Verizon,114.42,29.21,21.5,86,94,231.6,True,South_Upper,DAS-S1,109.9,78.0
TILE_01294,032023190262936,40.8119898,-74.072898,T-Mobile,259.0,42.85,19.6,60,55,231.6,True,South_Upper,DAS-S1,109.9,78.0
TILE_01295,032023195399822,40.8119898,-74.0726531,T-Mobile,116.68,25.66,19.8,107,59,242.9,True,South_Upper,DAS-S1,130.5,73.9
TILE_01296,032023188316739,40.8119898,-74.0724082,Verizon,158.66,20.69,34.0,120,34,255.3,True,South_Upper,DAS-S1,151.2,69.8
TILE_01297,032023194980275,40.8119898,-74.0724082,T-Mobile,253.6,33.54,18.7,37,24,255.3,True,South_Upper,DAS-S1,151.2,69.8
TILE_01298,032023159577143,40.8119898,-74.0724082,US Cellular,78.62,19.7,47.3,14,10,255.3,True,South_Upper,DAS-S1,151.2,69.8
TILE_01299,032023130529671,40.8119898,-74.0721633,Verizon,100.43,12.88,30.9,152,63,268.8,True,South_Upper,DAS-S1,171.9,65.6
TILE_01300,032023183689553,40.8119898,-74.0721633,AT&T,129.76,12.71,37.0,110,35,268.8,True,South_Upper,DAS-S1,171.9,65.6
TILE_01301,032023198829579,40.8119898,-74.0721633,T-Mobile,98.96,19.08,22.1,109,36,268.8,True,South_Upper,DAS-S1,171.9,65.6
TILE_01302,032023170608433,40.8119898,-74.0719184,Verizon,139.8,7.2,40.8,237,113,283.1,True,South_Upper,DAS-S1,192.5,61.5
TILE_01303,032023189971029,40.8119898,-74.0719184,AT&T,133.51,7.81,41.1,113,68,283.1,True,South_Upper,DAS-S1,192.5,61.5
TILE_01304,032023171828483,40.8119898,-74.0719184,T-Mobile,173.59,41.91,35.5,99,49,283.1,True,South_Upper,DAS-S1,192.5,61.5
TILE_01305,032023119973741,40.8119898,-74.0716735,Verizon,108.77,20.1,47.0,98,63,298.2,True,South_Upper,DAS-S1,213.2,60.0
TILE_01306,032023131150647,40.8119898,-74.0716735,AT&T,63.27,6.93,53.6,128,57,298.2,True,South_Upper,DAS-S1,213.2,60.0
TILE_01307,032023187517188,40.8119898,-74.0716735,T-Mobile,154.81,18.4,33.0,165,79,298.2,True,South_Upper,DAS-S1,213.2,60.0
TILE_01308,032023179588057,40.8119898,-74.0714286,Verizon,82.95,3.05,33.1,59,38,313.9,True,Concourse,DAS-E1,207.9,60.0
TILE_01309,032023195530766,40.8119898,-74.0714286,AT&T,94.8,16.16,47.7,45,37,313.9,True,Concourse,DAS-E1,207.9,60.0
TILE_01310,032023113962487,40.8119898,-74.0711837,Verizon,138.79,15.3,39.4,62,27,330.2,True,Concourse,DAS-E1,203.6,60.0
TILE_01311,032023184473070,40.8119898,-74.0711837,T-Mobile,114.64,21.69,27.3,77,25,330.2,True,Concourse,DAS-E1,203.6,60.0
TILE_01312,032023127035837,40.8119898,-74.0709388,Verizon,102.41,3.48,44.4,192,97,346.9,True,Concourse,DAS-E1,201.4,60.0
TILE_01313,032023189751801,40.8119898,-74.0706939,AT&T,134.67,14.16,40.2,164,52,364.0,True,Concourse,DAS-E1,201.2,60.0
TILE_01314,032023199310751,40.8119898,-74.0706939,T-Mobile,149.13,26.99,43.9,106,52,364.0,True,Concourse,DAS-E1,201.2,60.0
TILE_01315,032023151543415,40.8119898,-74.070449,AT&T,120.05,11.33,43.5,128,32,381.5,True,Concourse,DAS-E1,203.2,60.0
TILE_01316,032023182056871,40.8119898,-74.070449,T-Mobile,119.94,16.05,37.6,100,34,381.5,True,Concourse,DAS-E1,203.2,60.0
TILE_01317,032023125366391,40.8119898,-74.0702041,T-Mobile,170.88,12.1,26.3,40,20,399.3,False,Exterior,DAS-E1,207.2,60.1
TILE_01318,032023135157567,40.8119898,-74.0699592,Verizon,119.66,28.28,37.3,37,11,417.4,False,Exterior,DAS-E1,213.2,58.3
TILE_01319,032023179938710,40.8119898,-74.0699592,T-Mobile,121.44,2.0,29.4,17,12,417.4,False,Exterior,DAS-E1,213.2,58.3
TILE_01320,032023123074740,40.8119898,-74.0697143,AT&T,52.61,2.0,46.8,53,22,435.6,False,Exterior,DAS-E1,220.9,56.4
TILE_01321,032023141768587,40.8119898,-74.0697143,T-Mobile,17.7,13.57,30.5,37,34,435.6,False,Exterior,DAS-E1,220.9,56.4
TILE_01322,032023140221183,40.8119898,-74.0694694,Verizon,100.03,2.0,43.7,27,9,454.1,False,Exterior,DAS-E1,230.2,54.6
TILE_01323,032023150775905,40.8119898,-74.0692245,Verizon,127.98,2.61,38.6,95,31,472.8,False,Exterior,DAS-E1,241.0,52.7
TILE_01324,032023112452534,40.8119898,-74.0692245,AT&T,91.23,13.22,46.0,58,34,472.8,False,Exterior,DAS-E1,241.0,52.7
TILE_01325,032023177546053,40.8119898,-74.0692245,T-Mobile,148.61,14.14,35.4,54,17,472.8,False,Exterior,DAS-E1,241.0,52.7
TILE_01326,032023168182870,40.8119898,-74.0689796,Verizon,10.25,22.35,36.4,10,5,491.6,False,Exterior,DAS-E1,253.0,50.8
TILE_01327,032023187995037,40.8119898,-74.0689796,AT&T,66.98,20.29,54.4,8,5,491.6,False,Exterior,DAS-E1,253.0,50.8
TILE_01328,032023130113693,40.8119898,-74.0687347,Verizon,75.62,13.34,45.9,33,18,510.6,False,Exterior,DAS-E1,266.0,48.9
TILE_01329,032023133410858,40.8119898,-74.0687347,AT&T,102.75,2.0,49.4,18,17,510.6,False,Exterior,DAS-E1,266.0,48.9
TILE_01330,032023179605016,40.8119898,-74.0687347,T-Mobile,147.2,19.57,35.1,25,7,510.6,False,Exterior,DAS-E1,266.0,48.9
TILE_01331,032023141322599,40.8119898,-74.0687347,US Cellular,25.83,14.26,71.1,9,3,510.6,False,Exterior,DAS-E1,266.0,48.9
TILE_01332,032023185025432,40.8119898,-74.0684898,AT&T,141.9,9.05,56.2,60,26,529.7,False,Exterior,DAS-E1,280.0,47.0
TILE_01333,032023175954452,40.8119898,-74.0684898,T-Mobile,48.26,25.71,42.7,26,29,529.7,False,Exterior,DAS-E1,280.0,47.0
TILE_01334,032023118184966,40.8119898,-74.0682449,Verizon,45.24,20.26,54.3,30,21,548.9,False,Exterior,DAS-E1,294.8,45.1
TILE_01335,032023189911995,40.8119898,-74.0682449,AT&T,43.22,9.12,68.3,21,13,548.9,False,Exterior,DAS-E1,294.8,45.1
TILE_01336,032023176360812,40.8119898,-74.068,Verizon,108.25,19.37,44.7,60,36,568.2,False,Exterior,DAS-E1,310.2,43.2
TILE_01337,032023121868436,40.8119898,-74.068,AT&T,43.38,7.36,66.5,23,21,568.2,False,Exterior,DAS-E1,310.2,43.2
TILE_01338,032023150749403,40.8121429,-74.08,AT&T,69.46,10.85,58.4,33,23,513.3,False,Exterior,DAS-W1,261.4,48.7
TILE_01339,032023131428456,40.8121429,-74.0797551,Verizon,121.73,16.33,39.9,28,15,494.0,False,Exterior,DAS-W1,247.1,50.6
TILE_01340,032023185121074,40.8121429,-74.0797551,AT&T,105.87,13.99,59.5,15,12,494.0,False,Exterior,DAS-W1,247.1,50.6
TILE_01341,032023166571750,40.8121429,-74.0797551,T-Mobile,67.73,2.0,38.4,25,11,494.0,False,Exterior,DAS-W1,247.1,50.6
TILE_01342,032023138852311,40.8121429,-74.0795102,AT&T,56.87,2.0,50.1,35,30,474.8,False,Exterior,DAS-W1,233.9,52.5
TILE_01343,032023114318742,40.8121429,-74.0792653,Verizon,131.28,19.71,47.2,15,15,455.8,False,Exterior,DAS-W1,221.7,54.4
TILE_01344,032023140386263,40.8121429,-74.0792653,US Cellular,71.52,7.05,66.8,7,2,455.8,False,Exterior,DAS-W1,221.7,54.4
TILE_01345,032023135654017,40.8121429,-74.0790204,Verizon,95.26,3.15,45.1,31,7,436.9,False,Exterior,DAS-W1,210.9,56.3
TILE_01346,032023128539922,40.8121429,-74.0790204,AT&T,70.56,21.89,54.7,15,9,436.9,False,Exterior,DAS-W1,210.9,56.3
TILE_01347,032023195936998,40.8121429,-74.0787755,Verizon,48.75,19.33,38.2,12,3,418.2,False,Exterior,DAS-W1,201.6,58.2
TILE_01348,032023112185149,40.8121429,-74.0787755,AT&T,88.69,7.3,49.0,10,3,418.2,False,Exterior,DAS-W1,201.6,58.2
TILE_01349,032023136350576,40.8121429,-74.0787755,T-Mobile,206.82,12.6,24.2,10,4,418.2,False,Exterior,DAS-W1,201.6,58.2
TILE_01350,032023172895862,40.8121429,-74.0785306,Verizon,99.97,21.44,37.4,57,20,399.7,False,Exterior,DAS-W1,194.1,60.0
TILE_01351,032023178300361,40.8121429,-74.0785306,T-Mobile,127.44,26.85,29.3,25,15,399.7,False,Exterior,DAS-W1,194.1,60.0
TILE_01352,032023149571154,40.8121429,-74.0782857,T-Mobile,133.44,18.1,34.2,18,11,381.4,False,Exterior,DAS-W1,188.5,61.9
TILE_01353,032023150121520,40.8121429,-74.0780408,Verizon,188.6,2.0,34.6,60,39,363.4,True,Concourse,DAS-W1,185.1,63.0
TILE_01354,032023121693725,40.8121429,-74.0780408,AT&T,131.76,7.71,52.3,114,50,363.4,True,Concourse,DAS-W1,185.1,63.0
TILE_01355,032023135006498,40.8121429,-74.0780408,T-Mobile,82.45,19.44,39.0,121,32,363.4,True,Concourse,DAS-W1,185.1,63.0
TILE_01356,032023145284395,40.8121429,-74.0777959,Verizon,135.17,10.88,35.4,237,72,345.7,True,Concourse,DAS-S2,169.1,66.2
TILE_01357,032023178087223,40.8121429,-74.0777959,AT&T,47.82,8.32,46.2,154,110,345.7,True,Concourse,DAS-S2,169.1,66.2
TILE_01358,032023160020437,40.8121429,-74.0777959,T-Mobile,148.2,17.67,29.5,89,94,345.7,True,Concourse,DAS-S2,169.1,66.2
TILE_01359,032023148969594,40.8121429,-74.077551,Verizon,115.55,18.86,38.5,68,15,328.3,True,Concourse,DAS-S2,148.6,70.3
TILE_01360,032023141451493,40.8121429,-74.077551,AT&T,116.89,20.29,43.7,41,28,328.3,True,Concourse,DAS-S2,148.6,70.3
TILE_01361,032023119450007,40.8121429,-74.0773061,Verizon,157.81,13.38,31.7,140,160,311.2,True,Concourse,DAS-S2,128.1,74.4
TILE_01362,032023198666481,40.8121429,-74.0773061,AT&T,95.92,20.42,37.3,228,112,311.2,True,Concourse,DAS-S2,128.1,74.4
TILE_01363,032023165674396,40.8121429,-74.0773061,US Cellular,103.15,12.93,56.7,41,28,311.2,True,Concourse,DAS-S2,128.1,74.4
TILE_01364,032023189303201,40.8121429,-74.0770612,Verizon,169.13,15.96,19.3,39,14,294.7,True,Concourse,DAS-S2,107.6,78.5
TILE_01365,032023151463860,40.8121429,-74.0770612,AT&T,124.07,18.25,39.6,19,19,294.7,True,Concourse,DAS-S2,107.6,78.5
TILE_01366,032023152903784,40.8121429,-74.0770612,T-Mobile,171.48,31.07,23.8,23,14,294.7,True,Concourse,DAS-S2,107.6,78.5
TILE_01367,032023118638394,40.8121429,-74.0770612,US Cellular,123.85,9.49,36.1,6,3,294.7,True,Concourse,DAS-S2,107.6,78.5
TILE_01368,032023117890192,40.8121429,-74.0765714,Verizon,206.73,33.29,38.0,204,139,263.4,True,South_Upper,DAS-S2,67.0,86.6
TILE_01369,032023194975637,40.8121429,-74.0765714,T-Mobile,207.18,48.9,20.2,117,115,263.4,True,South_Upper,DAS-S2,67.0,86.6
TILE_01370,032023116232961,40.8121429,-74.0763265,AT&T,161.12,30.19,44.0,24,12,248.8,True,South_Upper,DAS-S2,47.2,90.6
TILE_01371,032023137151122,40.8121429,-74.0763265,T-Mobile,167.64,30.7,18.6,24,12,248.8,True,South_Upper,DAS-S2,47.2,90.6
TILE_01372,032023176312625,40.8121429,-74.0760816,Verizon,224.06,29.9,28.8,98,32,235.2,True,South_Upper,DAS-S2,28.6,94.3
TILE_01373,032023177619743,40.8121429,-74.0758367,Verizon,202.34,28.38,26.3,96,78,222.6,True,South_Upper,DAS-S2,16.2,96.8
TILE_01374,032023189087653,40.8121429,-74.0758367,AT&T,181.59,27.16,27.1,117,33,222.6,True,South_Upper,DAS-S2,16.2,96.8
TILE_01375,032023121733493,40.8121429,-74.0758367,T-Mobile,324.35,48.51,20.0,147,32,222.6,True,South_Upper,DAS-S2,16.2,96.8
TILE_01376,032023127629639,40.8121429,-74.0755918,Verizon,221.75,27.53,22.1,307,183,211.4,True,South_Upper,DAS-S2,23.7,95.3
TILE_01377,032023120336494,40.8121429,-74.0755918,AT&T,147.29,22.15,25.2,182,151,211.4,True,South_Upper,DAS-S2,23.7,95.3
TILE_01378,032023140646814,40.8121429,-74.0755918,T-Mobile,246.58,38.5,9.2,243,98,211.4,True,South_Upper,DAS-S2,23.7,95.3
TILE_01379,032023144720332,40.8121429,-74.0753469,Verizon,234.8,41.29,32.9,308,132,201.6,True,South_Upper,DAS-S2,41.4,91.7
TILE_01380,032023192283508,40.8121429,-74.0753469,T-Mobile,288.71,45.46,15.3,213,75,201.6,True,South_Upper,DAS-S2,41.4,91.7
TILE_01381,032023126072388,40.8121429,-74.075102,Verizon,183.72,44.62,27.8,56,23,193.5,True,South_Upper,DAS-S2,61.0,87.8
TILE_01382,032023130724463,40.8121429,-74.075102,AT&T,198.22,27.04,29.5,23,11,193.5,True,South_Upper,DAS-S2,61.0,87.8
TILE_01383,032023168665956,40.8121429,-74.075102,T-Mobile,341.43,31.44,26.1,45,10,193.5,True,South_Upper,DAS-S2,61.0,87.8
TILE_01384,032023174970041,40.8121429,-74.0748571,Verizon,180.65,36.76,34.6,114,56,187.4,True,South_Upper,DAS-S1,57.7,88.5
TILE_01385,032023174711379,40.8121429,-74.0748571,AT&T,248.13,9.62,32.1,71,49,187.4,True,South_Upper,DAS-S1,57.7,88.5
TILE_01386,032023119922392,40.8121429,-74.0746122,Verizon,189.61,31.14,28.2,124,87,183.4,True,South_Upper,DAS-S1,38.2,92.4
TILE_01387,032023140675261,40.8121429,-74.0746122,AT&T,215.48,24.83,22.7,204,79,183.4,True,South_Upper,DAS-S1,38.2,92.4
TILE_01388,032023124052001,40.8121429,-74.0743673,Verizon,245.78,24.89,28.1,327,177,181.6,True,South_Upper,DAS-S1,21.2,95.8
TILE_01389,032023177051492,40.8121429,-74.0743673,T-Mobile,267.22,32.7,35.3,130,117,181.6,True,South_Upper,DAS-S1,21.2,95.8
TILE_01390,032023120868730,40.8121429,-74.0743673,US Cellular,142.24,18.28,38.2,50,20,181.6,True,South_Upper,DAS-S1,21.2,95.8
TILE_01391,032023112045112,40.8121429,-74.0741224,Verizon,178.53,30.48,22.9,211,74,182.3,True,South_Upper,DAS-S1,17.2,96.6
TILE_01392,032023194534799,40.8121429,-74.0741224,AT&T,202.39,14.09,30.0,99,74,182.3,True,South_Upper,DAS-S1,17.2,96.6
TILE_01393,032023130510384,40.8121429,-74.0741224,US Cellular,158.37,9.09,33.6,22,16,182.3,True,South_Upper,DAS-S1,17.2,96.6
TILE_01394,032023124609073,40.8121429,-74.0738776,Verizon,257.48,21.24,37.9,183,65,185.2,True,South_Upper,DAS-S1,31.5,93.7
TILE_01395,032023151638539,40.8121429,-74.0738776,AT&T,179.49,31.77,30.0,76,97,185.2,True,South_Upper,DAS-S1,31.5,93.7
TILE_01396,032023135517076,40.8121429,-74.0736327,Verizon,154.02,26.18,24.2,46,23,190.4,True,South_Upper,DAS-S1,50.4,89.9
TILE_01397,032023189423483,40.8121429,-74.0736327,AT&T,173.02,17.18,32.1,57,31,190.4,True,South_Upper,DAS-S1,50.4,89.9
TILE_01398,032023185470006,40.8121429,-74.0736327,T-Mobile,207.1,26.18,16.9,34,31,190.4,True,South_Upper,DAS-S1,50.4,89.9
TILE_01399,032023170413161,40.8121429,-74.0736327,US Cellular,123.69,20.88,34.4,8,7,190.4,True,South_Upper,DAS-S1,50.4,89.9
TILE_01400,032023176148925,40.8121429,-74.0733878,Verizon,222.92,25.92,35.4,169,97,197.6,True,South_Upper,DAS-S1,70.3,85.9
TILE_01401,032023191659161,40.8121429,-74.0733878,AT&T,149.47,23.7,36.7,179,100,197.6,True,South_Upper,DAS-S1,70.3,85.9
TILE_01402,032023131343053,40.8121429,-74.0733878,T-Mobile,249.62,42.52,20.8,154,82,197.6,True,South_Upper,DAS-S1,70.3,85.9
TILE_01403,032023193258934,40.8121429,-74.0731429,Verizon,155.02,20.78,35.9,103,61,206.6,True,South_Upper,DAS-S1,90.6,81.9
TILE_01404,032023185696899,40.8121429,-74.0731429,AT&T,120.29,15.03,35.8,46,35,206.6,True,South_Upper,DAS-S1,90.6,81.9
TILE_01405,032023198273148,40.8121429,-74.0731429,T-Mobile,117.7,33.87,27.7,46,46,206.6,True,South_Upper,DAS-S1,90.6,81.9
TILE_01406,032023192288556,40.8121429,-74.072898,Verizon,113.44,22.02,20.0,75,36,217.2,True,South_Upper,DAS-S1,111.0,77.8
TILE_01407,032023115576467,40.8121429,-74.072898,AT&T,137.61,11.87,32.2,70,34,217.2,True,South_Upper,DAS-S1,111.0,77.8
TILE_01408,032023150909639,40.8121429,-74.072898,T-Mobile,149.55,16.5,32.1,66,19,217.2,True,South_Upper,DAS-S1,111.0,77.8
TILE_01409,032023131404253,40.8121429,-74.0726531,AT&T,117.37,25.36,38.2,74,36,229.2,True,South_Upper,DAS-S1,131.5,73.7
TILE_01410,032023119439298,40.8121429,-74.0726531,T-Mobile,171.83,19.17,17.9,113,36,229.2,True,South_Upper,DAS-S1,131.5,73.7
TILE_01411,032023113900531,40.8121429,-74.0724082,AT&T,80.57,3.75,39.6,89,28,242.3,True,South_Upper,DAS-S1,152.0,69.6
TILE_01412,032023179887231,40.8121429,-74.0721633,Verizon,195.62,12.35,37.9,157,135,256.5,True,South_Upper,DAS-S1,172.6,65.5
TILE_01413,032023174762183,40.8121429,-74.0721633,AT&T,155.05,18.53,44.4,182,109,256.5,True,South_Upper,DAS-S1,172.6,65.5
TILE_01414,032023168183941,40.8121429,-74.0721633,T-Mobile,164.88,38.88,33.0,178,92,256.5,True,South_Upper,DAS-S1,172.6,65.5
TILE_01415,032023128694081,40.8121429,-74.0721633,US Cellular,67.13,6.27,50.0,62,21,256.5,True,South_Upper,DAS-S1,172.6,65.5
TILE_01416,032023149621121,40.8121429,-74.0719184,AT&T,93.18,23.9,50.5,231,98,271.5,True,South_Upper,DAS-S1,193.2,61.4
TILE_01417,032023196061816,40.8121429,-74.0719184,T-Mobile,108.03,22.36,24.2,103,71,271.5,True,South_Upper,DAS-S1,193.2,61.4
TILE_01418,032023138110806,40.8121429,-74.0716735,Verizon,173.23,13.28,50.7,134,78,287.2,True,South_Upper,DAS-E1,198.2,60.4
TILE_01419,032023131929917,40.8121429,-74.0716735,AT&T,48.38,18.09,42.3,117,49,287.2,True,South_Upper,DAS-E1,198.2,60.4
TILE_01420,032023117018050,40.8121429,-74.0716735,T-Mobile,83.17,14.14,27.6,72,48,287.2,True,South_Upper,DAS-E1,198.2,60.4
TILE_01421,032023196076189,40.8121429,-74.0714286,Verizon,54.57,12.29,39.3,95,70,303.4,True,Concourse,DAS-E1,191.5,61.7
TILE_01422,032023196408127,40.8121429,-74.0714286,AT&T,58.81,20.04,36.2,194,103,303.4,True,Concourse,DAS-E1,191.5,61.7
TILE_01423,032023190596730,40.8121429,-74.0714286,T-Mobile,47.52,20.95,27.7,134,88,303.4,True,Concourse,DAS-E1,191.5,61.7
TILE_01424,032023145838816,40.8121429,-74.0711837,US Cellular,44.89,9.96,49.7,64,19,320.2,True,Concourse,DAS-E1,186.9,62.6
TILE_01425,032023199211407,40.8121429,-74.0709388,T-Mobile,116.25,22.89,21.1,196,68,337.5,True,Concourse,DAS-E1,184.4,63.1
TILE_01426,032023138020186,40.8121429,-74.0706939,Verizon,125.65,20.79,40.9,221,103,355.0,True,Concourse,DAS-E1,184.2,63.2
TILE_01427,032023154699637,40.8121429,-74.0702041,AT&T,26.93,14.53,50.6,30,13,391.1,False,Exterior,DAS-E1,190.8,60.9
TILE_01428,032023149634048,40.8121429,-74.0697143,Verizon,111.71,23.0,40.9,31,8,428.2,False,Exterior,DAS-E1,205.6,57.2
TILE_01429,032023182440109,40.8121429,-74.0697143,AT&T,10.0,18.8,47.8,13,9,428.2,False,Exterior,DAS-E1,205.6,57.2
TILE_01430,032023144396168,40.8121429,-74.0697143,T-Mobile,67.29,16.34,26.6,12,9,428.2,False,Exterior,DAS-E1,205.6,57.2
TILE_01431,032023173781109,40.8121429,-74.0694694,T-Mobile,155.34,15.5,38.4,68,17,447.0,False,Exterior,DAS-E1,215.6,55.3
TILE_01432,032023146922601,40.8121429,-74.0692245,Verizon,32.51,17.87,46.3,18,8,465.9,False,Exterior,DAS-E1,227.0,53.4
TILE_01433,032023112426597,40.8121429,-74.0692245,AT&T,40.81,2.0,55.1,18,8,465.9,False,Exterior,DAS-E1,227.0,53.4
TILE_01434,032023116067021,40.8121429,-74.0692245,T-Mobile,10.0,29.96,34.7,6,4,465.9,False,Exterior,DAS-E1,227.0,53.4
TILE_01435,032023182095331,40.8121429,-74.0689796,Verizon,94.27,13.8,43.1,67,23,485.0,False,Exterior,DAS-E1,239.7,51.5
TILE_01436,032023143635302,40.8121429,-74.0689796,T-Mobile,109.29,28.99,34.2,55,33,485.0,False,Exterior,DAS-E1,239.7,51.5
TILE_01437,032023123065629,40.8121429,-74.0687347,Verizon,107.36,8.28,41.5,35,28,504.2,False,Exterior,DAS-E1,253.4,49.6
TILE_01438,032023162381295,40.8121429,-74.0687347,T-Mobile,91.3,27.03,33.3,41,12,504.2,False,Exterior,DAS-E1,253.4,49.6
TILE_01439,032023119526792,40.8121429,-74.0684898,Verizon,115.92,22.75,48.3,61,34,523.6,False,Exterior,DAS-E1,268.1,47.6
TILE_01440,032023125280081,40.8121429,-74.0684898,AT&T,118.97,11.54,57.6,74,19,523.6,False,Exterior,DAS-E1,268.1,47.6
TILE_01441,032023177063587,40.8121429,-74.0684898,T-Mobile,134.81,7.27,32.9,70,34,523.6,False,Exterior,DAS-E1,268.1,47.6
TILE_01442,032023133911626,40.8121429,-74.0682449,Verizon,20.44,2.0,44.6,68,27,543.0,False,Exterior,DAS-E1,283.4,45.7
TILE_01443,032023115305316,40.8121429,-74.0682449,AT&T,48.64,10.46,49.0,42,25,543.0,False,Exterior,DAS-E1,283.4,45.7
TILE_01444,032023171722181,40.8121429,-74.0682449,US Cellular,49.18,2.0,70.7,15,4,543.0,False,Exterior,DAS-E1,283.4,45.7
TILE_01445,032023131514490,40.8122959,-74.08,Verizon,93.39,13.06,54.1,28,18,507.5,False,Exterior,DAS-W1,249.7,49.2
TILE_01446,032023185327446,40.8122959,-74.08,AT&T,75.41,2.01,59.0,51,15,507.5,False,Exterior,DAS-W1,249.7,49.2
TILE_01447,032023165738351,40.8122959,-74.08,T-Mobile,153.84,28.33,38.3,33,16,507.5,False,Exterior,DAS-W1,249.7,49.2
TILE_01448,032023180368950,40.8122959,-74.0797551,T-Mobile,212.95,23.63,38.9,28,14,488.0,False,Exterior,DAS-W1,234.8,51.2
TILE_01449,032023174259287,40.8122959,-74.0795102,T-Mobile,10.0,8.02,41.2,30,11,468.6,False,Exterior,DAS-W1,220.7,53.1
TILE_01450,032023125636817,40.8122959,-74.0792653,AT&T,150.26,18.25,52.3,11,8,449.3,False,Exterior,DAS-W1,207.8,55.1
TILE_01451,032023199195207,40.8122959,-74.0792653,T-Mobile,97.82,18.15,33.3,7,8,449.3,False,Exterior,DAS-W1,207.8,55.1
TILE_01452,032023177018282,40.8122959,-74.0790204,T-Mobile,149.83,16.1,37.4,44,18,430.2,False,Exterior,DAS-W1,196.2,57.0
TILE_01453,032023143248617,40.8122959,-74.0787755,AT&T,114.47,10.95,44.9,27,12,411.1,False,Exterior,DAS-W1,186.2,58.9
TILE_01454,032023142200111,40.8122959,-74.0785306,Verizon,144.26,7.88,26.5,21,9,392.3,False,Exterior,DAS-W1,178.0,60.8
TILE_01455,032023137212299,40.8122959,-74.0785306,T-Mobile,156.49,37.2,28.4,22,10,392.3,False,Exterior,DAS-W1,178.0,60.8
TILE_01456,032023185245808,40.8122959,-74.0782857,Verizon,77.3,2.0,38.9,74,36,373.6,False,Exterior,DAS-W1,172.0,62.6
TILE_01457,032023153478041,40.8122959,-74.0782857,T-Mobile,48.35,16.14,24.4,47,20,373.6,False,Exterior,DAS-W1,172.0,62.6
TILE_01458,032023194061840,40.8122959,-74.0782857,US Cellular,73.99,5.58,48.1,19,9,373.6,False,Exterior,DAS-W1,172.0,62.6
TILE_01459,032023129063034,40.8122959,-74.0780408,AT&T,39.63,2.15,42.8,38,28,355.2,True,Concourse,DAS-W1,168.3,66.3
TILE_01460,032023185042953,40.8122959,-74.0777959,Verizon,157.47,10.88,36.3,133,41,337.0,True,Concourse,DAS-W1,167.0,66.6
TILE_01461,032023159715719,40.8122959,-74.0777959,T-Mobile,169.66,23.96,24.0,53,49,337.0,True,Concourse,DAS-W1,167.0,66.6
TILE_01462,032023178271668,40.8122959,-74.077551,Verizon,110.67,13.42,31.2,106,71,319.2,True,Concourse,DAS-S2,151.4,69.7
TILE_01463,032023186330723,40.8122959,-74.0773061,Verizon,110.43,23.28,35.7,346,126,301.6,True,Concourse,DAS-S2,131.3,73.7
TILE_01464,032023186393479,40.8122959,-74.0773061,T-Mobile,126.9,32.38,32.1,272,110,301.6,True,Concourse,DAS-S2,131.3,73.7
TILE_01465,032023187085987,40.8122959,-74.0770612,AT&T,124.43,20.8,38.7,177,94,284.6,True,Concourse,DAS-S2,111.4,77.7
TILE_01466,032023193429880,40.8122959,-74.0770612,T-Mobile,117.39,32.11,26.0,96,93,284.6,True,Concourse,DAS-S2,111.4,77.7
TILE_01467,032023148365383,40.8122959,-74.0768163,Verizon,188.15,20.2,26.9,323,154,268.0,True,South_Upper,DAS-S2,91.8,81.6
TILE_01468,032023139636207,40.8122959,-74.0768163,AT&T,168.82,17.88,30.6,277,93,268.0,True,South_Upper,DAS-S2,91.8,81.6
TILE_01469,032023150786985,40.8122959,-74.0768163,US Cellular,141.19,21.36,38.8,41,32,268.0,True,South_Upper,DAS-S2,91.8,81.6
TILE_01470,032023126045599,40.8122959,-74.0765714,Verizon,224.42,17.39,26.7,39,15,252.0,True,South_Upper,DAS-S2,72.9,85.4
TILE_01471,032023128963886,40.8122959,-74.0760816,Verizon,193.16,29.53,29.5,225,125,222.3,True,South_Upper,DAS-S2,40.6,91.9
TILE_01472,032023126313361,40.8122959,-74.0760816,AT&T,228.33,22.56,24.7,315,72,222.3,True,South_Upper,DAS-S2,40.6,91.9
TILE_01473,032023143166149,40.8122959,-74.0760816,T-Mobile,150.39,56.17,21.4,285,110,222.3,True,South_Upper,DAS-S2,40.6,91.9
TILE_01474,032023153620610,40.8122959,-74.0758367,Verizon,251.7,31.28,21.9,123,173,209.0,True,South_Upper,DAS-S2,33.0,93.4
TILE_01475,032023162052267,40.8122959,-74.0758367,AT&T,191.66,23.94,25.6,310,136,209.0,True,South_Upper,DAS-S2,33.0,93.4
TILE_01476,032023117239859,40.8122959,-74.0758367,T-Mobile,204.96,60.99,18.5,164,120,209.0,True,South_Upper,DAS-S2,33.0,93.4
TILE_01477,032023123639741,40.8122959,-74.0755918,Verizon,207.96,39.68,16.6,46,37,196.9,True,South_Upper,DAS-S2,37.3,92.5
TILE_01478,032023129172895,40.8122959,-74.0755918,AT&T,180.95,15.8,40.4,59,23,196.9,True,South_Upper,DAS-S2,37.3,92.5
TILE_01479,032023157343290,40.8122959,-74.0755918,T-Mobile,216.84,27.55,9.8,61,23,196.9,True,South_Upper,DAS-S2,37.3,92.5
TILE_01480,032023122968353,40.8122959,-74.0755918,US Cellular,120.55,17.74,34.4,10,5,196.9,True,South_Upper,DAS-S2,37.3,92.5
TILE_01481,032023192121887,40.8122959,-74.0753469,Verizon,170.99,44.16,26.0,91,50,186.4,True,South_Upper,DAS-S2,50.4,89.9
TILE_01482,032023111402345,40.8122959,-74.0753469,T-Mobile,322.24,21.37,20.1,102,42,186.4,True,South_Upper,DAS-S2,50.4,89.9
TILE_01483,032023134772273,40.8122959,-74.075102,Verizon,237.67,37.76,22.8,116,114,177.6,True,South_Upper,DAS-S2,67.4,86.5
TILE_01484,032023147369811,40.8122959,-74.075102,AT&T,213.39,19.24,37.0,224,91,177.6,True,South_Upper,DAS-S2,67.4,86.5
TILE_01485,032023131042732,40.8122959,-74.0748571,Verizon,206.33,26.36,19.7,188,100,170.9,True,South_Upper,DAS-S1,64.5,87.1
TILE_01486,032023150961920,40.8122959,-74.0748571,AT&T,167.67,27.06,36.6,312,91,170.9,True,South_Upper,DAS-S1,64.5,87.1
TILE_01487,032023150923036,40.8122959,-74.0746122,Verizon,208.72,24.15,27.9,144,79,166.5,True,South_Upper,DAS-S1,47.9,90.4
TILE_01488,032023124713977,40.8122959,-74.0746122,AT&T,295.58,32.4,26.6,113,40,166.5,True,South_Upper,DAS-S1,47.9,90.4
TILE_01489,032023136497168,40.8122959,-74.0743673,T-Mobile,208.16,42.21,22.8,169,97,164.7,True,South_Upper,DAS-S1,35.8,92.8
TILE_01490,032023170832955,40.8122959,-74.0741224,Verizon,201.9,40.86,21.3,81,48,165.3,True,South_Upper,DAS-S1,33.5,93.3
TILE_01491,032023112194743,40.8122959,-74.0741224,AT&T,229.95,19.31,33.9,40,30,165.3,True,South_Upper,DAS-S1,33.5,93.3
TILE_01492,032023137465854,40.8122959,-74.0738776,Verizon,186.15,16.09,25.8,113,113,168.6,True,South_Upper,DAS-S1,42.7,91.5
TILE_01493,032023115463954,40.8122959,-74.0738776,AT&T,157.52,19.04,21.6,168,77,168.6,True,South_Upper,DAS-S1,42.7,91.5
TILE_01494,032023160875343,40.8122959,-74.0736327,Verizon,221.73,34.73,24.1,159,78,174.2,True,South_Upper,DAS-S1,58.1,88.4
TILE_01495,032023194312002,40.8122959,-74.0736327,T-Mobile,198.33,36.69,25.1,147,69,174.2,True,South_Upper,DAS-S1,58.1,88.4
TILE_01496,032023199638747,40.8122959,-74.0736327,US Cellular,89.99,19.21,38.1,34,19,174.2,True,South_Upper,DAS-S1,58.1,88.4
TILE_01497,032023181074355,40.8122959,-74.0733878,Verizon,241.25,35.42,24.9,352,145,182.1,True,South_Upper,DAS-S1,76.0,84.8
TILE_01498,032023130811616,40.8122959,-74.0731429,Verizon,158.84,26.13,25.8,60,33,191.8,True,South_Upper,DAS-S1,95.1,81.0
TILE_01499,032023162885831,40.8122959,-74.0731429,AT&T,117.78,15.95,35.2,51,13,191.8,True,South_Upper,DAS-S1,95.1,81.0
TILE_01500,032023157250864,40.8122959,-74.0731429,T-Mobile,224.76,44.54,25.9,32,21,191.8,True,South_Upper,DAS-S1,95.1,81.0
TILE_01501,032023197341992,40.8122959,-74.072898,Verizon,126.73,13.0,25.4,315,89,203.2,True,South_Upper,DAS-S1,114.7,77.1
TILE_01502,032023127306490,40.8122959,-74.072898,T-Mobile,259.73,31.26,25.9,199,100,203.2,True,South_Upper,DAS-S1,114.7,77.1
TILE_01503,032023199153089,40.8122959,-74.072898,US Cellular,99.32,7.2,40.4,69,28,203.2,True,South_Upper,DAS-S1,114.7,77.1
TILE_01504,032023135089102,40.8122959,-74.0726531,Verizon,175.72,22.17,34.4,94,45,215.9,True,South_Upper,DAS-S1,134.6,73.1
TILE_01505,032023114311811,40.8122959,-74.0726531,T-Mobile,98.37,26.19,13.9,75,39,215.9,True,South_Upper,DAS-S1,134.6,73.1
TILE_01506,032023198754153,40.8122959,-74.0724082,AT&T,99.6,25.37,43.9,62,25,229.9,True,South_Upper,DAS-S1,154.7,69.1
TILE_01507,032023124998587,40.8122959,-74.0721633,US Cellular,81.74,10.57,53.8,30,7,244.7,True,South_Upper,DAS-S1,175.0,65.0
TILE_01508,032023169379920,40.8122959,-74.0719184,AT&T,47.99,11.79,46.1,268,139,260.4,True,South_Upper,DAS-E1,191.8,61.6
TILE_01509,032023140714138,40.8122959,-74.0719184,T-Mobile,146.33,30.93,24.3,283,106,260.4,True,South_Upper,DAS-E1,191.8,61.6
TILE_01510,032023127070043,40.8122959,-74.0719184,US Cellular,70.07,5.52,56.6,67,25,260.4,True,South_Upper,DAS-E1,191.8,61.6
TILE_01511,032023143174096,40.8122959,-74.0716735,Verizon,127.08,44.22,45.5,178,122,276.7,True,South_Upper,DAS-E1,182.6,63.5
TILE_01512,032023131759988,40.8122959,-74.0716735,AT&T,86.75,15.7,50.1,151,109,276.7,True,South_Upper,DAS-E1,182.6,63.5
TILE_01513,032023198184620,40.8122959,-74.0714286,AT&T,115.61,11.54,44.3,209,81,293.6,True,Concourse,DAS-E1,175.2,65.0
TILE_01514,032023112364743,40.8122959,-74.0714286,T-Mobile,108.84,23.02,27.8,73,48,293.6,True,Concourse,DAS-E1,175.2,65.0
TILE_01515,032023174297959,40.8122959,-74.0711837,Verizon,94.43,5.81,31.3,226,91,310.9,True,Concourse,DAS-E1,170.1,66.0
TILE_01516,032023161799461,40.8122959,-74.0711837,AT&T,41.72,12.08,44.9,214,124,310.9,True,Concourse,DAS-E1,170.1,66.0
TILE_01517,032023186188419,40.8122959,-74.0711837,T-Mobile,254.23,14.33,30.4,170,91,310.9,True,Concourse,DAS-E1,170.1,66.0
TILE_01518,032023123309098,40.8122959,-74.0709388,Verizon,62.56,24.79,29.0,173,99,328.6,True,Concourse,DAS-E1,167.4,66.5
TILE_01519,032023187817570,40.8122959,-74.0709388,T-Mobile,144.65,13.81,23.7,185,115,328.6,True,Concourse,DAS-E1,167.4,66.5
TILE_01520,032023110457242,40.8122959,-74.0706939,Verizon,89.3,3.06,29.2,337,127,346.7,True,Concourse,DAS-E1,167.3,66.5
TILE_01521,032023146050904,40.8122959,-74.0706939,T-Mobile,75.52,16.74,22.3,233,97,346.7,True,Concourse,DAS-E1,167.3,66.5
TILE_01522,032023128120030,40.8122959,-74.070449,AT&T,112.47,15.09,39.4,159,84,365.0,True,Concourse,DAS-E1,169.6,66.1
TILE_01523,032023171947902,40.8122959,-74.070449,T-Mobile,201.57,12.26,19.2,134,54,365.0,True,Concourse,DAS-E1,169.6,66.1
TILE_01524,032023148308300,40.8122959,-74.0702041,Verizon,73.97,15.05,42.0,59,28,383.5,False,Exterior,DAS-E1,174.4,61.6
TILE_01525,032023171002161,40.8122959,-74.0702041,T-Mobile,121.89,22.12,27.1,62,20,383.5,False,Exterior,DAS-E1,174.4,61.6
TILE_01526,032023176012703,40.8122959,-74.0699592,AT&T,141.79,12.25,52.0,34,15,402.3,False,Exterior,DAS-E1,181.5,59.8
TILE_01527,032023171327384,40.8122959,-74.0699592,T-Mobile,137.38,23.67,42.0,23,13,402.3,False,Exterior,DAS-E1,181.5,59.8
TILE_01528,032023167890014,40.8122959,-74.0697143,Verizon,74.98,17.0,32.7,37,9,421.2,False,Exterior,DAS-E1,190.5,57.9
TILE_01529,032023175058395,40.8122959,-74.0697143,AT&T,100.24,3.77,53.5,25,12,421.2,False,Exterior,DAS-E1,190.5,57.9
TILE_01530,032023170707773,40.8122959,-74.0697143,T-Mobile,124.53,14.99,30.8,21,11,421.2,False,Exterior,DAS-E1,190.5,57.9
TILE_01531,032023113247984,40.8122959,-74.0694694,Verizon,192.69,2.0,42.3,19,11,440.3,False,Exterior,DAS-E1,201.3,56.0
TILE_01532,032023139463495,40.8122959,-74.0694694,AT&T,156.87,7.21,40.1,15,15,440.3,False,Exterior,DAS-E1,201.3,56.0
TILE_01533,032023129533190,40.8122959,-74.0694694,T-Mobile,80.45,8.21,37.6,26,9,440.3,False,Exterior,DAS-E1,201.3,56.0
TILE_01534,032023189723813,40.8122959,-74.0692245,Verizon,100.53,25.57,43.1,63,19,459.6,False,Exterior,DAS-E1,213.5,54.0
TILE_01535,032023197166411,40.8122959,-74.0692245,AT&T,110.0,2.0,49.2,49,20,459.6,False,Exterior,DAS-E1,213.5,54.0
TILE_01536,032023166264827,40.8122959,-74.0692245,T-Mobile,94.1,30.12,33.2,55,21,459.6,False,Exterior,DAS-E1,213.5,54.0
TILE_01537,032023179301842,40.8122959,-74.0692245,US Cellular,11.56,10.1,58.7,11,5,459.6,False,Exterior,DAS-E1,213.5,54.0
TILE_01538,032023139029907,40.8122959,-74.0689796,AT&T,106.84,12.11,51.2,79,21,478.9,False,Exterior,DAS-E1,226.9,52.1
TILE_01539,032023170791476,40.8122959,-74.0689796,US Cellular,69.83,9.15,62.0,17,8,478.9,False,Exterior,DAS-E1,226.9,52.1
TILE_01540,032023199225668,40.8122959,-74.0687347,AT&T,76.83,18.65,65.0,12,6,498.4,False,Exterior,DAS-E1,241.4,50.2
TILE_01541,032023182587229,40.8122959,-74.0687347,T-Mobile,22.78,3.97,37.5,14,5,498.4,False,Exterior,DAS-E1,241.4,50.2
TILE_01542,032023113700557,40.8122959,-74.0684898,Verizon,51.22,11.08,40.0,76,34,517.9,False,Exterior,DAS-E1,256.7,48.2
TILE_01543,032023163249442,40.8122959,-74.0684898,AT&T,104.12,10.45,55.1,46,24,517.9,False,Exterior,DAS-E1,256.7,48.2
TILE_01544,032023146761970,40.8122959,-74.0684898,T-Mobile,90.88,8.94,38.6,64,33,517.9,False,Exterior,DAS-E1,256.7,48.2
TILE_01545,032023160474687,40.8122959,-74.0682449,Verizon,79.05,14.75,52.0,47,16,537.5,False,Exterior,DAS-E1,272.7,46.2
TILE_01546,032023111260960,40.8122959,-74.0682449,AT&T,25.77,20.18,68.4,37,13,537.5,False,Exterior,DAS-E1,272.7,46.2
TILE_01547,032023120467116,40.8122959,-74.0682449,T-Mobile,136.97,23.54,45.4,17,16,537.5,False,Exterior,DAS-E1,272.7,46.2
TILE_01548,032023136462944,40.8122959,-74.068,Verizon,123.96,2.0,54.1,35,13,557.3,False,Exterior,DAS-E1,289.3,44.3
TILE_01549,032023154655914,40.8122959,-74.068,T-Mobile,108.07,14.0,37.7,14,14,557.3,False,Exterior,DAS-E1,289.3,44.3
TILE_01550,032023134632185,40.812449,-74.0797551,Verizon,67.07,14.84,39.3,84,45,482.5,False,Exterior,DAS-W1,223.0,51.7
TILE_01551,032023160119397,40.812449,-74.0795102,Verizon,130.93,5.1,42.0,45,19,462.9,False,Exterior,DAS-W1,208.2,53.7
TILE_01552,032023186854797,40.812449,-74.0792653,Verizon,117.69,13.17,45.4,53,19,443.4,False,Exterior,DAS-W1,194.4,55.7
TILE_01553,032023131879075,40.812449,-74.0792653,T-Mobile,66.22,16.12,35.7,17,11,443.4,False,Exterior,DAS-W1,194.4,55.7
TILE_01554,032023128889895,40.812449,-74.0790204,Verizon,119.77,24.13,32.0,53,14,423.9,False,Exterior,DAS-W1,182.0,57.6
TILE_01555,032023162818928,40.812449,-74.0790204,AT&T,104.71,2.0,52.8,21,19,423.9,False,Exterior,DAS-W1,182.0,57.6
TILE_01556,032023142677403,40.812449,-74.0790204,T-Mobile,175.24,37.01,37.0,23,15,423.9,False,Exterior,DAS-W1,182.0,57.6
TILE_01557,032023125816898,40.812449,-74.0787755,Verizon,80.74,5.25,38.4,35,23,404.6,False,Exterior,DAS-W1,171.1,59.5
TILE_01558,032023145848298,40.812449,-74.0787755,AT&T,95.96,16.07,44.5,43,23,404.6,False,Exterior,DAS-W1,171.1,59.5
TILE_01559,032023115812654,40.812449,-74.0787755,T-Mobile,102.23,2.0,24.2,36,24,404.6,False,Exterior,DAS-W1,171.1,59.5
TILE_01560,032023151722532,40.812449,-74.0785306,Verizon,133.33,10.76,35.0,44,12,385.5,False,Exterior,DAS-W1,162.2,61.5
TILE_01561,032023134157889,40.812449,-74.0785306,AT&T,40.44,2.0,37.2,26,23,385.5,False,Exterior,DAS-W1,162.2,61.5
TILE_01562,032023191925802,40.812449,-74.0785306,T-Mobile,104.94,33.69,25.5,41,14,385.5,False,Exterior,DAS-W1,162.2,61.5
TILE_01563,032023192295401,40.812449,-74.0782857,T-Mobile,168.7,15.14,31.9,12,9,366.5,False,Exterior,DAS-W1,155.5,63.4
TILE_01564,032023165655620,40.812449,-74.0780408,Verizon,101.77,14.97,32.2,114,116,347.7,True,West_Upper,DAS-W1,151.4,69.7
TILE_01565,032023136639699,40.812449,-74.0777959,Verizon,89.25,25.97,31.2,135,116,329.1,True,West_Upper,DAS-W1,150.0,70.0
TILE_01566,032023178028139,40.812449,-74.077551,Verizon,103.39,21.78,29.7,253,162,310.7,True,West_Upper,DAS-W1,151.5,69.7
TILE_01567,032023179856981,40.812449,-74.077551,AT&T,102.09,10.75,40.5,341,155,310.7,True,West_Upper,DAS-W1,151.5,69.7
TILE_01568,032023145501025,40.812449,-74.0773061,Verizon,128.92,7.74,38.2,279,82,292.7,True,West_Upper,DAS-S2,136.5,72.7
TILE_01569,032023171808036,40.812449,-74.0773061,AT&T,72.39,12.72,33.0,164,94,292.7,True,West_Upper,DAS-S2,136.5,72.7
TILE_01570,032023182268508,40.812449,-74.0770612,Verizon,134.59,21.46,29.7,170,83,275.1,True,West_Upper,DAS-S2,117.5,76.5
TILE_01571,032023191573449,40.812449,-74.0768163,Verizon,214.09,24.49,34.2,124,56,257.9,True,Concourse,DAS-S2,99.2,80.2
TILE_01572,032023168153987,40.812449,-74.0768163,AT&T,182.91,16.37,42.0,135,88,257.9,True,Concourse,DAS-S2,99.2,80.2
TILE_01573,032023123586417,40.812449,-74.0768163,T-Mobile,201.06,40.56,17.9,116,58,257.9,True,Concourse,DAS-S2,99.2,80.2
TILE_01574,032023191155840,40.812449,-74.0765714,AT&T,193.74,8.62,30.3,265,67,241.2,True,Concourse,DAS-S2,82.0,83.6
TILE_01575,032023193113189,40.812449,-74.0765714,US Cellular,96.84,8.97,37.7,30,20,241.2,True,Concourse,DAS-S2,82.0,83.6
TILE_01576,032023176329477,40.812449,-74.0763265,Verizon,262.09,44.04,25.8,67,20,225.2,True,Concourse,DAS-S2,66.8,86.6
TILE_01577,032023156194487,40.812449,-74.0763265,T-Mobile,216.51,29.06,12.1,50,16,225.2,True,Concourse,DAS-S2,66.8,86.6
TILE_01578,032023128442213,40.812449,-74.0760816,Verizon,194.75,38.12,22.5,77,27,210.1,True,Concourse,DAS-S2,55.2,89.0
TILE_01579,032023113243184,40.812449,-74.0760816,AT&T,135.81,21.38,28.3,63,19,210.1,True,Concourse,DAS-S2,55.2,89.0
TILE_01580,032023145529548,40.812449,-74.0758367,Verizon,301.89,36.82,23.6,226,120,195.9,True,Concourse,DAS-S2,50.0,90.0
TILE_01581,032023154195752,40.812449,-74.0755918,Verizon,259.62,28.85,25.9,210,62,183.0,True,Concourse,DAS-S2,52.9,89.4
TILE_01582,032023131961497,40.812449,-74.0755918,AT&T,141.06,10.82,35.7,179,70,183.0,True,Concourse,DAS-S2,52.9,89.4
TILE_01583,032023129570600,40.812449,-74.0755918,T-Mobile,183.42,55.41,20.3,157,64,183.0,True,Concourse,DAS-S2,52.9,89.4
TILE_01584,032023180097986,40.812449,-74.0753469,Verizon,253.15,21.32,26.2,95,56,171.6,True,Concourse,DAS-S2,62.8,87.4
TILE_01585,032023163889319,40.812449,-74.0753469,AT&T,218.33,24.33,31.9,36,34,171.6,True,Concourse,DAS-S2,62.8,87.4
TILE_01586,032023194690370,40.812449,-74.0753469,US Cellular,54.41,14.13,40.5,10,8,171.6,True,Concourse,DAS-S2,62.8,87.4
TILE_01587,032023199225208,40.812449,-74.075102,Verizon,257.62,34.58,20.1,75,18,162.0,True,Concourse,DAS-S2,77.2,84.6
TILE_01588,032023154189003,40.812449,-74.075102,T-Mobile,201.0,42.69,23.5,36,30,162.0,True,Concourse,DAS-S2,77.2,84.6
TILE_01589,032023162627215,40.812449,-74.0748571,T-Mobile,160.08,38.91,25.0,225,75,154.6,True,Concourse,DAS-S1,74.6,85.1
TILE_01590,032023129276635,40.812449,-74.0746122,AT&T,212.02,21.59,21.7,45,29,149.8,True,Concourse,DAS-S1,60.8,87.8
TILE_01591,032023195272321,40.812449,-74.0746122,T-Mobile,237.71,39.96,22.4,47,28,149.8,True,Concourse,DAS-S1,60.8,87.8
TILE_01592,032023164034430,40.812449,-74.0743673,AT&T,208.79,13.9,33.8,64,23,147.7,True,Concourse,DAS-S1,51.8,89.6
TILE_01593,032023181589196,40.812449,-74.0741224,Verizon,237.05,24.49,24.9,187,67,148.4,True,Concourse,DAS-S1,50.3,89.9
TILE_01594,032023165298890,40.812449,-74.0738776,Verizon,224.82,42.25,28.0,43,26,152.0,True,Concourse,DAS-S1,56.8,88.6
TILE_01595,032023134266773,40.812449,-74.0736327,Verizon,143.31,7.31,31.2,167,112,158.3,True,Concourse,DAS-S1,69.1,86.2
TILE_01596,032023176652912,40.812449,-74.0736327,AT&T,188.69,6.31,24.9,276,117,158.3,True,Concourse,DAS-S1,69.1,86.2
TILE_01597,032023120496299,40.812449,-74.0733878,Verizon,231.01,25.77,31.8,208,138,166.8,True,Concourse,DAS-S1,84.8,83.0
TILE_01598,032023197123529,40.812449,-74.0733878,AT&T,65.81,23.05,28.7,254,67,166.8,True,Concourse,DAS-S1,84.8,83.0
TILE_01599,032023125267176,40.812449,-74.0733878,T-Mobile,245.29,22.06,21.3,258,110,166.8,True,Concourse,DAS-S1,84.8,83.0
TILE_01600,032023161005971,40.812449,-74.0731429,Verizon,121.16,20.96,35.0,107,81,177.4,True,Concourse,DAS-S1,102.2,79.6
TILE_01601,032023196880176,40.812449,-74.0731429,AT&T,170.17,9.35,29.5,79,66,177.4,True,Concourse,DAS-S1,102.2,79.6
TILE_01602,032023163398105,40.812449,-74.0726531,T-Mobile,108.45,2.0,33.5,180,55,203.3,True,Concourse,DAS-S1,139.7,72.1
TILE_01603,032023195328676,40.812449,-74.0724082,AT&T,167.5,17.22,42.4,60,25,218.0,True,Concourse,DAS-S1,159.2,68.2
TILE_01604,032023127223841,40.812449,-74.0721633,Verizon,88.45,7.45,32.0,106,86,233.6,True,Concourse,DAS-S1,178.9,64.2
TILE_01605,032023150258689,40.812449,-74.0721633,T-Mobile,110.41,24.83,26.3,147,69,233.6,True,Concourse,DAS-S1,178.9,64.2
TILE_01606,032023160861017,40.812449,-74.0719184,Verizon,148.82,15.23,27.3,116,31,250.0,True,Concourse,DAS-E1,177.2,64.6
TILE_01607,032023134298622,40.812449,-74.0719184,AT&T,96.43,5.41,41.5,49,39,250.0,True,Concourse,DAS-E1,177.2,64.6
TILE_01608,032023194214795,40.812449,-74.0719184,T-Mobile,152.72,24.68,26.6,84,34,250.0,True,Concourse,DAS-E1,177.2,64.6
TILE_01609,032023144802644,40.812449,-74.0716735,Verizon,119.16,25.72,29.3,105,56,267.0,True,Concourse,DAS-E1,167.2,66.6
TILE_01610,032023181642753,40.812449,-74.0716735,AT&T,102.61,13.68,43.0,70,57,267.0,True,Concourse,DAS-E1,167.2,66.6
TILE_01611,032023198204755,40.812449,-74.0716735,T-Mobile,88.08,2.0,21.3,127,43,267.0,True,Concourse,DAS-E1,167.2,66.6
TILE_01612,032023128051348,40.812449,-74.0714286,Verizon,70.35,9.28,42.9,174,92,284.4,True,East_Upper,DAS-E1,159.1,68.2
TILE_01613,032023139304079,40.812449,-74.0714286,AT&T,80.94,15.59,39.9,174,74,284.4,True,East_Upper,DAS-E1,159.1,68.2
TILE_01614,032023122288247,40.812449,-74.0714286,T-Mobile,151.28,39.05,27.3,171,91,284.4,True,East_Upper,DAS-E1,159.1,68.2
TILE_01615,032023192910205,40.812449,-74.0711837,Verizon,110.69,10.1,30.2,68,36,302.3,True,East_Upper,DAS-E1,153.5,69.3
TILE_01616,032023145204525,40.812449,-74.0711837,T-Mobile,232.02,25.27,26.2,47,23,302.3,True,East_Upper,DAS-E1,153.5,69.3
TILE_01617,032023189272533,40.812449,-74.0711837,US Cellular,26.41,5.15,56.0,18,10,302.3,True,East_Upper,DAS-E1,153.5,69.3
TILE_01618,032023143885691,40.812449,-74.0709388,Verizon,88.3,16.51,37.9,69,30,320.4,True,East_Upper,DAS-E1,150.5,69.9
TILE_01619,032023179436977,40.812449,-74.0709388,AT&T,110.83,12.71,41.9,56,22,320.4,True,East_Upper,DAS-E1,150.5,69.9
TILE_01620,032023112421028,40.812449,-74.0706939,Verizon,141.52,17.69,33.1,177,97,338.9,True,East_Upper,DAS-E1,150.3,69.9
TILE_01621,032023115610251,40.812449,-74.0706939,T-Mobile,189.04,13.71,27.1,117,91,338.9,True,East_Upper,DAS-E1,150.3,69.9
TILE_01622,032023176719447,40.812449,-74.070449,Verizon,141.15,12.58,27.5,147,151,357.6,True,East_Upper,DAS-E1,152.9,69.4
TILE_01623,032023169722301,40.812449,-74.070449,AT&T,81.99,10.16,41.1,143,81,357.6,True,East_Upper,DAS-E1,152.9,69.4
TILE_01624,032023119299833,40.812449,-74.0702041,AT&T,106.69,13.65,51.6,21,9,376.6,False,Exterior,DAS-E1,158.2,62.3
TILE_01625,032023188799460,40.812449,-74.0702041,T-Mobile,141.19,34.62,24.7,12,7,376.6,False,Exterior,DAS-E1,158.2,62.3
TILE_01626,032023172644114,40.812449,-74.0699592,Verizon,102.81,17.58,43.5,54,20,395.6,False,Exterior,DAS-E1,166.0,60.4
TILE_01627,032023177383605,40.812449,-74.0699592,AT&T,107.52,2.0,47.5,59,31,395.6,False,Exterior,DAS-E1,166.0,60.4
TILE_01628,032023172289006,40.812449,-74.0699592,US Cellular,41.31,2.0,55.5,11,4,395.6,False,Exterior,DAS-E1,166.0,60.4
TILE_01629,032023115141109,40.812449,-74.0697143,Verizon,76.89,10.57,40.6,34,31,414.9,False,Exterior,DAS-E1,175.8,58.5
TILE_01630,032023155604380,40.812449,-74.0697143,AT&T,128.65,7.46,46.2,28,17,414.9,False,Exterior,DAS-E1,175.8,58.5
TILE_01631,032023152675942,40.812449,-74.0694694,Verizon,91.02,17.35,39.6,28,11,434.3,False,Exterior,DAS-E1,187.4,56.6
TILE_01632,032023127518073,40.812449,-74.0694694,AT&T,56.2,13.46,54.5,17,11,434.3,False,Exterior,DAS-E1,187.4,56.6
TILE_01633,032023128093476,40.812449,-74.0692245,AT&T,36.55,12.46,44.8,11,7,453.7,False,Exterior,DAS-E1,200.4,54.6
TILE_01634,032023132739350,40.812449,-74.0689796,AT&T,103.12,18.6,58.8,46,19,473.3,False,Exterior,DAS-E1,214.7,52.7
TILE_01635,032023154361567,40.812449,-74.0687347,Verizon,60.44,14.25,36.7,7,4,493.0,False,Exterior,DAS-E1,229.9,50.7
TILE_01636,032023142268528,40.812449,-74.0687347,AT&T,123.73,19.53,50.5,7,2,493.0,False,Exterior,DAS-E1,229.9,50.7
TILE_01637,032023122048194,40.812449,-74.0687347,T-Mobile,96.1,16.41,40.1,11,5,493.0,False,Exterior,DAS-E1,229.9,50.7
TILE_01638,032023168541444,40.812449,-74.0684898,Verizon,34.51,22.47,46.1,84,35,512.8,False,Exterior,DAS-E1,246.0,48.7
TILE_01639,032023172656741,40.812449,-74.0684898,AT&T,117.26,2.77,55.1,69,23,512.8,False,Exterior,DAS-E1,246.0,48.7
TILE_01640,032023159563780,40.812449,-74.0684898,T-Mobile,70.51,5.92,37.1,48,15,512.8,False,Exterior,DAS-E1,246.0,48.7
TILE_01641,032023170231820,40.812449,-74.0684898,US Cellular,72.6,6.26,64.0,17,4,512.8,False,Exterior,DAS-E1,246.0,48.7
TILE_01642,032023180515764,40.812449,-74.0682449,Verizon,112.11,24.42,48.3,94,28,532.6,False,Exterior,DAS-E1,262.6,46.7
TILE_01643,032023154928425,40.812449,-74.0682449,US Cellular,50.05,5.87,59.3,16,7,532.6,False,Exterior,DAS-E1,262.6,46.7
TILE_01644,032023177848785,40.812449,-74.068,Verizon,85.77,2.92,49.0,68,17,552.5,False,Exterior,DAS-E1,279.9,44.8
TILE_01645,032023195036744,40.812602,-74.0797551,Verizon,40.37,13.65,37.9,11,5,477.6,False,Exterior,DAS-W1,211.9,52.2
TILE_01646,032023117348320,40.812602,-74.0797551,AT&T,122.64,13.61,51.4,5,3,477.6,False,Exterior,DAS-W1,211.9,52.2
TILE_01647,032023135168824,40.812602,-74.0795102,Verizon,35.68,13.37,46.4,41,16,457.8,False,Exterior,DAS-W1,196.3,54.2
TILE_01648,032023195515102,40.812602,-74.0792653,Verizon,134.37,2.0,35.1,38,9,438.0,False,Exterior,DAS-W1,181.6,56.2
TILE_01649,032023161327277,40.812602,-74.0792653,AT&T,79.35,13.01,51.1,29,10,438.0,False,Exterior,DAS-W1,181.6,56.2
TILE_01650,032023135789377,40.812602,-74.0792653,T-Mobile,184.9,24.4,31.6,31,15,438.0,False,Exterior,DAS-W1,181.6,56.2
TILE_01651,032023160149586,40.812602,-74.0790204,Verizon,67.05,13.39,40.1,47,36,418.3,False,Exterior,DAS-W1,168.2,58.2
TILE_01652,032023145843426,40.812602,-74.0790204,AT&T,95.51,2.0,44.3,55,21,418.3,False,Exterior,DAS-W1,168.2,58.2
TILE_01653,032023188123925,40.812602,-74.0787755,Verizon,22.71,14.64,39.2,101,27,398.8,False,Exterior,DAS-W1,156.4,60.1
TILE_01654,032023197874988,40.812602,-74.0787755,T-Mobile,10.0,29.22,40.9,63,31,398.8,False,Exterior,DAS-W1,156.4,60.1
TILE_01655,032023191067901,40.812602,-74.0787755,US Cellular,69.4,11.71,58.6,15,6,398.8,False,Exterior,DAS-W1,156.4,60.1
TILE_01656,032023160102417,40.812602,-74.0785306,Verizon,101.05,17.47,35.6,29,18,379.3,False,Exterior,DAS-W1,146.6,62.1
TILE_01657,032023120276243,40.812602,-74.0785306,T-Mobile,72.34,31.12,23.2,29,22,379.3,False,Exterior,DAS-W1,146.6,62.1
TILE_01658,032023187550827,40.812602,-74.0782857,AT&T,70.9,21.21,46.1,57,28,360.0,False,Exterior,DAS-W1,139.2,64.0
TILE_01659,032023177659007,40.812602,-74.0780408,Verizon,56.92,19.78,34.3,294,110,340.8,True,West_Upper,DAS-W1,134.6,73.1
TILE_01660,032023183830820,40.812602,-74.0780408,AT&T,119.71,23.23,38.9,282,62,340.8,True,West_Upper,DAS-W1,134.6,73.1
TILE_01661,032023117297856,40.812602,-74.0777959,Verizon,105.71,26.58,31.3,177,65,321.8,True,West_Upper,DAS-W1,133.0,73.4
TILE_01662,032023115897712,40.812602,-74.077551,Verizon,145.07,13.67,37.5,393,173,303.0,True,West_Upper,DAS-W1,134.7,73.1
TILE_01663,032023175680510,40.812602,-74.077551,AT&T,174.53,2.97,35.2,283,120,303.0,True,West_Upper,DAS-W1,134.7,73.1
TILE_01664,032023172423608,40.812602,-74.0773061,Verizon,86.08,10.87,29.6,152,61,284.5,True,West_Upper,DAS-W1,139.4,72.1
TILE_01665,032023194176754,40.812602,-74.0773061,T-Mobile,116.67,40.75,24.4,126,33,284.5,True,West_Upper,DAS-W1,139.4,72.1
TILE_01666,032023135739542,40.812602,-74.0770612,Verizon,82.46,16.14,26.9,173,85,266.3,True,West_Upper,DAS-S2,125.7,74.9
TILE_01667,032023142234359,40.812602,-74.0770612,AT&T,89.03,18.79,44.3,152,61,266.3,True,West_Upper,DAS-S2,125.7,74.9
TILE_01668,032023136958384,40.812602,-74.0770612,T-Mobile,81.42,26.98,32.5,167,42,266.3,True,West_Upper,DAS-S2,125.7,74.9
TILE_01669,032023122036866,40.812602,-74.0768163,Verizon,170.37,21.52,33.2,128,54,248.5,True,Concourse,DAS-S2,108.7,78.3
TILE_01670,032023154013101,40.812602,-74.0768163,AT&T,122.53,12.28,30.2,135,82,248.5,True,Concourse,DAS-S2,108.7,78.3
TILE_01671,032023188740137,40.812602,-74.0765714,Verizon,191.15,10.53,29.3,348,114,231.2,True,Concourse,DAS-S2,93.3,81.3
TILE_01672,032023191155239,40.812602,-74.0765714,AT&T,81.35,16.74,35.7,267,81,231.2,True,Concourse,DAS-S2,93.3,81.3
TILE_01673,032023124753104,40.812602,-74.0763265,Verizon,186.69,24.54,31.7,74,30,214.5,True,Concourse,DAS-S2,80.3,83.9
TILE_01674,032023162098899,40.812602,-74.0763265,AT&T,195.69,16.14,34.8,73,19,214.5,True,Concourse,DAS-S2,80.3,83.9
TILE_01675,032023184692135,40.812602,-74.0763265,T-Mobile,160.05,27.8,18.2,37,37,214.5,True,Concourse,DAS-S2,80.3,83.9
TILE_01676,032023124463597,40.812602,-74.0763265,US Cellular,100.31,19.11,43.4,14,6,214.5,True,Concourse,DAS-S2,80.3,83.9
TILE_01677,032023126991892,40.812602,-74.0758367,Verizon,152.45,34.36,35.1,41,18,183.4,True,Concourse,DAS-S2,66.9,86.6
TILE_01678,032023142708072,40.812602,-74.0758367,AT&T,187.48,35.16,28.4,25,19,183.4,True,Concourse,DAS-S2,66.9,86.6
TILE_01679,032023191243835,40.812602,-74.0758367,T-Mobile,211.24,31.29,15.0,47,19,183.4,True,Concourse,DAS-S2,66.9,86.6
TILE_01680,032023152994429,40.812602,-74.0758367,US Cellular,154.22,8.49,39.7,6,5,183.4,True,Concourse,DAS-S2,66.9,86.6
TILE_01681,032023178948400,40.812602,-74.0755918,Verizon,194.8,24.79,24.5,130,62,169.6,True,Concourse,DAS-S2,69.1,86.2
TILE_01682,032023158324721,40.812602,-74.0755918,T-Mobile,214.35,32.71,16.0,108,43,169.6,True,Concourse,DAS-S2,69.1,86.2
TILE_01683,032023129880213,40.812602,-74.0753469,T-Mobile,175.12,22.27,16.7,92,32,157.2,True,Concourse,DAS-S2,77.0,84.6
TILE_01684,032023198085258,40.812602,-74.075102,Verizon,240.68,26.36,23.1,124,63,146.7,True,Concourse,DAS-S2,89.1,82.2
TILE_01685,032023182495887,40.812602,-74.075102,AT&T,139.33,24.69,26.8,64,30,146.7,True,Concourse,DAS-S2,89.1,82.2
TILE_01686,032023163575764,40.812602,-74.075102,T-Mobile,219.55,30.98,24.5,80,47,146.7,True,Concourse,DAS-S2,89.1,82.2
TILE_01687,032023149582844,40.812602,-74.0748571,Verizon,205.77,40.03,30.8,70,36,138.5,True,Concourse,DAS-S1,86.9,82.6
TILE_01688,032023159926387,40.812602,-74.0746122,Verizon,173.88,36.09,23.9,183,89,133.1,True,Concourse,DAS-S1,75.4,84.9
TILE_01689,032023160110999,40.812602,-74.0746122,AT&T,243.88,20.93,16.5,101,122,133.1,True,Concourse,DAS-S1,75.4,84.9
TILE_01690,032023139995589,40.812602,-74.0746122,T-Mobile,263.37,47.11,27.8,114,117,133.1,True,Concourse,DAS-S1,75.4,84.9
TILE_01691,032023165138605,40.812602,-74.0743673,Verizon,218.85,24.9,24.3,178,80,130.7,True,Concourse,DAS-S1,68.3,86.3
TILE_01692,032023130359922,40.812602,-74.0743673,AT&T,218.58,11.88,32.3,70,43,130.7,True,Concourse,DAS-S1,68.3,86.3
TILE_01693,032023183996439,40.812602,-74.0741224,Verizon,231.35,31.23,22.5,182,70,131.5,True,Concourse,DAS-S1,67.2,86.6
TILE_01694,032023131358291,40.812602,-74.0741224,AT&T,214.76,11.9,31.9,120,61,131.5,True,Concourse,DAS-S1,67.2,86.6
TILE_01695,032023182628637,40.812602,-74.0741224,T-Mobile,218.63,39.85,25.9,174,68,131.5,True,Concourse,DAS-S1,67.2,86.6
TILE_01696,032023146545807,40.812602,-74.0738776,Verizon,140.21,28.86,28.7,137,78,135.6,True,Concourse,DAS-S1,72.2,85.6
TILE_01697,032023133732770,40.812602,-74.0738776,AT&T,157.79,26.99,25.5,167,61,135.6,True,Concourse,DAS-S1,72.2,85.6
TILE_01698,032023176439288,40.812602,-74.0738776,US Cellular,98.8,27.06,33.5,18,16,135.6,True,Concourse,DAS-S1,72.2,85.6
TILE_01699,032023188049315,40.812602,-74.0736327,Verizon,253.68,20.12,20.4,41,30,142.5,True,Concourse,DAS-S1,82.2,83.6
TILE_01700,032023199104984,40.812602,-74.0736327,US Cellular,93.74,7.89,35.3,12,3,142.5,True,Concourse,DAS-S1,82.2,83.6
TILE_01701,032023190541106,40.812602,-74.0733878,Verizon,158.51,36.15,25.5,93,81,152.0,True,Concourse,DAS-S1,95.7,80.9
TILE_01702,032023133206864,40.812602,-74.0733878,AT&T,246.76,27.53,26.1,156,40,152.0,True,Concourse,DAS-S1,95.7,80.9
TILE_01703,032023173466063,40.812602,-74.0731429,Verizon,108.4,20.15,27.3,173,58,163.6,True,Concourse,DAS-S1,111.5,77.7
TILE_01704,032023123473128,40.812602,-74.072898,Verizon,129.44,13.95,36.2,76,81,176.8,True,Concourse,DAS-S1,128.6,74.3
TILE_01705,032023165150508,40.812602,-74.072898,AT&T,82.08,8.17,41.7,67,62,176.8,True,Concourse,DAS-S1,128.6,74.3
TILE_01706,032023126965573,40.812602,-74.072898,T-Mobile,156.85,16.86,26.0,71,40,176.8,True,Concourse,DAS-S1,128.6,74.3
TILE_01707,032023130405212,40.812602,-74.0726531,AT&T,109.0,13.44,38.8,181,78,191.3,True,Concourse,DAS-S1,146.6,70.7
TILE_01708,032023179698170,40.812602,-74.0726531,T-Mobile,227.3,38.31,28.8,100,54,191.3,True,Concourse,DAS-S1,146.6,70.7
TILE_01709,032023146215510,40.812602,-74.0724082,AT&T,145.5,9.35,37.4,50,30,206.9,True,Concourse,DAS-S1,165.3,66.9
TILE_01710,032023140380604,40.812602,-74.0724082,T-Mobile,195.3,2.0,23.7,85,27,206.9,True,Concourse,DAS-S1,165.3,66.9
TILE_01711,032023152751733,40.812602,-74.0724082,US Cellular,54.49,9.44,48.9,13,7,206.9,True,Concourse,DAS-S1,165.3,66.9
TILE_01712,032023164663055,40.812602,-74.0721633,Verizon,190.62,12.5,41.7,125,155,223.3,True,Concourse,DAS-E1,175.9,64.8
TILE_01713,032023156666866,40.812602,-74.0721633,AT&T,10.0,15.6,37.7,167,128,223.3,True,Concourse,DAS-E1,175.9,64.8
TILE_01714,032023167524491,40.812602,-74.0721633,T-Mobile,91.06,13.51,16.8,173,65,223.3,True,Concourse,DAS-E1,175.9,64.8
TILE_01715,032023117664703,40.812602,-74.0719184,Verizon,173.98,29.63,24.1,131,78,240.4,True,Concourse,DAS-E1,163.1,67.4
TILE_01716,032023124688731,40.812602,-74.0719184,AT&T,152.59,19.55,43.4,263,116,240.4,True,Concourse,DAS-E1,163.1,67.4
TILE_01717,032023177232106,40.812602,-74.0719184,T-Mobile,76.92,24.05,35.8,188,67,240.4,True,Concourse,DAS-E1,163.1,67.4
TILE_01718,032023168319140,40.812602,-74.0716735,AT&T,113.73,11.4,39.5,102,47,257.9,True,Concourse,DAS-E1,152.1,69.6
TILE_01719,032023197982346,40.812602,-74.0714286,Verizon,132.05,13.42,27.9,57,61,276.0,True,East_Upper,DAS-E1,143.2,71.4
TILE_01720,032023167479519,40.812602,-74.0714286,AT&T,114.49,29.89,39.6,90,38,276.0,True,East_Upper,DAS-E1,143.2,71.4
TILE_01721,032023161775532,40.812602,-74.0709388,AT&T,74.91,12.63,47.0,105,102,313.0,True,East_Upper,DAS-E1,133.5,73.3
TILE_01722,032023186258482,40.812602,-74.0709388,US Cellular,48.95,10.36,46.6,61,17,313.0,True,East_Upper,DAS-E1,133.5,73.3
TILE_01723,032023149614078,40.812602,-74.0706939,Verizon,140.37,11.27,24.8,213,63,331.9,True,East_Upper,DAS-E1,133.3,73.3
TILE_01724,032023125205679,40.812602,-74.070449,Verizon,126.8,17.0,36.6,74,45,351.0,True,East_Upper,DAS-E1,136.3,72.7
TILE_01725,032023153766208,40.812602,-74.070449,T-Mobile,175.21,43.0,21.3,68,37,351.0,True,East_Upper,DAS-E1,136.3,72.7
TILE_01726,032023156539050,40.812602,-74.0699592,Verizon,127.96,18.94,43.2,30,29,389.6,False,Exterior,DAS-E1,150.8,61.0
TILE_01727,032023166649625,40.812602,-74.0699592,AT&T,55.92,3.68,35.0,48,21,389.6,False,Exterior,DAS-E1,150.8,61.0
TILE_01728,032023158101583,40.812602,-74.0699592,T-Mobile,184.31,15.02,30.1,47,26,389.6,False,Exterior,DAS-E1,150.8,61.0
TILE_01729,032023198280193,40.812602,-74.0697143,Verizon,140.63,4.18,25.1,22,12,409.2,False,Exterior,DAS-E1,161.5,59.1
TILE_01730,032023198352815,40.812602,-74.0697143,AT&T,65.79,2.41,43.5,12,10,409.2,False,Exterior,DAS-E1,161.5,59.1
TILE_01731,032023150684860,40.812602,-74.0697143,T-Mobile,236.42,17.92,33.6,15,11,409.2,False,Exterior,DAS-E1,161.5,59.1
TILE_01732,032023190945206,40.812602,-74.0694694,Verizon,100.46,22.13,41.4,39,13,428.8,False,Exterior,DAS-E1,174.1,57.1
TILE_01733,032023158220657,40.812602,-74.0694694,AT&T,69.53,16.63,44.2,40,14,428.8,False,Exterior,DAS-E1,174.1,57.1
TILE_01734,032023153571110,40.812602,-74.0692245,Verizon,87.54,18.52,35.5,48,14,448.5,False,Exterior,DAS-E1,188.1,55.1
TILE_01735,032023159712733,40.812602,-74.0692245,AT&T,24.43,20.68,39.8,23,18,448.5,False,Exterior,DAS-E1,188.1,55.1
TILE_01736,032023151854522,40.812602,-74.0692245,T-Mobile,69.74,35.47,25.7,30,17,448.5,False,Exterior,DAS-E1,188.1,55.1
TILE_01737,032023141918198,40.812602,-74.0689796,Verizon,119.4,9.5,36.9,32,9,468.3,False,Exterior,DAS-E1,203.2,53.2
TILE_01738,032023122129194,40.812602,-74.0689796,US Cellular,33.78,9.74,65.1,4,3,468.3,False,Exterior,DAS-E1,203.2,53.2
TILE_01739,032023148382900,40.812602,-74.0687347,AT&T,95.32,13.74,56.9,46,17,488.2,False,Exterior,DAS-E1,219.2,51.2
TILE_01740,032023157764827,40.812602,-74.0684898,AT&T,155.23,7.03,55.5,13,8,508.1,False,Exterior,DAS-E1,236.0,49.2
TILE_01741,032023161941409,40.812602,-74.0684898,T-Mobile,81.72,10.09,37.7,18,6,508.1,False,Exterior,DAS-E1,236.0,49.2
TILE_01742,032023189563256,40.812602,-74.0684898,US Cellular,57.71,2.76,73.6,3,1,508.1,False,Exterior,DAS-E1,236.0,49.2
TILE_01743,032023195173348,40.812602,-74.0682449,Verizon,84.79,28.43,40.7,16,12,528.1,False,Exterior,DAS-E1,253.3,47.2
TILE_01744,032023167653189,40.812602,-74.0682449,AT&T,64.0,21.45,62.9,17,13,528.1,False,Exterior,DAS-E1,253.3,47.2
TILE_01745,032023170982243,40.812602,-74.068,T-Mobile,128.4,9.94,38.5,29,31,548.2,False,Exterior,DAS-E1,271.1,45.2
TILE_01746,032023134716983,40.8127551,-74.08,Verizon,73.9,4.79,40.3,61,20,493.3,False,Exterior,DAS-W1,218.9,50.7
TILE_01747,032023112066642,40.8127551,-74.08,T-Mobile,142.54,21.94,36.2,34,19,493.3,False,Exterior,DAS-W1,218.9,50.7
TILE_01748,032023147351589,40.8127551,-74.0795102,Verizon,73.38,23.16,40.8,16,6,453.2,False,Exterior,DAS-W1,185.2,54.7
TILE_01749,032023196717232,40.8127551,-74.0795102,AT&T,113.07,3.17,45.7,13,6,453.2,False,Exterior,DAS-W1,185.2,54.7
TILE_01750,032023169325509,40.8127551,-74.0795102,T-Mobile,58.89,18.68,35.8,12,3,453.2,False,Exterior,DAS-W1,185.2,54.7
TILE_01751,032023188875242,40.8127551,-74.0792653,Verizon,105.18,14.43,35.8,73,29,433.2,False,Exterior,DAS-W1,169.6,56.7
TILE_01752,032023172144848,40.8127551,-74.0792653,AT&T,11.21,12.71,53.8,44,17,433.2,False,Exterior,DAS-W1,169.6,56.7
TILE_01753,032023121647217,40.8127551,-74.0792653,T-Mobile,112.92,19.7,25.9,24,19,433.2,False,Exterior,DAS-W1,169.6,56.7
TILE_01754,032023158999635,40.8127551,-74.0790204,Verizon,22.86,17.93,48.0,5,4,413.3,False,Exterior,DAS-W1,155.1,58.7
TILE_01755,032023138426751,40.8127551,-74.0790204,AT&T,127.7,24.77,47.9,5,2,413.3,False,Exterior,DAS-W1,155.1,58.7
TILE_01756,032023159837578,40.8127551,-74.0790204,T-Mobile,216.0,14.76,39.5,7,2,413.3,False,Exterior,DAS-W1,155.1,58.7
TILE_01757,032023126119839,40.8127551,-74.0787755,AT&T,158.43,12.55,57.0,15,8,393.5,False,Exterior,DAS-W1,142.3,60.6
TILE_01758,032023130492844,40.8127551,-74.0785306,Verizon,156.3,11.56,32.3,33,10,373.8,False,Exterior,DAS-W1,131.4,62.6
TILE_01759,032023141596514,40.8127551,-74.0785306,AT&T,69.75,12.21,38.7,30,13,373.8,False,Exterior,DAS-W1,131.4,62.6
TILE_01760,032023139662774,40.8127551,-74.0785306,T-Mobile,150.31,10.89,28.6,29,15,373.8,False,Exterior,DAS-W1,131.4,62.6
TILE_01761,032023196077541,40.8127551,-74.0782857,Verizon,137.84,17.68,33.9,37,25,354.2,False,Exterior,DAS-W1,123.1,64.6
TILE_01762,032023169953292,40.8127551,-74.0782857,AT&T,65.81,27.85,41.4,46,25,354.2,False,Exterior,DAS-W1,123.1,64.6
TILE_01763,032023112048093,40.8127551,-74.0780408,Verizon,102.95,21.28,26.3,128,95,334.6,True,West_Upper,DAS-W1,117.8,76.4
TILE_01764,032023185635778,40.8127551,-74.0780408,AT&T,143.24,21.19,42.0,176,64,334.6,True,West_Upper,DAS-W1,117.8,76.4
TILE_01765,032023143096989,40.8127551,-74.0780408,T-Mobile,272.85,29.59,18.7,200,125,334.6,True,West_Upper,DAS-W1,117.8,76.4
TILE_01766,032023181480659,40.8127551,-74.0777959,Verizon,139.29,21.73,25.1,185,42,315.3,True,West_Upper,DAS-W1,116.0,76.8
TILE_01767,032023146018429,40.8127551,-74.0777959,AT&T,117.91,2.0,33.1,62,75,315.3,True,West_Upper,DAS-W1,116.0,76.8
TILE_01768,032023190861183,40.8127551,-74.077551,Verizon,141.17,6.43,21.7,228,186,296.1,True,West_Upper,DAS-W1,117.9,76.4
TILE_01769,032023121300160,40.8127551,-74.077551,AT&T,94.99,12.29,43.2,178,117,296.1,True,West_Upper,DAS-W1,117.9,76.4
TILE_01770,032023176600054,40.8127551,-74.077551,T-Mobile,187.01,13.04,21.5,302,75,296.1,True,West_Upper,DAS-W1,117.9,76.4
TILE_01771,032023194321538,40.8127551,-74.0773061,Verizon,132.28,29.76,30.2,84,22,277.1,True,West_Upper,DAS-W1,123.3,75.3
TILE_01772,032023114087530,40.8127551,-74.0773061,T-Mobile,118.21,48.23,23.1,67,15,277.1,True,West_Upper,DAS-W1,123.3,75.3
TILE_01773,032023126229440,40.8127551,-74.0770612,Verizon,101.74,23.2,30.2,114,56,258.4,True,West_Upper,DAS-W1,131.7,73.7
TILE_01774,032023120289233,40.8127551,-74.0770612,AT&T,132.59,17.81,41.5,167,93,258.4,True,West_Upper,DAS-W1,131.7,73.7
TILE_01775,032023126070356,40.8127551,-74.0770612,T-Mobile,208.67,10.78,28.0,78,60,258.4,True,West_Upper,DAS-W1,131.7,73.7
TILE_01776,032023167884879,40.8127551,-74.0768163,Verizon,90.51,14.72,30.4,177,109,240.0,True,Concourse,DAS-S2,119.9,76.0
TILE_01777,032023123985580,40.8127551,-74.0768163,AT&T,135.98,22.9,39.0,106,62,240.0,True,Concourse,DAS-S2,119.9,76.0
TILE_01778,032023126360009,40.8127551,-74.0768163,US Cellular,81.08,13.36,54.5,19,14,240.0,True,Concourse,DAS-S2,119.9,76.0
TILE_01779,032023117438778,40.8127551,-74.0765714,Verizon,121.99,26.56,24.2,127,71,222.1,True,Concourse,DAS-S2,106.2,78.8
TILE_01780,032023118615627,40.8127551,-74.0765714,AT&T,158.56,13.96,32.0,120,60,222.1,True,Concourse,DAS-S2,106.2,78.8
TILE_01781,032023132541403,40.8127551,-74.0763265,Verizon,132.33,28.0,35.7,238,157,204.6,True,Concourse,DAS-S2,94.9,81.0
TILE_01782,032023116601557,40.8127551,-74.0763265,T-Mobile,250.17,49.58,26.3,133,120,204.6,True,Concourse,DAS-S2,94.9,81.0
TILE_01783,032023152731716,40.8127551,-74.0760816,Verizon,202.58,31.55,21.2,71,37,187.7,True,Concourse,DAS-S2,87.2,82.6
TILE_01784,032023177947181,40.8127551,-74.0760816,AT&T,172.48,29.61,32.1,46,22,187.7,True,Concourse,DAS-S2,87.2,82.6
TILE_01785,032023169093085,40.8127551,-74.0758367,Verizon,234.88,36.47,31.8,412,100,171.7,True,Concourse,DAS-S2,83.9,83.2
TILE_01786,032023126031607,40.8127551,-74.0758367,T-Mobile,319.78,46.0,25.9,219,89,171.7,True,Concourse,DAS-S2,83.9,83.2
TILE_01787,032023129189318,40.8127551,-74.0755918,Verizon,203.15,17.14,21.4,116,87,156.8,True,Concourse,DAS-S2,85.7,82.9
TILE_01788,032023174499838,40.8127551,-74.0755918,AT&T,158.24,21.45,35.3,187,55,156.8,True,Concourse,DAS-S2,85.7,82.9
TILE_01789,032023193822213,40.8127551,-74.0755918,T-Mobile,246.1,33.46,16.8,157,81,156.8,True,Concourse,DAS-S2,85.7,82.9
TILE_01790,032023132467045,40.8127551,-74.0753469,Verizon,196.22,39.0,29.9,93,71,143.4,True,Concourse,DAS-S2,92.2,81.6
TILE_01791,032023153163080,40.8127551,-74.0753469,T-Mobile,267.43,38.02,12.7,78,49,143.4,True,Concourse,DAS-S2,92.2,81.6
TILE_01792,032023121376611,40.8127551,-74.075102,Verizon,165.24,18.14,33.6,160,44,131.8,True,Concourse,DAS-S2,102.5,79.5
TILE_01793,032023131228593,40.8127551,-74.075102,T-Mobile,271.74,21.51,22.6,92,39,131.8,True,Concourse,DAS-S2,102.5,79.5
TILE_01794,032023181537268,40.8127551,-74.075102,US Cellular,81.19,10.68,41.8,32,15,131.8,True,Concourse,DAS-S2,102.5,79.5
TILE_01795,032023147214408,40.8127551,-74.0748571,Verizon,182.11,23.47,17.3,228,58,122.6,True,Concourse,DAS-S1,100.5,79.9
TILE_01796,032023169207891,40.8127551,-74.0746122,Verizon,177.08,27.53,20.1,81,29,116.4,True,Concourse,DAS-S1,90.8,81.8
TILE_01797,032023117399065,40.8127551,-74.0746122,AT&T,147.81,18.39,35.7,43,31,116.4,True,Concourse,DAS-S1,90.8,81.8
TILE_01798,032023193610842,40.8127551,-74.0746122,T-Mobile,193.3,25.72,19.8,48,33,116.4,True,Concourse,DAS-S1,90.8,81.8
TILE_01799,032023135168845,40.8127551,-74.0746122,US Cellular,145.21,11.96,53.6,13,5,116.4,True,Concourse,DAS-S1,90.8,81.8
TILE_01800,032023115673086,40.8127551,-74.0743673,AT&T,119.64,10.65,36.1,68,71,113.7,True,Concourse,DAS-S1,85.0,83.0
TILE_01801,032023169136115,40.8127551,-74.0743673,T-Mobile,258.92,49.44,20.5,154,64,113.7,True,Concourse,DAS-S1,85.0,83.0
TILE_01802,032023120072857,40.8127551,-74.0741224,Verizon,232.84,19.95,30.3,61,28,114.7,True,Concourse,DAS-S1,84.1,83.2
TILE_01803,032023152828694,40.8127551,-74.0741224,AT&T,156.09,23.86,39.6,64,32,114.7,True,Concourse,DAS-S1,84.1,83.2
TILE_01804,032023145964424,40.8127551,-74.0738776,Verizon,270.67,24.85,25.5,108,81,119.3,True,Concourse,DAS-S1,88.2,82.4
TILE_01805,032023188074869,40.8127551,-74.0738776,T-Mobile,209.91,24.32,30.0,87,38,119.3,True,Concourse,DAS-S1,88.2,82.4
TILE_01806,032023142147003,40.8127551,-74.0736327,Verizon,188.33,28.7,25.0,73,38,127.2,True,Concourse,DAS-S1,96.6,80.7
TILE_01807,032023121785587,40.8127551,-74.0733878,Verizon,69.05,22.72,31.8,260,94,137.7,True,Concourse,DAS-S1,108.3,78.3
TILE_01808,032023146572236,40.8127551,-74.0733878,T-Mobile,94.34,49.56,27.6,120,78,137.7,True,Concourse,DAS-S1,108.3,78.3
TILE_01809,032023153227379,40.8127551,-74.0731429,T-Mobile,78.73,22.05,21.8,127,46,150.3,True,Concourse,DAS-S1,122.4,75.5
TILE_01810,032023188071331,40.8127551,-74.072898,Verizon,103.94,13.27,32.4,95,37,164.6,True,Concourse,DAS-S1,138.2,72.4
TILE_01811,032023191578469,40.8127551,-74.072898,AT&T,42.22,15.44,34.4,92,65,164.6,True,Concourse,DAS-S1,138.2,72.4
TILE_01812,032023160207946,40.8127551,-74.0726531,Verizon,145.74,26.66,40.7,56,26,180.1,True,Concourse,DAS-S1,155.1,69.0
TILE_01813,032023176574274,40.8127551,-74.0724082,Verizon,110.74,14.14,29.5,119,117,196.6,True,Concourse,DAS-S1,172.9,65.4
TILE_01814,032023158376466,40.8127551,-74.0724082,AT&T,147.7,10.38,44.6,91,97,196.6,True,Concourse,DAS-S1,172.9,65.4
TILE_01815,032023168800274,40.8127551,-74.0724082,T-Mobile,121.53,15.24,23.7,92,75,196.6,True,Concourse,DAS-S1,172.9,65.4
TILE_01816,032023135060343,40.8127551,-74.0721633,Verizon,127.19,23.27,40.3,82,35,213.8,True,Concourse,DAS-E1,163.4,67.3
TILE_01817,032023129202204,40.8127551,-74.0721633,T-Mobile,161.01,39.33,24.4,44,21,213.8,True,Concourse,DAS-E1,163.4,67.3
TILE_01818,032023191606057,40.8127551,-74.0719184,Verizon,115.41,30.52,38.1,235,171,231.6,True,Concourse,DAS-E1,149.6,70.1
TILE_01819,032023185409433,40.8127551,-74.0719184,AT&T,150.23,13.54,39.2,271,114,231.6,True,Concourse,DAS-E1,149.6,70.1
TILE_01820,032023143882967,40.8127551,-74.0719184,T-Mobile,201.64,20.8,18.1,127,124,231.6,True,Concourse,DAS-E1,149.6,70.1
TILE_01821,032023198446518,40.8127551,-74.0716735,Verizon,134.36,15.88,39.7,290,79,249.8,True,Concourse,DAS-E1,137.5,72.5
TILE_01822,032023131575760,40.8127551,-74.0716735,AT&T,80.1,7.81,39.7,284,94,249.8,True,Concourse,DAS-E1,137.5,72.5
TILE_01823,032023166146732,40.8127551,-74.0716735,T-Mobile,153.07,28.15,19.3,240,114,249.8,True,Concourse,DAS-E1,137.5,72.5
TILE_01824,032023184043733,40.8127551,-74.0714286,Verizon,107.55,26.84,34.1,84,35,268.3,True,East_Upper,DAS-E1,127.6,74.5
TILE_01825,032023146190015,40.8127551,-74.0714286,AT&T,161.34,14.26,43.6,42,40,268.3,True,East_Upper,DAS-E1,127.6,74.5
TILE_01826,032023121529537,40.8127551,-74.0714286,T-Mobile,120.9,33.66,24.9,74,31,268.3,True,East_Upper,DAS-E1,127.6,74.5
TILE_01827,032023148435428,40.8127551,-74.0711837,Verizon,218.27,16.45,27.9,77,50,287.2,True,East_Upper,DAS-E1,120.5,75.9
TILE_01828,032023156129301,40.8127551,-74.0711837,AT&T,66.34,10.04,36.2,142,73,287.2,True,East_Upper,DAS-E1,120.5,75.9
TILE_01829,032023173867579,40.8127551,-74.0711837,T-Mobile,143.73,11.77,20.2,103,51,287.2,True,East_Upper,DAS-E1,120.5,75.9
TILE_01830,032023199842795,40.8127551,-74.0709388,Verizon,114.95,2.0,20.9,117,33,306.3,True,East_Upper,DAS-E1,116.6,76.7
TILE_01831,032023195785064,40.8127551,-74.0709388,AT&T,77.08,11.21,29.7,65,43,306.3,True,East_Upper,DAS-E1,116.6,76.7
TILE_01832,032023150921576,40.8127551,-74.0709388,T-Mobile,223.6,26.66,30.0,49,54,306.3,True,East_Upper,DAS-E1,116.6,76.7
TILE_01833,032023111671358,40.8127551,-74.0706939,Verizon,130.72,4.66,30.7,71,34,325.6,True,East_Upper,DAS-E1,116.4,76.7
TILE_01834,032023140834459,40.8127551,-74.0706939,T-Mobile,225.25,41.66,34.0,64,26,325.6,True,East_Upper,DAS-E1,116.4,76.7
TILE_01835,032023164791177,40.8127551,-74.070449,T-Mobile,132.76,26.65,27.5,312,98,345.0,True,East_Upper,DAS-E1,119.8,76.0
TILE_01836,032023163133408,40.8127551,-74.070449,US Cellular,59.88,2.59,48.6,76,33,345.0,True,East_Upper,DAS-E1,119.8,76.0
TILE_01837,032023135666907,40.8127551,-74.0702041,Verizon,119.27,9.35,38.3,14,4,364.6,False,Exterior,DAS-E1,126.5,63.5
TILE_01838,032023127579930,40.8127551,-74.0702041,AT&T,126.46,20.38,49.3,7,4,364.6,False,Exterior,DAS-E1,126.5,63.5
TILE_01839,032023125803650,40.8127551,-74.0699592,AT&T,100.67,13.12,44.0,8,6,384.3,False,Exterior,DAS-E1,136.0,61.6
TILE_01840,032023136256939,40.8127551,-74.0697143,Verizon,129.2,17.6,39.8,28,10,404.0,False,Exterior,DAS-E1,147.8,59.6
TILE_01841,032023182832925,40.8127551,-74.0697143,AT&T,80.75,9.67,40.7,11,8,404.0,False,Exterior,DAS-E1,147.8,59.6
TILE_01842,032023167811108,40.8127551,-74.0694694,Verizon,133.12,4.59,37.2,21,13,423.9,False,Exterior,DAS-E1,161.5,57.6
TILE_01843,032023181696884,40.8127551,-74.0694694,T-Mobile,130.58,16.11,33.9,37,15,423.9,False,Exterior,DAS-E1,161.5,57.6
TILE_01844,032023123500615,40.8127551,-74.0692245,T-Mobile,85.09,24.22,30.7,48,16,443.9,False,Exterior,DAS-E1,176.4,55.6
TILE_01845,032023180568687,40.8127551,-74.0689796,AT&T,10.0,12.47,44.6,13,10,463.9,False,Exterior,DAS-E1,192.5,53.6
TILE_01846,032023182086063,40.8127551,-74.0684898,Verizon,126.91,17.15,45.0,27,19,504.0,False,Exterior,DAS-E1,226.8,49.6
TILE_01847,032023185578333,40.8127551,-74.0684898,T-Mobile,202.69,17.26,39.0,19,14,504.0,False,Exterior,DAS-E1,226.8,49.6
TILE_01848,032023148910228,40.8127551,-74.0684898,US Cellular,26.75,2.82,78.2,3,2,504.0,False,Exterior,DAS-E1,226.8,49.6
TILE_01849,032023162116034,40.8127551,-74.0682449,Verizon,64.04,21.69,45.4,19,7,524.2,False,Exterior,DAS-E1,244.8,47.6
TILE_01850,032023113854353,40.8127551,-74.068,Verizon,114.69,27.96,38.9,37,38,544.4,False,Exterior,DAS-E1,263.2,45.6
TILE_01851,032023125374643,40.8127551,-74.068,T-Mobile,153.16,33.3,46.9,27,20,544.4,False,Exterior,DAS-E1,263.2,45.6
TILE_01852,032023136316858,40.8129082,-74.08,Verizon,147.75,20.82,41.0,47,10,489.7,False,Exterior,DAS-W1,210.4,51.0
TILE_01853,032023111762706,40.8129082,-74.0795102,Verizon,103.58,13.63,40.4,16,6,449.3,False,Exterior,DAS-W1,175.0,55.1
TILE_01854,032023185703487,40.8129082,-74.0795102,AT&T,120.82,9.7,39.9,13,4,449.3,False,Exterior,DAS-W1,175.0,55.1
TILE_01855,032023192100083,40.8129082,-74.0795102,T-Mobile,134.41,15.27,37.5,10,4,449.3,False,Exterior,DAS-W1,175.0,55.1
TILE_01856,032023174605114,40.8129082,-74.0792653,Verizon,110.71,6.61,36.1,38,18,429.1,False,Exterior,DAS-W1,158.4,57.1
TILE_01857,032023140661176,40.8129082,-74.0792653,AT&T,87.59,5.28,49.8,28,9,429.1,False,Exterior,DAS-W1,158.4,57.1
TILE_01858,032023175825688,40.8129082,-74.0792653,T-Mobile,64.06,17.11,26.8,21,9,429.1,False,Exterior,DAS-W1,158.4,57.1
TILE_01859,032023167459875,40.8129082,-74.0790204,Verizon,83.27,5.65,38.3,53,23,409.0,False,Exterior,DAS-W1,142.9,59.1
TILE_01860,032023151037524,40.8129082,-74.0790204,AT&T,85.48,17.82,48.8,26,19,409.0,False,Exterior,DAS-W1,142.9,59.1
TILE_01861,032023187126713,40.8129082,-74.0790204,T-Mobile,91.18,25.08,38.3,66,23,409.0,False,Exterior,DAS-W1,142.9,59.1
TILE_01862,032023129174792,40.8129082,-74.0787755,T-Mobile,190.83,12.9,26.9,17,7,389.0,False,Exterior,DAS-W1,128.8,61.1
TILE_01863,032023178277569,40.8129082,-74.0787755,US Cellular,138.91,4.94,58.6,3,1,389.0,False,Exterior,DAS-W1,128.8,61.1
TILE_01864,032023141689946,40.8129082,-74.0785306,Verizon,116.01,11.35,43.2,37,35,369.0,False,Exterior,DAS-W1,116.7,63.1
TILE_01865,032023187298243,40.8129082,-74.0785306,AT&T,97.73,5.33,44.6,31,29,369.0,False,Exterior,DAS-W1,116.7,63.1
TILE_01866,032023165972294,40.8129082,-74.0785306,T-Mobile,131.82,35.72,33.2,35,31,369.0,False,Exterior,DAS-W1,116.7,63.1
TILE_01867,032023124518590,40.8129082,-74.0782857,Verizon,140.88,31.25,36.0,23,11,349.1,False,Exterior,DAS-W1,107.2,65.1
TILE_01868,032023186854924,40.8129082,-74.0782857,AT&T,110.67,15.36,34.0,20,15,349.1,False,Exterior,DAS-W1,107.2,65.1
TILE_01869,032023190151342,40.8129082,-74.0780408,Verizon,94.1,23.55,26.8,178,108,329.3,True,West_Upper,DAS-W1,101.1,79.8
TILE_01870,032023139707266,40.8129082,-74.0780408,US Cellular,67.67,13.62,52.1,39,23,329.3,True,West_Upper,DAS-W1,101.1,79.8
TILE_01871,032023190757546,40.8129082,-74.0777959,AT&T,210.63,9.29,39.2,112,79,309.6,True,West_Upper,DAS-W1,99.0,80.2
TILE_01872,032023193945186,40.8129082,-74.077551,Verizon,122.01,26.85,20.8,150,74,290.0,True,West_Upper,DAS-W1,101.2,79.8
TILE_01873,032023185013585,40.8129082,-74.077551,T-Mobile,164.35,33.69,30.9,135,61,290.0,True,West_Upper,DAS-W1,101.2,79.8
TILE_01874,032023113543126,40.8129082,-74.0773061,Verizon,156.64,15.8,30.6,50,13,270.6,True,West_Upper,DAS-W1,107.4,78.5
TILE_01875,032023175898629,40.8129082,-74.0773061,T-Mobile,51.75,22.77,31.3,23,17,270.6,True,West_Upper,DAS-W1,107.4,78.5
TILE_01876,032023126370020,40.8129082,-74.0770612,Verizon,185.85,33.22,37.9,127,89,251.4,True,West_Upper,DAS-W1,117.0,76.6
TILE_01877,032023192705265,40.8129082,-74.0770612,AT&T,184.97,23.95,32.2,88,68,251.4,True,West_Upper,DAS-W1,117.0,76.6
TILE_01878,032023185056024,40.8129082,-74.0768163,AT&T,107.02,15.08,41.8,158,84,232.5,True,Concourse,DAS-W1,129.2,74.2
TILE_01879,032023162847112,40.8129082,-74.0768163,T-Mobile,166.09,16.44,28.3,213,113,232.5,True,Concourse,DAS-W1,129.2,74.2
TILE_01880,032023161829665,40.8129082,-74.0765714,Verizon,134.79,19.99,33.5,133,44,213.9,True,Concourse,DAS-S2,120.0,76.0
TILE_01881,032023121124636,40.8129082,-74.0765714,AT&T,96.87,22.19,32.7,84,42,213.9,True,Concourse,DAS-S2,120.0,76.0
TILE_01882,032023181437933,40.8129082,-74.0763265,Verizon,160.38,24.59,27.3,278,114,195.6,True,Concourse,DAS-S2,110.2,78.0
TILE_01883,032023110657370,40.8129082,-74.0763265,T-Mobile,134.1,42.98,31.4,185,107,195.6,True,Concourse,DAS-S2,110.2,78.0
TILE_01884,032023133445236,40.8129082,-74.0760816,Verizon,179.46,22.91,37.1,230,111,178.0,True,Concourse,DAS-S2,103.6,79.3
TILE_01885,032023130002549,40.8129082,-74.0760816,AT&T,122.87,28.31,45.2,108,105,178.0,True,Concourse,DAS-S2,103.6,79.3
TILE_01886,032023147556251,40.8129082,-74.0758367,AT&T,193.59,19.56,26.8,56,64,161.0,True,Concourse,DAS-S2,100.9,79.8
TILE_01887,032023174335482,40.8129082,-74.0758367,T-Mobile,140.24,17.77,26.3,67,36,161.0,True,Concourse,DAS-S2,100.9,79.8
TILE_01888,032023125220359,40.8129082,-74.0755918,Verizon,172.26,15.76,30.0,102,67,145.0,True,Concourse,DAS-S2,102.4,79.5
TILE_01889,032023152104983,40.8129082,-74.0755918,AT&T,226.57,28.33,34.3,100,55,145.0,True,Concourse,DAS-S2,102.4,79.5
TILE_01890,032023133875681,40.8129082,-74.0753469,T-Mobile,155.11,35.88,31.3,148,94,130.3,True,Concourse,DAS-S2,107.9,78.4
TILE_01891,032023161174994,40.8129082,-74.075102,Verizon,172.63,2.87,30.9,251,80,117.5,True,Concourse,DAS-S2,116.8,76.6
TILE_01892,032023152106807,40.8129082,-74.0748571,Verizon,167.17,16.17,20.7,103,39,107.1,True,Concourse,DAS-C1,113.5,77.3
TILE_01893,032023193480847,40.8129082,-74.0748571,AT&T,121.41,24.95,32.7,70,29,107.1,True,Concourse,DAS-C1,113.5,77.3
TILE_01894,032023185365442,40.8129082,-74.0748571,T-Mobile,126.35,21.29,19.3,50,30,107.1,True,Concourse,DAS-C1,113.5,77.3
TILE_01895,032023176671528,40.8129082,-74.0746122,Verizon,135.1,22.34,31.0,266,101,99.9,True,Concourse,DAS-C1,105.0,79.0
TILE_01896,032023185534963,40.8129082,-74.0746122,AT&T,105.04,12.39,30.1,246,70,99.9,True,Concourse,DAS-C1,105.0,79.0
TILE_01897,032023111662331,40.8129082,-74.0743673,Verizon,177.51,18.7,23.3,143,79,96.7,True,Concourse,DAS-C1,100.0,80.0
TILE_01898,032023193885168,40.8129082,-74.0743673,T-Mobile,218.8,20.36,22.1,231,57,96.7,True,Concourse,DAS-C1,100.0,80.0
TILE_01899,032023177886933,40.8129082,-74.0743673,US Cellular,48.28,8.0,46.1,46,21,96.7,True,Concourse,DAS-C1,100.0,80.0
TILE_01900,032023151017591,40.8129082,-74.0741224,Verizon,182.2,26.38,34.6,113,129,97.9,True,Concourse,DAS-C1,99.3,80.1
TILE_01901,032023110987765,40.8129082,-74.0741224,T-Mobile,155.44,32.96,15.7,174,59,97.9,True,Concourse,DAS-C1,99.3,80.1
TILE_01902,032023141018475,40.8129082,-74.0738776,Verizon,78.02,10.05,23.3,49,20,103.3,True,Concourse,DAS-C1,102.7,79.5
TILE_01903,032023195863288,40.8129082,-74.0738776,US Cellular,93.41,12.78,43.7,3,4,103.3,True,Concourse,DAS-C1,102.7,79.5
TILE_01904,032023151460876,40.8129082,-74.0736327,Verizon,177.52,6.7,33.4,161,83,112.2,True,Concourse,DAS-C1,110.0,78.0
TILE_01905,032023121242802,40.8129082,-74.0736327,AT&T,86.75,8.63,35.6,161,66,112.2,True,Concourse,DAS-C1,110.0,78.0
TILE_01906,032023157769738,40.8129082,-74.0736327,T-Mobile,133.71,47.99,34.1,190,90,112.2,True,Concourse,DAS-C1,110.0,78.0
TILE_01907,032023138389849,40.8129082,-74.0736327,US Cellular,82.09,9.94,50.9,62,22,112.2,True,Concourse,DAS-C1,110.0,78.0
TILE_01908,032023112813833,40.8129082,-74.0733878,Verizon,128.68,10.11,30.4,173,69,124.0,True,Concourse,DAS-C1,120.4,75.9
TILE_01909,032023169947894,40.8129082,-74.0733878,AT&T,103.39,18.45,41.0,108,91,124.0,True,Concourse,DAS-C1,120.4,75.9
TILE_01910,032023173821653,40.8129082,-74.0733878,T-Mobile,208.87,15.23,27.6,193,104,124.0,True,Concourse,DAS-C1,120.4,75.9
TILE_01911,032023170419730,40.8129082,-74.0731429,AT&T,89.83,22.06,41.2,102,39,137.9,True,Concourse,DAS-C1,133.3,73.3
TILE_01912,032023184490212,40.8129082,-74.0731429,US Cellular,55.29,7.64,44.9,25,14,137.9,True,Concourse,DAS-C1,133.3,73.3
TILE_01913,032023153059872,40.8129082,-74.072898,Verizon,102.36,26.2,23.7,90,49,153.4,True,Concourse,DAS-C1,147.9,70.4
TILE_01914,032023173183077,40.8129082,-74.0726531,AT&T,130.53,12.91,41.3,218,76,169.9,True,Concourse,DAS-C1,163.8,67.2
TILE_01915,032023113789527,40.8129082,-74.0726531,T-Mobile,103.56,2.79,34.7,106,70,169.9,True,Concourse,DAS-C1,163.8,67.2
TILE_01916,032023195216315,40.8129082,-74.0724082,Verizon,68.5,10.46,35.3,186,94,187.3,True,Concourse,DAS-E1,168.0,66.4
TILE_01917,032023186660588,40.8129082,-74.0724082,T-Mobile,145.1,34.62,27.0,110,122,187.3,True,Concourse,DAS-E1,168.0,66.4
TILE_01918,032023133052886,40.8129082,-74.0721633,Verizon,96.34,14.87,27.6,89,82,205.3,True,Concourse,DAS-E1,151.8,69.6
TILE_01919,032023123163476,40.8129082,-74.0721633,AT&T,44.4,18.62,48.9,104,69,205.3,True,Concourse,DAS-E1,151.8,69.6
TILE_01920,032023130458706,40.8129082,-74.0719184,Verizon,147.81,26.99,18.9,228,73,223.7,True,Concourse,DAS-E1,136.8,72.6
TILE_01921,032023173830956,40.8129082,-74.0719184,AT&T,119.9,33.79,31.7,169,80,223.7,True,Concourse,DAS-E1,136.8,72.6
TILE_01922,032023146039608,40.8129082,-74.0719184,T-Mobile,192.13,18.33,24.6,76,98,223.7,True,Concourse,DAS-E1,136.8,72.6
TILE_01923,032023117941918,40.8129082,-74.0719184,US Cellular,47.44,10.67,41.1,30,19,223.7,True,Concourse,DAS-E1,136.8,72.6
TILE_01924,032023133697264,40.8129082,-74.0716735,T-Mobile,171.47,5.96,21.3,54,21,242.5,True,Concourse,DAS-E1,123.4,75.3
TILE_01925,032023141755956,40.8129082,-74.0714286,Verizon,238.75,22.96,29.1,239,162,261.6,True,East_Upper,DAS-E1,112.3,77.5
TILE_01926,032023145379242,40.8129082,-74.0714286,AT&T,93.39,18.18,33.9,176,67,261.6,True,East_Upper,DAS-E1,112.3,77.5
TILE_01927,032023170469308,40.8129082,-74.0714286,T-Mobile,258.64,38.21,33.2,173,113,261.6,True,East_Upper,DAS-E1,112.3,77.5
TILE_01928,032023145062958,40.8129082,-74.0711837,Verizon,145.19,18.13,31.9,141,38,280.9,True,East_Upper,DAS-E1,104.2,79.2
TILE_01929,032023119070445,40.8129082,-74.0711837,AT&T,81.18,8.28,35.6,109,33,280.9,True,East_Upper,DAS-E1,104.2,79.2
TILE_01930,032023166915791,40.8129082,-74.0709388,Verizon,189.65,21.67,33.4,236,85,300.4,True,East_Upper,DAS-E1,99.7,80.1
TILE_01931,032023195061370,40.8129082,-74.0709388,AT&T,132.88,21.38,35.1,227,119,300.4,True,East_Upper,DAS-E1,99.7,80.1
TILE_01932,032023198497476,40.8129082,-74.0709388,T-Mobile,223.65,35.36,23.3,246,86,300.4,True,East_Upper,DAS-E1,99.7,80.1
TILE_01933,032023193765541,40.8129082,-74.0706939,Verizon,181.9,46.14,29.2,111,93,320.0,True,East_Upper,DAS-E1,99.4,80.1
TILE_01934,032023154231592,40.8129082,-74.0706939,AT&T,182.14,25.42,31.6,261,105,320.0,True,East_Upper,DAS-E1,99.4,80.1
TILE_01935,032023139171930,40.8129082,-74.0706939,T-Mobile,209.31,46.92,21.5,182,96,320.0,True,East_Upper,DAS-E1,99.4,80.1
TILE_01936,032023166356920,40.8129082,-74.070449,AT&T,147.11,25.78,34.7,226,61,339.8,True,East_Upper,DAS-E1,103.4,79.3
TILE_01937,032023175497709,40.8129082,-74.070449,T-Mobile,121.01,24.12,24.5,256,76,339.8,True,East_Upper,DAS-E1,103.4,79.3
TILE_01938,032023157037934,40.8129082,-74.0702041,Verizon,67.96,27.01,33.9,50,26,359.6,False,Exterior,DAS-E1,111.1,64.0
TILE_01939,032023114136735,40.8129082,-74.0702041,AT&T,99.7,14.38,39.3,41,32,359.6,False,Exterior,DAS-E1,111.1,64.0
TILE_01940,032023195701329,40.8129082,-74.0702041,T-Mobile,82.8,25.53,26.7,45,19,359.6,False,Exterior,DAS-E1,111.1,64.0
TILE_01941,032023189917248,40.8129082,-74.0699592,Verizon,161.11,11.06,40.3,22,17,379.6,False,Exterior,DAS-E1,121.8,62.0
TILE_01942,032023137538340,40.8129082,-74.0699592,US Cellular,62.22,17.17,52.2,3,3,379.6,False,Exterior,DAS-E1,121.8,62.0
TILE_01943,032023174041264,40.8129082,-74.0697143,Verizon,116.47,17.29,30.2,69,42,399.6,False,Exterior,DAS-E1,134.9,60.0
TILE_01944,032023111433195,40.8129082,-74.0697143,T-Mobile,160.99,21.99,28.6,43,16,399.6,False,Exterior,DAS-E1,134.9,60.0
TILE_01945,032023113366835,40.8129082,-74.0694694,Verizon,92.74,29.78,35.2,57,14,419.7,False,Exterior,DAS-E1,149.7,58.0
TILE_01946,032023181747746,40.8129082,-74.0694694,T-Mobile,146.3,22.15,33.6,33,21,419.7,False,Exterior,DAS-E1,149.7,58.0
TILE_01947,032023147176074,40.8129082,-74.0692245,Verizon,127.92,2.0,41.4,34,8,439.8,False,Exterior,DAS-E1,165.8,56.0
TILE_01948,032023162111791,40.8129082,-74.0689796,AT&T,127.22,6.98,41.8,56,38,460.0,False,Exterior,DAS-E1,182.8,54.0
TILE_01949,032023139987912,40.8129082,-74.0687347,Verizon,166.93,4.13,47.6,75,36,480.2,False,Exterior,DAS-E1,200.4,52.0
TILE_01950,032023134833231,40.8129082,-74.0687347,AT&T,84.37,2.0,64.0,23,30,480.2,False,Exterior,DAS-E1,200.4,52.0
TILE_01951,032023185405410,40.8129082,-74.0687347,T-Mobile,51.39,7.96,19.5,48,27,480.2,False,Exterior,DAS-E1,200.4,52.0
TILE_01952,032023143963886,40.8129082,-74.0684898,Verizon,83.39,14.65,45.5,17,19,500.5,False,Exterior,DAS-E1,218.6,50.0
TILE_01953,032023138337562,40.8129082,-74.0684898,AT&T,20.74,6.86,51.1,19,13,500.5,False,Exterior,DAS-E1,218.6,50.0
TILE_01954,032023185719940,40.8129082,-74.0682449,Verizon,10.0,4.58,49.5,27,13,520.8,False,Exterior,DAS-E1,237.2,47.9
TILE_01955,032023151982298,40.8129082,-74.0682449,AT&T,42.75,10.51,61.8,37,11,520.8,False,Exterior,DAS-E1,237.2,47.9
TILE_01956,032023172501247,40.8129082,-74.068,AT&T,10.18,8.26,64.2,41,18,541.1,False,Exterior,DAS-E1,256.2,45.9
TILE_01957,032023127720611,40.8129082,-74.068,T-Mobile,144.58,18.86,34.2,34,11,541.1,False,Exterior,DAS-E1,256.2,45.9
TILE_01958,032023110803410,40.8130612,-74.08,Verizon,121.19,14.93,35.3,42,31,486.6,False,Exterior,DAS-W1,202.9,51.3
TILE_01959,032023147900565,40.8130612,-74.08,AT&T,164.63,12.04,55.9,26,18,486.6,False,Exterior,DAS-W1,202.9,51.3
TILE_01960,032023148521664,40.8130612,-74.08,T-Mobile,109.39,21.84,33.6,35,16,486.6,False,Exterior,DAS-W1,202.9,51.3
TILE_01961,032023121569265,40.8130612,-74.08,US Cellular,55.35,3.18,69.3,8,3,486.6,False,Exterior,DAS-W1,202.9,51.3
TILE_01962,032023192569083,40.8130612,-74.0797551,T-Mobile,72.17,16.8,30.3,68,33,466.3,False,Exterior,DAS-W1,184.2,53.4
TILE_01963,032023144259429,40.8130612,-74.0795102,Verizon,121.2,7.28,38.1,22,18,445.9,False,Exterior,DAS-W1,166.0,55.4
TILE_01964,032023160824995,40.8130612,-74.0795102,T-Mobile,156.28,21.24,32.0,34,9,445.9,False,Exterior,DAS-W1,166.0,55.4
TILE_01965,032023129474484,40.8130612,-74.0795102,US Cellular,10.0,2.12,59.9,4,3,445.9,False,Exterior,DAS-W1,166.0,55.4
TILE_01966,032023114826480,40.8130612,-74.0792653,Verizon,46.74,3.75,39.5,20,6,425.6,False,Exterior,DAS-W1,148.4,57.4
TILE_01967,032023136899963,40.8130612,-74.0792653,AT&T,80.95,9.04,52.7,9,6,425.6,False,Exterior,DAS-W1,148.4,57.4
TILE_01968,032023156048031,40.8130612,-74.0792653,T-Mobile,71.37,32.74,37.5,17,4,425.6,False,Exterior,DAS-W1,148.4,57.4
TILE_01969,032023153438808,40.8130612,-74.0790204,Verizon,109.37,5.19,35.5,84,22,405.3,False,Exterior,DAS-W1,131.7,59.5
TILE_01970,032023171887405,40.8130612,-74.0790204,AT&T,89.41,17.49,46.8,72,25,405.3,False,Exterior,DAS-W1,131.7,59.5
TILE_01971,032023150629114,40.8130612,-74.0787755,Verizon,108.47,13.58,36.7,18,11,385.1,False,Exterior,DAS-W1,116.2,61.5
TILE_01972,032023154010867,40.8130612,-74.0787755,T-Mobile,77.59,27.59,23.3,14,13,385.1,False,Exterior,DAS-W1,116.2,61.5
TILE_01973,032023187218941,40.8130612,-74.0785306,Verizon,114.02,15.47,39.7,19,10,364.9,False,Exterior,DAS-W1,102.6,63.5
TILE_01974,032023168974261,40.8130612,-74.0785306,AT&T,105.25,23.39,51.8,19,7,364.9,False,Exterior,DAS-W1,102.6,63.5
TILE_01975,032023148338252,40.8130612,-74.0782857,AT&T,70.56,10.63,35.9,35,13,344.8,False,Exterior,DAS-W1,91.7,65.5
TILE_01976,032023145079457,40.8130612,-74.0780408,AT&T,155.39,14.66,33.0,73,89,324.7,True,West_Upper,DAS-W1,84.5,83.1
TILE_01977,032023179355563,40.8130612,-74.0780408,T-Mobile,200.29,49.13,16.5,167,55,324.7,True,West_Upper,DAS-W1,84.5,83.1
TILE_01978,032023147170774,40.8130612,-74.0777959,Verizon,161.27,36.87,23.1,128,40,304.7,True,West_Upper,DAS-W1,82.0,83.6
TILE_01979,032023157258195,40.8130612,-74.0777959,AT&T,110.0,25.43,37.6,136,74,304.7,True,West_Upper,DAS-W1,82.0,83.6
TILE_01980,032023195362983,40.8130612,-74.077551,Verizon,184.12,19.34,30.8,134,145,284.8,True,West_Upper,DAS-W1,84.7,83.1
TILE_01981,032023178934784,40.8130612,-74.077551,T-Mobile,211.14,31.42,15.7,236,62,284.8,True,West_Upper,DAS-W1,84.7,83.1
TILE_01982,032023181333108,40.8130612,-74.077551,US Cellular,79.23,13.15,42.9,57,26,284.8,True,West_Upper,DAS-W1,84.7,83.1
TILE_01983,032023181125133,40.8130612,-74.0773061,AT&T,140.15,8.67,39.7,171,67,265.0,True,West_Upper,DAS-W1,92.0,81.6
TILE_01984,032023136339272,40.8130612,-74.0770612,Verizon,139.99,6.87,21.5,89,21,245.4,True,West_Upper,DAS-W1,103.0,79.4
TILE_01985,032023171196560,40.8130612,-74.0770612,T-Mobile,21.95,32.41,18.4,68,27,245.4,True,West_Upper,DAS-W1,103.0,79.4
TILE_01986,032023139509761,40.8130612,-74.0768163,Verizon,168.01,23.49,21.6,313,152,225.9,True,Concourse,DAS-W1,116.7,76.7
TILE_01987,032023144163727,40.8130612,-74.0765714,Verizon,141.53,21.61,33.8,111,57,206.7,True,Concourse,DAS-W1,132.2,73.6
TILE_01988,032023159159977,40.8130612,-74.0765714,AT&T,116.01,20.57,40.2,110,73,206.7,True,Concourse,DAS-W1,132.2,73.6
TILE_01989,032023174342548,40.8130612,-74.0763265,Verizon,158.28,2.0,28.8,135,96,187.8,True,Concourse,DAS-S2,125.9,74.8
TILE_01990,032023183989133,40.8130612,-74.0763265,AT&T,106.1,19.3,34.6,314,94,187.8,True,Concourse,DAS-S2,125.9,74.8
TILE_01991,032023159965633,40.8130612,-74.0763265,US Cellular,59.62,18.34,44.3,28,25,187.8,True,Concourse,DAS-S2,125.9,74.8
TILE_01992,032023131568086,40.8130612,-74.0760816,Verizon,114.21,8.15,18.1,311,106,169.3,True,Concourse,DAS-S2,120.2,76.0
TILE_01993,032023135612973,40.8130612,-74.0760816,AT&T,102.55,6.15,41.8,283,128,169.3,True,Concourse,DAS-S2,120.2,76.0
TILE_01994,032023186780480,40.8130612,-74.0760816,T-Mobile,164.03,25.52,19.2,299,123,169.3,True,Concourse,DAS-S2,120.2,76.0
TILE_01995,032023110720561,40.8130612,-74.0758367,AT&T,111.03,17.46,32.4,153,56,151.4,True,Concourse,DAS-S2,117.9,76.4
TILE_01996,032023165484378,40.8130612,-74.0758367,T-Mobile,180.51,32.18,23.2,83,96,151.4,True,Concourse,DAS-S2,117.9,76.4
TILE_01997,032023154747001,40.8130612,-74.0758367,US Cellular,82.33,17.46,35.3,41,13,151.4,True,Concourse,DAS-S2,117.9,76.4
TILE_01998,032023115557275,40.8130612,-74.0755918,T-Mobile,172.19,18.31,19.1,31,10,134.3,True,Concourse,DAS-S2,119.2,76.2
TILE_01999,032023183809696,40.8130612,-74.0753469,Verizon,161.51,35.12,31.6,207,64,118.3,True,Field,DAS-S2,123.9,75.2
TILE_02000,032023134258147,40.8130612,-74.0753469,T-Mobile,136.98,15.85,26.0,86,51,118.3,True,Field,DAS-S2,123.9,75.2
TILE_02001,032023190104278,40.8130612,-74.075102,AT&T,43.38,16.57,30.3,84,50,103.9,True,Field,DAS-C1,111.9,77.6
TILE_02002,032023149410562,40.8130612,-74.0748571,AT&T,118.24,11.12,36.6,300,75,92.0,True,Field,DAS-C1,99.0,80.2
TILE_02003,032023199483096,40.8130612,-74.0748571,T-Mobile,214.71,42.32,18.4,249,72,92.0,True,Field,DAS-C1,99.0,80.2
TILE_02004,032023150791100,40.8130612,-74.0743673,Verizon,212.36,42.88,27.7,289,79,79.7,True,Field,DAS-C1,83.2,83.4
TILE_02005,032023164483380,40.8130612,-74.0743673,T-Mobile,251.17,33.59,17.7,114,92,79.7,True,Field,DAS-C1,83.2,83.4
TILE_02006,032023193331865,40.8130612,-74.0741224,Verizon,179.56,27.46,23.6,191,56,81.2,True,Field,DAS-C1,82.3,83.5
TILE_02007,032023136342743,40.8130612,-74.0741224,AT&T,139.37,26.08,26.2,133,78,81.2,True,Field,DAS-C1,82.3,83.5
TILE_02008,032023160897613,40.8130612,-74.0741224,T-Mobile,166.52,36.85,15.7,181,54,81.2,True,Field,DAS-C1,82.3,83.5
TILE_02009,032023153748525,40.8130612,-74.0738776,Verizon,199.69,37.88,25.5,57,40,87.6,True,Field,DAS-C1,86.4,82.7
TILE_02010,032023138632977,40.8130612,-74.0738776,AT&T,188.41,19.81,35.4,74,18,87.6,True,Field,DAS-C1,86.4,82.7
TILE_02011,032023161827207,40.8130612,-74.0738776,US Cellular,102.77,21.53,42.2,11,4,87.6,True,Field,DAS-C1,86.4,82.7
TILE_02012,032023138071538,40.8130612,-74.0736327,Verizon,193.62,13.11,23.1,36,30,98.0,True,Field,DAS-C1,95.0,81.0
TILE_02013,032023153383562,40.8130612,-74.0736327,AT&T,203.46,16.05,43.7,25,26,98.0,True,Field,DAS-C1,95.0,81.0
TILE_02014,032023141775870,40.8130612,-74.0736327,T-Mobile,108.13,57.24,19.5,47,12,98.0,True,Field,DAS-C1,95.0,81.0
TILE_02015,032023184123389,40.8130612,-74.0733878,AT&T,58.73,5.09,37.5,82,57,111.3,True,Field,DAS-C1,106.9,78.6
TILE_02016,032023111788674,40.8130612,-74.0733878,T-Mobile,237.18,25.6,24.5,91,51,111.3,True,Field,DAS-C1,106.9,78.6
TILE_02017,032023170465548,40.8130612,-74.0731429,Verizon,77.68,26.51,41.1,116,39,126.6,True,Field,DAS-C1,121.2,75.8
TILE_02018,032023159551183,40.8130612,-74.0731429,AT&T,140.32,12.37,38.5,99,66,126.6,True,Field,DAS-C1,121.2,75.8
TILE_02019,032023118917917,40.8130612,-74.0731429,T-Mobile,156.96,24.92,20.4,151,58,126.6,True,Field,DAS-C1,121.2,75.8
TILE_02020,032023199028622,40.8130612,-74.0731429,US Cellular,95.35,14.03,47.1,15,14,126.6,True,Field,DAS-C1,121.2,75.8
TILE_02021,032023160746682,40.8130612,-74.0726531,Verizon,170.41,11.21,33.9,173,162,160.9,True,Concourse,DAS-C1,154.2,69.2
TILE_02022,032023111814207,40.8130612,-74.0726531,AT&T,106.72,26.01,37.8,218,122,160.9,True,Concourse,DAS-C1,154.2,69.2
TILE_02023,032023154873273,40.8130612,-74.0726531,T-Mobile,88.36,21.35,24.9,155,69,160.9,True,Concourse,DAS-C1,154.2,69.2
TILE_02024,032023190892974,40.8130612,-74.0724082,Verizon,163.47,22.15,35.1,147,41,179.1,True,Concourse,DAS-E1,158.6,68.3
TILE_02025,032023150373550,40.8130612,-74.0724082,AT&T,66.46,4.75,36.9,158,36,179.1,True,Concourse,DAS-E1,158.6,68.3
TILE_02026,032023166091393,40.8130612,-74.0721633,Verizon,141.4,19.75,28.3,88,33,197.8,True,Concourse,DAS-E1,141.3,71.7
TILE_02027,032023115457405,40.8130612,-74.0721633,AT&T,114.75,7.61,34.0,31,30,197.8,True,Concourse,DAS-E1,141.3,71.7
TILE_02028,032023140248481,40.8130612,-74.0721633,T-Mobile,142.25,14.88,23.2,29,18,197.8,True,Concourse,DAS-E1,141.3,71.7
TILE_02029,032023134198206,40.8130612,-74.0719184,Verizon,180.0,17.84,31.3,179,54,216.9,True,Concourse,DAS-E1,125.0,75.0
TILE_02030,032023130546334,40.8130612,-74.0716735,T-Mobile,92.25,25.06,22.9,174,68,236.3,True,Concourse,DAS-E1,110.3,77.9
TILE_02031,032023172268585,40.8130612,-74.0716735,US Cellular,32.05,13.1,47.8,53,12,236.3,True,Concourse,DAS-E1,110.3,77.9
TILE_02032,032023157414529,40.8130612,-74.0714286,T-Mobile,283.83,23.98,17.1,162,55,255.8,True,East_Upper,DAS-E1,97.7,80.5
TILE_02033,032023142231179,40.8130612,-74.0711837,AT&T,144.32,18.16,40.2,174,63,275.5,True,East_Upper,DAS-E1,88.2,82.4
TILE_02034,032023137540853,40.8130612,-74.0711837,T-Mobile,324.04,29.09,17.2,195,57,275.5,True,East_Upper,DAS-E1,88.2,82.4
TILE_02035,032023159205129,40.8130612,-74.0711837,US Cellular,119.32,16.65,33.1,24,20,275.5,True,East_Upper,DAS-E1,88.2,82.4
TILE_02036,032023174769430,40.8130612,-74.0709388,AT&T,155.98,13.36,31.4,124,92,295.4,True,East_Upper,DAS-E1,82.9,83.4
TILE_02037,032023111528694,40.8130612,-74.0706939,Verizon,238.7,35.04,27.8,218,82,315.3,True,East_Upper,DAS-E1,82.5,83.5
TILE_02038,032023177167614,40.8130612,-74.070449,Verizon,152.38,38.07,31.3,67,73,335.3,True,East_Upper,DAS-E1,87.2,82.6
TILE_02039,032023174955328,40.8130612,-74.0702041,AT&T,78.21,2.69,46.5,30,10,355.5,False,Exterior,DAS-E1,96.2,64.5
TILE_02040,032023115118258,40.8130612,-74.0702041,T-Mobile,207.62,23.85,26.2,22,13,355.5,False,Exterior,DAS-E1,96.2,64.5
TILE_02041,032023116336451,40.8130612,-74.0699592,AT&T,123.59,24.72,40.7,28,11,375.6,False,Exterior,DAS-E1,108.5,62.4
TILE_02042,032023163134807,40.8130612,-74.0699592,T-Mobile,70.72,19.2,22.2,26,12,375.6,False,Exterior,DAS-E1,108.5,62.4
TILE_02043,032023154811529,40.8130612,-74.0697143,AT&T,97.69,6.97,48.2,11,6,395.8,False,Exterior,DAS-E1,123.0,60.4
TILE_02044,032023192263366,40.8130612,-74.0694694,Verizon,166.33,22.0,40.6,82,26,416.1,False,Exterior,DAS-E1,139.0,58.4
TILE_02045,032023110580095,40.8130612,-74.0694694,AT&T,81.67,9.71,41.3,69,34,416.1,False,Exterior,DAS-E1,139.0,58.4
TILE_02046,032023186852889,40.8130612,-74.0694694,T-Mobile,15.35,33.34,28.4,57,35,416.1,False,Exterior,DAS-E1,139.0,58.4
TILE_02047,032023110876404,40.8130612,-74.0692245,Verizon,130.96,23.91,46.4,70,33,436.4,False,Exterior,DAS-E1,156.2,56.4
TILE_02048,032023115960482,40.8130612,-74.0692245,AT&T,90.48,9.54,46.6,44,29,436.4,False,Exterior,DAS-E1,156.2,56.4
TILE_02049,032023141405591,40.8130612,-74.0689796,Verizon,109.43,25.24,36.0,64,36,456.7,False,Exterior,DAS-E1,174.1,54.3
TILE_02050,032023117491162,40.8130612,-74.0689796,AT&T,52.65,22.25,52.3,55,34,456.7,False,Exterior,DAS-E1,174.1,54.3
TILE_02051,032023197013611,40.8130612,-74.0689796,T-Mobile,77.8,18.12,37.0,67,29,456.7,False,Exterior,DAS-E1,174.1,54.3
TILE_02052,032023148591174,40.8130612,-74.0689796,US Cellular,17.55,5.18,68.6,18,5,456.7,False,Exterior,DAS-E1,174.1,54.3
TILE_02053,032023157433332,40.8130612,-74.0687347,Verizon,47.76,20.4,38.7,79,29,477.1,False,Exterior,DAS-E1,192.6,52.3
TILE_02054,032023145054095,40.8130612,-74.0684898,T-Mobile,112.26,21.72,37.9,3,3,497.5,False,Exterior,DAS-E1,211.5,50.3
TILE_02055,032023143504776,40.8130612,-74.0682449,Verizon,10.0,4.39,51.6,51,19,517.9,False,Exterior,DAS-E1,230.7,48.2
TILE_02056,032023119550382,40.8130612,-74.0682449,AT&T,49.03,2.19,50.6,32,20,517.9,False,Exterior,DAS-E1,230.7,48.2
TILE_02057,032023197762208,40.8130612,-74.068,T-Mobile,12.82,28.86,47.2,28,26,538.3,False,Exterior,DAS-E1,250.1,46.2
TILE_02058,032023134126245,40.8132143,-74.08,Verizon,18.93,18.85,37.7,22,13,484.1,False,Exterior,DAS-W1,196.7,51.6
TILE_02059,032023194272293,40.8132143,-74.08,AT&T,87.58,13.33,52.6,22,12,484.1,False,Exterior,DAS-W1,196.7,51.6
TILE_02060,032023197669911,40.8132143,-74.08,T-Mobile,14.2,41.77,42.8,40,12,484.1,False,Exterior,DAS-W1,196.7,51.6
TILE_02061,032023161077936,40.8132143,-74.0797551,AT&T,64.43,2.26,60.9,17,15,463.7,False,Exterior,DAS-W1,177.3,53.6
TILE_02062,032023117059114,40.8132143,-74.0795102,Verizon,46.96,24.99,43.8,26,7,443.2,False,Exterior,DAS-W1,158.3,55.7
TILE_02063,032023195869123,40.8132143,-74.0795102,AT&T,37.94,7.66,52.7,21,7,443.2,False,Exterior,DAS-W1,158.3,55.7
TILE_02064,032023192110889,40.8132143,-74.0795102,T-Mobile,85.29,3.3,20.3,8,11,443.2,False,Exterior,DAS-W1,158.3,55.7
TILE_02065,032023150803359,40.8132143,-74.0792653,Verizon,37.18,19.26,34.9,5,3,422.7,False,Exterior,DAS-W1,139.7,57.7
TILE_02066,032023181147515,40.8132143,-74.0792653,AT&T,69.91,19.68,52.3,6,3,422.7,False,Exterior,DAS-W1,139.7,57.7
TILE_02067,032023140034454,40.8132143,-74.0792653,T-Mobile,126.31,5.8,27.8,3,3,422.7,False,Exterior,DAS-W1,139.7,57.7
TILE_02068,032023189874141,40.8132143,-74.0790204,AT&T,51.52,2.0,47.2,71,26,402.3,False,Exterior,DAS-W1,121.8,59.8
TILE_02069,032023181998085,40.8132143,-74.0787755,AT&T,102.97,11.23,46.0,19,8,381.9,False,Exterior,DAS-W1,104.9,61.8
TILE_02070,032023183909910,40.8132143,-74.0787755,T-Mobile,158.65,30.71,29.8,8,8,381.9,False,Exterior,DAS-W1,104.9,61.8
TILE_02071,032023156507645,40.8132143,-74.0785306,AT&T,120.3,5.95,44.3,22,25,361.6,False,Exterior,DAS-W1,89.6,63.8
TILE_02072,032023158121701,40.8132143,-74.0785306,T-Mobile,116.11,19.01,28.5,47,17,361.6,False,Exterior,DAS-W1,89.6,63.8
TILE_02073,032023179565428,40.8132143,-74.0785306,US Cellular,73.54,11.98,59.5,9,3,361.6,False,Exterior,DAS-W1,89.6,63.8
TILE_02074,032023116656884,40.8132143,-74.0782857,Verizon,100.88,26.95,27.3,22,18,341.2,False,Exterior,DAS-W1,76.9,65.9
TILE_02075,032023179575542,40.8132143,-74.0782857,AT&T,97.24,4.79,48.0,20,9,341.2,False,Exterior,DAS-W1,76.9,65.9
TILE_02076,032023139073458,40.8132143,-74.0782857,T-Mobile,211.06,21.68,23.8,28,8,341.2,False,Exterior,DAS-W1,76.9,65.9
TILE_02077,032023138809512,40.8132143,-74.0782857,US Cellular,33.73,10.04,51.7,9,2,341.2,False,Exterior,DAS-W1,76.9,65.9
TILE_02078,032023163559606,40.8132143,-74.0780408,Verizon,242.01,40.69,28.0,248,69,320.9,True,West_Upper,DAS-W1,68.1,86.4
TILE_02079,032023158430738,40.8132143,-74.0780408,AT&T,177.55,26.43,35.9,194,109,320.9,True,West_Upper,DAS-W1,68.1,86.4
TILE_02080,032023179453056,40.8132143,-74.0777959,Verizon,240.94,39.46,23.6,24,16,300.7,True,West_Upper,DAS-W1,65.0,87.0
TILE_02081,032023163302408,40.8132143,-74.077551,AT&T,146.61,17.88,38.4,110,42,280.5,True,West_Upper,DAS-W1,68.4,86.3
TILE_02082,032023190427436,40.8132143,-74.077551,T-Mobile,259.04,60.72,19.7,104,48,280.5,True,West_Upper,DAS-W1,68.4,86.3
TILE_02083,032023196159644,40.8132143,-74.0773061,Verizon,180.76,32.59,30.1,135,148,260.4,True,West_Upper,DAS-W1,77.2,84.6
TILE_02084,032023139691249,40.8132143,-74.0770612,Verizon,220.39,32.87,23.2,88,67,240.4,True,West_Upper,DAS-W1,90.1,82.0
TILE_02085,032023182177665,40.8132143,-74.0768163,Verizon,165.21,20.87,35.7,83,37,220.5,True,Concourse,DAS-W1,105.4,78.9
TILE_02086,032023155283086,40.8132143,-74.0768163,AT&T,71.64,11.22,41.3,57,28,220.5,True,Concourse,DAS-W1,105.4,78.9
TILE_02087,032023188372304,40.8132143,-74.0768163,T-Mobile,181.47,44.67,21.6,43,31,220.5,True,Concourse,DAS-W1,105.4,78.9
TILE_02088,032023145846488,40.8132143,-74.0765714,AT&T,142.62,7.7,36.2,107,35,200.8,True,Concourse,DAS-W1,122.4,75.5
TILE_02089,032023181665512,40.8132143,-74.0765714,T-Mobile,230.05,42.31,23.2,50,40,200.8,True,Concourse,DAS-W1,122.4,75.5
TILE_02090,032023171628157,40.8132143,-74.0763265,Verizon,87.72,19.66,33.0,115,70,181.3,True,Concourse,DAS-W1,140.3,71.9
TILE_02091,032023145742375,40.8132143,-74.0763265,T-Mobile,220.13,37.51,12.8,58,34,181.3,True,Concourse,DAS-W1,140.3,71.9
TILE_02092,032023137041603,40.8132143,-74.0760816,Verizon,125.42,26.64,28.2,149,65,162.1,True,Concourse,DAS-S2,136.9,72.6
TILE_02093,032023110727852,40.8132143,-74.0760816,AT&T,112.86,17.81,45.9,101,59,162.1,True,Concourse,DAS-S2,136.9,72.6
TILE_02094,032023124713786,40.8132143,-74.0758367,Verizon,128.9,30.7,28.2,308,103,143.2,True,Concourse,DAS-S2,134.9,73.0
TILE_02095,032023193134117,40.8132143,-74.0758367,T-Mobile,216.57,24.51,23.1,290,79,143.2,True,Concourse,DAS-S2,134.9,73.0
TILE_02096,032023123576349,40.8132143,-74.0755918,AT&T,123.36,16.79,38.2,19,14,125.0,True,Concourse,DAS-C1,134.2,73.2
TILE_02097,032023172060115,40.8132143,-74.0753469,Verizon,129.9,15.4,31.9,361,108,107.6,True,Field,DAS-C1,116.6,76.7
TILE_02098,032023177984467,40.8132143,-74.075102,Verizon,133.37,21.02,27.6,264,110,91.6,True,Field,DAS-C1,100.1,80.0
TILE_02099,032023160330707,40.8132143,-74.075102,AT&T,180.4,20.49,34.9,92,109,91.6,True,Field,DAS-C1,100.1,80.0
TILE_02100,032023146236267,40.8132143,-74.075102,T-Mobile,113.74,30.78,19.7,142,95,91.6,True,Field,DAS-C1,100.1,80.0
TILE_02101,032023190114082,40.8132143,-74.0748571,Verizon,183.56,29.27,28.1,239,115,77.8,True,Field,DAS-C1,85.5,82.9
TILE_02102,032023151215817,40.8132143,-74.0748571,T-Mobile,188.7,49.77,14.3,183,73,77.8,True,Field,DAS-C1,85.5,82.9
TILE_02103,032023121933530,40.8132143,-74.0746122,T-Mobile,268.1,47.84,29.4,202,93,67.6,True,Field,DAS-C1,73.8,85.2
TILE_02104,032023115881071,40.8132143,-74.0743673,Verizon,227.08,26.32,27.6,169,143,62.8,True,Field,DAS-C1,66.6,86.7
TILE_02105,032023178531646,40.8132143,-74.0743673,T-Mobile,229.53,41.18,21.8,222,113,62.8,True,Field,DAS-C1,66.6,86.7
TILE_02106,032023165537480,40.8132143,-74.0741224,Verizon,159.67,35.27,18.8,39,37,64.6,True,Field,DAS-C1,65.4,86.9
TILE_02107,032023116696235,40.8132143,-74.0741224,T-Mobile,148.9,18.7,14.1,66,20,64.6,True,Field,DAS-C1,65.4,86.9
TILE_02108,032023193919698,40.8132143,-74.0736327,AT&T,130.34,18.37,30.6,93,66,84.8,True,Field,DAS-C1,80.8,83.8
TILE_02109,032023159207453,40.8132143,-74.0736327,US Cellular,131.28,20.93,36.2,21,7,84.8,True,Field,DAS-C1,80.8,83.8
TILE_02110,032023130037476,40.8132143,-74.0733878,Verizon,216.69,20.86,32.8,144,85,99.9,True,Field,DAS-C1,94.5,81.1
TILE_02111,032023178239523,40.8132143,-74.0733878,AT&T,135.1,18.79,30.0,207,59,99.9,True,Field,DAS-C1,94.5,81.1
TILE_02112,032023111885268,40.8132143,-74.0733878,T-Mobile,217.86,25.93,22.2,141,108,99.9,True,Field,DAS-C1,94.5,81.1
TILE_02113,032023195246536,40.8132143,-74.0731429,Verizon,192.62,29.76,30.4,216,89,116.7,True,Field,DAS-C1,110.4,77.9
TILE_02114,032023173989994,40.8132143,-74.0731429,T-Mobile,160.97,17.04,22.7,239,71,116.7,True,Field,DAS-C1,110.4,77.9
TILE_02115,032023193899097,40.8132143,-74.072898,Verizon,184.24,18.58,27.1,91,50,134.6,True,Concourse,DAS-C1,127.7,74.5
TILE_02116,032023146828249,40.8132143,-74.072898,T-Mobile,124.64,28.26,26.0,48,30,134.6,True,Concourse,DAS-C1,127.7,74.5
TILE_02117,032023184521336,40.8132143,-74.0726531,Verizon,163.74,4.93,32.1,29,19,153.2,True,Concourse,DAS-C1,145.8,70.8
TILE_02118,032023193380046,40.8132143,-74.0726531,T-Mobile,141.18,34.63,20.7,14,15,153.2,True,Concourse,DAS-C1,145.8,70.8
TILE_02119,032023128061691,40.8132143,-74.0726531,US Cellular,81.66,8.36,48.0,3,4,153.2,True,Concourse,DAS-C1,145.8,70.8
TILE_02120,032023181314750,40.8132143,-74.0724082,Verizon,108.45,13.69,33.3,227,82,172.2,True,Concourse,DAS-E1,150.5,69.9
TILE_02121,032023186266847,40.8132143,-74.0724082,AT&T,75.45,3.51,39.8,92,59,172.2,True,Concourse,DAS-E1,150.5,69.9
TILE_02122,032023147068741,40.8132143,-74.0724082,T-Mobile,169.77,12.66,19.0,101,48,172.2,True,Concourse,DAS-E1,150.5,69.9
TILE_02123,032023122117067,40.8132143,-74.0721633,Verizon,131.45,19.58,32.0,130,69,191.6,True,Concourse,DAS-E1,132.1,73.6
TILE_02124,032023163720914,40.8132143,-74.0721633,T-Mobile,238.61,26.78,29.9,151,42,191.6,True,Concourse,DAS-E1,132.1,73.6
TILE_02125,032023172392544,40.8132143,-74.0721633,US Cellular,75.84,13.54,50.0,26,13,191.6,True,Concourse,DAS-E1,132.1,73.6
TILE_02126,032023131572282,40.8132143,-74.0719184,AT&T,153.0,7.74,31.5,209,97,211.3,True,Concourse,DAS-E1,114.6,77.1
TILE_02127,032023134909151,40.8132143,-74.0714286,Verizon,162.15,19.78,24.3,128,97,251.0,True,East_Upper,DAS-E1,83.9,83.2
TILE_02128,032023158007127,40.8132143,-74.0714286,T-Mobile,262.11,34.61,19.9,96,68,251.0,True,East_Upper,DAS-E1,83.9,83.2
TILE_02129,032023178870178,40.8132143,-74.0711837,Verizon,237.5,18.81,16.8,141,127,271.1,True,East_Upper,DAS-E1,72.7,85.5
TILE_02130,032023140215577,40.8132143,-74.0711837,AT&T,158.49,10.61,24.8,182,85,271.1,True,East_Upper,DAS-E1,72.7,85.5
TILE_02131,032023170146354,40.8132143,-74.0709388,Verizon,240.17,28.09,23.2,91,78,291.2,True,East_Upper,DAS-E1,66.1,86.8
TILE_02132,032023197806469,40.8132143,-74.0709388,T-Mobile,260.8,40.24,23.7,127,42,291.2,True,East_Upper,DAS-E1,66.1,86.8
TILE_02133,032023195903869,40.8132143,-74.0706939,Verizon,197.88,21.21,29.4,113,51,311.5,True,East_Upper,DAS-E1,65.7,86.9
TILE_02134,032023149885853,40.8132143,-74.0706939,AT&T,166.87,23.75,30.9,146,37,311.5,True,East_Upper,DAS-E1,65.7,86.9
TILE_02135,032023194992239,40.8132143,-74.070449,Verizon,251.43,18.11,21.1,39,13,331.7,True,East_Upper,DAS-E1,71.5,85.7
TILE_02136,032023110149887,40.8132143,-74.070449,AT&T,146.2,12.38,29.2,47,23,331.7,True,East_Upper,DAS-E1,71.5,85.7
TILE_02137,032023114014748,40.8132143,-74.0702041,Verizon,99.17,9.45,35.8,44,25,352.0,False,Exterior,DAS-E1,82.2,64.8
TILE_02138,032023136916325,40.8132143,-74.0702041,AT&T,145.15,12.34,47.7,70,34,352.0,False,Exterior,DAS-E1,82.2,64.8
TILE_02139,032023115675404,40.8132143,-74.0702041,T-Mobile,10.0,20.58,29.2,52,32,352.0,False,Exterior,DAS-E1,82.2,64.8
TILE_02140,032023167556040,40.8132143,-74.0699592,AT&T,98.67,12.28,45.9,17,13,372.4,False,Exterior,DAS-E1,96.2,62.8
TILE_02141,032023190449303,40.8132143,-74.0697143,Verizon,191.52,18.42,35.5,53,46,392.8,False,Exterior,DAS-E1,112.3,60.7
TILE_02142,032023185438845,40.8132143,-74.0697143,AT&T,26.53,15.28,49.0,80,27,392.8,False,Exterior,DAS-E1,112.3,60.7
TILE_02143,032023129275294,40.8132143,-74.0694694,Verizon,141.65,19.59,38.8,40,34,413.2,False,Exterior,DAS-E1,129.7,58.7
TILE_02144,032023162501111,40.8132143,-74.0692245,Verizon,101.35,8.46,48.3,27,14,433.6,False,Exterior,DAS-E1,148.0,56.6
TILE_02145,032023188560887,40.8132143,-74.0692245,AT&T,162.92,16.68,42.2,10,11,433.6,False,Exterior,DAS-E1,148.0,56.6
TILE_02146,032023168770479,40.8132143,-74.0692245,T-Mobile,119.03,8.29,31.3,12,5,433.6,False,Exterior,DAS-E1,148.0,56.6
TILE_02147,032023110834878,40.8132143,-74.0689796,Verizon,46.42,19.86,39.4,48,22,454.1,False,Exterior,DAS-E1,166.8,54.6
TILE_02148,032023110904518,40.8132143,-74.0687347,Verizon,75.11,8.8,46.4,43,22,474.5,False,Exterior,DAS-E1,186.0,52.5
TILE_02149,032023184701438,40.8132143,-74.0687347,T-Mobile,10.0,15.47,25.0,48,19,474.5,False,Exterior,DAS-E1,186.0,52.5
TILE_02150,032023168611644,40.8132143,-74.0682449,AT&T,46.04,6.42,69.3,47,31,515.5,False,Exterior,DAS-E1,225.2,48.4
TILE_02151,032023138873324,40.8132143,-74.068,Verizon,91.09,22.49,45.3,70,22,536.1,False,Exterior,DAS-E1,245.0,46.4
TILE_02152,032023138282412,40.8133673,-74.08,Verizon,110.09,6.99,36.1,22,21,482.2,False,Exterior,DAS-W1,191.7,51.8
TILE_02153,032023120540726,40.8133673,-74.0797551,AT&T,115.31,18.68,57.5,15,4,461.7,False,Exterior,DAS-W1,171.8,53.8
TILE_02154,032023162207668,40.8133673,-74.0795102,Verizon,151.28,8.45,41.8,31,18,441.1,False,Exterior,DAS-W1,152.1,55.9
TILE_02155,032023162913485,40.8133673,-74.0795102,AT&T,58.12,15.75,52.3,32,17,441.1,False,Exterior,DAS-W1,152.1,55.9
TILE_02156,032023159512593,40.8133673,-74.0792653,T-Mobile,164.99,27.62,31.4,29,37,420.6,False,Exterior,DAS-W1,132.6,57.9
TILE_02157,032023123666834,40.8133673,-74.0790204,Verizon,87.75,17.89,31.8,27,34,400.0,False,Exterior,DAS-W1,113.6,60.0
TILE_02158,032023193316265,40.8133673,-74.0790204,AT&T,86.22,15.81,46.7,62,15,400.0,False,Exterior,DAS-W1,113.6,60.0
TILE_02159,032023116343580,40.8133673,-74.0790204,T-Mobile,130.79,32.2,32.6,40,22,400.0,False,Exterior,DAS-W1,113.6,60.0
TILE_02160,032023161540520,40.8133673,-74.0787755,Verizon,95.87,12.46,34.1,45,23,379.5,False,Exterior,DAS-W1,95.3,62.0
TILE_02161,032023130125451,40.8133673,-74.0787755,T-Mobile,105.15,26.7,35.7,40,28,379.5,False,Exterior,DAS-W1,95.3,62.0
TILE_02162,032023133270711,40.8133673,-74.0782857,Verizon,131.05,13.86,34.7,17,10,338.5,False,Exterior,DAS-W1,63.1,66.1
TILE_02163,032023128346591,40.8133673,-74.0782857,AT&T,29.59,8.47,38.1,21,5,338.5,False,Exterior,DAS-W1,63.1,66.1
TILE_02164,032023193485946,40.8133673,-74.0780408,Verizon,256.14,9.6,31.7,255,148,318.1,True,West_Upper,DAS-W1,52.2,89.6
TILE_02165,032023179065573,40.8133673,-74.0780408,T-Mobile,269.09,39.93,22.7,101,111,318.1,True,West_Upper,DAS-W1,52.2,89.6
TILE_02166,032023158145300,40.8133673,-74.0777959,Verizon,157.06,25.27,25.2,66,29,297.6,True,West_Upper,DAS-W1,48.0,90.4
TILE_02167,032023164839203,40.8133673,-74.0777959,AT&T,154.37,18.13,30.1,64,32,297.6,True,West_Upper,DAS-W1,48.0,90.4
TILE_02168,032023119453764,40.8133673,-74.0777959,T-Mobile,243.2,57.77,17.0,59,21,297.6,True,West_Upper,DAS-W1,48.0,90.4
TILE_02169,032023118762524,40.8133673,-74.077551,AT&T,165.99,19.54,38.5,54,13,277.2,True,West_Upper,DAS-W1,52.4,89.5
TILE_02170,032023173664780,40.8133673,-74.0773061,T-Mobile,261.74,31.35,22.8,70,72,256.9,True,West_Upper,DAS-W1,63.6,87.3
TILE_02171,032023123014315,40.8133673,-74.0770612,Verizon,243.92,39.8,27.8,229,56,236.6,True,West_Upper,DAS-W1,78.7,84.3
TILE_02172,032023146895035,40.8133673,-74.0770612,AT&T,154.15,25.0,27.5,153,99,236.6,True,West_Upper,DAS-W1,78.7,84.3
TILE_02173,032023182764696,40.8133673,-74.0768163,Verizon,151.2,27.85,34.8,75,72,216.3,True,Concourse,DAS-W1,95.9,80.8
TILE_02174,032023165576838,40.8133673,-74.0768163,AT&T,138.45,24.17,26.4,81,61,216.3,True,Concourse,DAS-W1,95.9,80.8
TILE_02175,032023167148962,40.8133673,-74.0765714,Verizon,140.85,20.64,26.9,42,36,196.2,True,Concourse,DAS-W1,114.3,77.1
TILE_02176,032023165244694,40.8133673,-74.0765714,AT&T,109.29,10.87,36.1,36,30,196.2,True,Concourse,DAS-W1,114.3,77.1
TILE_02177,032023119256415,40.8133673,-74.0765714,T-Mobile,199.49,6.92,20.5,83,31,196.2,True,Concourse,DAS-W1,114.3,77.1
TILE_02178,032023141696946,40.8133673,-74.0763265,AT&T,126.15,8.26,29.5,56,24,176.1,True,Concourse,DAS-W1,133.3,73.3
TILE_02179,032023149822213,40.8133673,-74.0763265,T-Mobile,168.16,55.61,21.0,62,18,176.1,True,Concourse,DAS-W1,133.3,73.3
TILE_02180,032023127381515,40.8133673,-74.0760816,Verizon,84.8,11.55,29.4,256,69,156.3,True,Concourse,DAS-W1,152.7,69.5
TILE_02181,032023197144357,40.8133673,-74.0760816,AT&T,135.71,7.35,48.5,106,55,156.3,True,Concourse,DAS-W1,152.7,69.5
TILE_02182,032023110691910,40.8133673,-74.0758367,Verizon,121.5,14.86,35.2,141,71,136.6,True,Concourse,DAS-C1,146.2,70.8
TILE_02183,032023115815115,40.8133673,-74.0755918,Verizon,148.76,20.21,22.9,103,65,117.4,True,Concourse,DAS-C1,126.9,74.6
TILE_02184,032023122790342,40.8133673,-74.0755918,AT&T,97.76,17.36,39.0,117,49,117.4,True,Concourse,DAS-C1,126.9,74.6
TILE_02185,032023172984329,40.8133673,-74.0755918,T-Mobile,74.95,23.3,24.0,87,35,117.4,True,Concourse,DAS-C1,126.9,74.6
TILE_02186,032023111943832,40.8133673,-74.0753469,AT&T,205.04,18.77,38.2,91,32,98.7,True,Field,DAS-C1,108.0,78.4
TILE_02187,032023163911140,40.8133673,-74.0753469,T-Mobile,192.62,25.81,25.2,133,56,98.7,True,Field,DAS-C1,108.0,78.4
TILE_02188,032023153218710,40.8133673,-74.075102,Verizon,154.42,30.0,27.2,50,52,80.9,True,Field,DAS-C1,90.0,82.0
TILE_02189,032023176618793,40.8133673,-74.075102,AT&T,117.31,24.98,31.6,74,36,80.9,True,Field,DAS-C1,90.0,82.0
TILE_02190,032023167878552,40.8133673,-74.0748571,Verizon,144.42,34.46,29.1,159,116,64.9,True,Field,DAS-C1,73.4,85.3
TILE_02191,032023174596402,40.8133673,-74.0748571,AT&T,145.66,21.96,34.3,160,105,64.9,True,Field,DAS-C1,73.4,85.3
TILE_02192,032023123106035,40.8133673,-74.0748571,US Cellular,70.87,13.0,37.7,52,17,64.9,True,Field,DAS-C1,73.4,85.3
TILE_02193,032023191954460,40.8133673,-74.0746122,Verizon,179.36,35.28,24.4,245,110,52.2,True,Field,DAS-C1,59.3,88.1
TILE_02194,032023125969812,40.8133673,-74.0746122,T-Mobile,296.27,29.34,17.1,109,129,52.2,True,Field,DAS-C1,59.3,88.1
TILE_02195,032023123066491,40.8133673,-74.0743673,Verizon,228.89,34.08,24.8,237,143,45.9,True,Field,DAS-C1,50.1,90.0
TILE_02196,032023155914272,40.8133673,-74.0743673,AT&T,185.86,39.15,35.0,151,84,45.9,True,Field,DAS-C1,50.1,90.0
TILE_02197,032023190351973,40.8133673,-74.0743673,T-Mobile,254.12,47.63,18.4,227,109,45.9,True,Field,DAS-C1,50.1,90.0
TILE_02198,032023171108411,40.8133673,-74.0741224,Verizon,164.47,33.52,26.7,75,46,48.3,True,Field,DAS-C1,48.5,90.3
TILE_02199,032023167516728,40.8133673,-74.0741224,AT&T,120.67,15.77,26.8,81,35,48.3,True,Field,DAS-C1,48.5,90.3
TILE_02200,032023180602546,40.8133673,-74.0741224,T-Mobile,218.87,38.42,24.5,38,21,48.3,True,Field,DAS-C1,48.5,90.3
TILE_02201,032023131481087,40.8133673,-74.0738776,AT&T,181.98,13.42,33.1,95,44,58.4,True,Field,DAS-C1,55.2,89.0
TILE_02202,032023133617764,40.8133673,-74.0736327,US Cellular,103.07,13.23,36.7,49,27,73.1,True,Field,DAS-C1,67.8,86.4
TILE_02203,032023186594878,40.8133673,-74.0733878,Verizon,119.68,42.49,35.9,88,42,90.2,True,Field,DAS-C1,83.7,83.3
TILE_02204,032023117471750,40.8133673,-74.0733878,AT&T,99.55,14.33,30.4,65,33,90.2,True,Field,DAS-C1,83.7,83.3
TILE_02205,032023147089966,40.8133673,-74.0733878,US Cellular,95.32,20.84,39.4,22,7,90.2,True,Field,DAS-C1,83.7,83.3
TILE_02206,032023124732670,40.8133673,-74.0731429,Verizon,106.99,23.88,26.6,98,54,108.5,True,Field,DAS-C1,101.3,79.7
TILE_02207,032023112961782,40.8133673,-74.0731429,AT&T,55.42,15.03,38.4,50,49,108.5,True,Field,DAS-C1,101.3,79.7
TILE_02208,032023184762035,40.8133673,-74.072898,Verizon,158.39,17.93,32.7,22,19,127.6,True,Concourse,DAS-C1,119.9,76.0
TILE_02209,032023130131978,40.8133673,-74.0726531,T-Mobile,150.72,29.92,27.3,231,56,147.0,True,Concourse,DAS-C1,139.1,72.2
TILE_02210,032023171088947,40.8133673,-74.0724082,Verizon,231.24,26.8,32.5,110,48,166.8,True,Concourse,DAS-E1,143.9,71.2
TILE_02211,032023166744857,40.8133673,-74.0724082,AT&T,104.62,8.74,42.4,77,45,166.8,True,Concourse,DAS-E1,143.9,71.2
TILE_02212,032023173386095,40.8133673,-74.0724082,T-Mobile,101.51,31.37,26.0,32,33,166.8,True,Concourse,DAS-E1,143.9,71.2
TILE_02213,032023145270010,40.8133673,-74.0724082,US Cellular,16.77,9.27,49.5,18,7,166.8,True,Concourse,DAS-E1,143.9,71.2
TILE_02214,032023180555900,40.8133673,-74.0721633,Verizon,180.06,21.05,29.6,122,66,186.8,True,Concourse,DAS-E1,124.7,75.1
TILE_02215,032023159984364,40.8133673,-74.0721633,AT&T,98.65,23.18,33.9,167,73,186.8,True,Concourse,DAS-E1,124.7,75.1
TILE_02216,032023164584419,40.8133673,-74.0719184,T-Mobile,117.4,34.86,29.6,93,48,206.9,True,Concourse,DAS-E1,105.9,78.8
TILE_02217,032023153976447,40.8133673,-74.0716735,Verizon,136.43,25.27,31.0,136,60,227.1,True,Concourse,DAS-E1,88.0,82.4
TILE_02218,032023131114606,40.8133673,-74.0716735,AT&T,187.54,19.77,26.5,131,35,227.1,True,Concourse,DAS-E1,88.0,82.4
TILE_02219,032023161635300,40.8133673,-74.0716735,T-Mobile,203.88,47.18,19.2,78,69,227.1,True,Concourse,DAS-E1,88.0,82.4
TILE_02220,032023125791658,40.8133673,-74.0714286,AT&T,223.2,27.47,42.4,112,36,247.4,True,East_Upper,DAS-E1,71.6,85.7
TILE_02221,032023116772811,40.8133673,-74.0714286,T-Mobile,297.81,43.73,16.5,45,36,247.4,True,East_Upper,DAS-E1,71.6,85.7
TILE_02222,032023133816293,40.8133673,-74.0711837,Verizon,228.92,23.91,24.0,185,42,267.7,True,East_Upper,DAS-E1,57.9,88.4
TILE_02223,032023176787482,40.8133673,-74.0711837,AT&T,149.56,24.12,30.9,93,77,267.7,True,East_Upper,DAS-E1,57.9,88.4
TILE_02224,032023148837571,40.8133673,-74.0711837,US Cellular,109.72,11.14,37.8,18,10,267.7,True,East_Upper,DAS-E1,57.9,88.4
TILE_02225,032023179487049,40.8133673,-74.0709388,Verizon,149.45,31.58,26.3,57,43,288.1,True,East_Upper,DAS-E1,49.5,90.1
TILE_02226,032023176131568,40.8133673,-74.0709388,AT&T,198.12,18.99,27.4,65,52,288.1,True,East_Upper,DAS-E1,49.5,90.1
TILE_02227,032023186472917,40.8133673,-74.0709388,T-Mobile,330.11,62.2,8.1,100,48,288.1,True,East_Upper,DAS-E1,49.5,90.1
TILE_02228,032023146527622,40.8133673,-74.0709388,US Cellular,111.11,15.36,42.3,10,8,288.1,True,East_Upper,DAS-E1,49.5,90.1
TILE_02229,032023147973380,40.8133673,-74.0706939,Verizon,245.41,13.91,23.4,94,64,308.5,True,East_Upper,DAS-E1,48.9,90.2
TILE_02230,032023136978291,40.8133673,-74.070449,Verizon,190.05,19.95,20.8,85,63,328.9,True,East_Upper,DAS-E1,56.4,88.7
TILE_02231,032023193383143,40.8133673,-74.070449,T-Mobile,185.04,59.86,25.2,97,26,328.9,True,East_Upper,DAS-E1,56.4,88.7
TILE_02232,032023133509910,40.8133673,-74.070449,US Cellular,131.1,18.47,44.9,17,12,328.9,True,East_Upper,DAS-E1,56.4,88.7
TILE_02233,032023146427947,40.8133673,-74.0702041,AT&T,140.57,2.0,45.1,42,32,349.4,False,Exterior,DAS-E1,69.5,65.1
TILE_02234,032023167098849,40.8133673,-74.0699592,AT&T,111.35,17.59,49.0,62,21,369.9,False,Exterior,DAS-E1,85.7,63.0
TILE_02235,032023137120895,40.8133673,-74.0699592,T-Mobile,163.77,18.52,24.3,57,20,369.9,False,Exterior,DAS-E1,85.7,63.0
TILE_02236,032023185952535,40.8133673,-74.0697143,Verizon,124.94,20.01,38.0,32,25,390.4,False,Exterior,DAS-E1,103.4,61.0
TILE_02237,032023191096554,40.8133673,-74.0697143,AT&T,70.83,2.0,47.6,74,28,390.4,False,Exterior,DAS-E1,103.4,61.0
TILE_02238,032023180554634,40.8133673,-74.0694694,AT&T,48.46,12.55,52.9,21,9,410.9,False,Exterior,DAS-E1,122.1,58.9
TILE_02239,032023145205756,40.8133673,-74.0692245,Verizon,80.95,16.31,35.3,54,28,431.5,False,Exterior,DAS-E1,141.3,56.9
TILE_02240,032023141241070,40.8133673,-74.0692245,AT&T,80.09,8.44,56.7,18,11,431.5,False,Exterior,DAS-E1,141.3,56.9
TILE_02241,032023189448308,40.8133673,-74.0692245,T-Mobile,195.09,25.55,27.0,20,21,431.5,False,Exterior,DAS-E1,141.3,56.9
TILE_02242,032023172374002,40.8133673,-74.0689796,Verizon,119.2,20.76,40.0,23,18,452.0,False,Exterior,DAS-E1,160.9,54.8
TILE_02243,032023189892472,40.8133673,-74.0689796,AT&T,50.06,5.78,47.4,24,15,452.0,False,Exterior,DAS-E1,160.9,54.8
TILE_02244,032023165879696,40.8133673,-74.0689796,T-Mobile,94.4,13.6,37.7,27,15,452.0,False,Exterior,DAS-E1,160.9,54.8
TILE_02245,032023161819350,40.8133673,-74.0687347,Verizon,90.68,11.77,41.8,91,40,472.6,False,Exterior,DAS-E1,180.8,52.7
TILE_02246,032023117330210,40.8133673,-74.0687347,AT&T,96.04,17.5,48.1,78,24,472.6,False,Exterior,DAS-E1,180.8,52.7
TILE_02247,032023137493371,40.8133673,-74.0687347,T-Mobile,56.49,19.7,38.9,52,23,472.6,False,Exterior,DAS-E1,180.8,52.7
TILE_02248,032023150502918,40.8133673,-74.0684898,T-Mobile,47.96,31.91,29.3,26,24,493.2,False,Exterior,DAS-E1,200.8,50.7
TILE_02249,032023156320284,40.8133673,-74.0682449,Verizon,118.03,12.98,38.9,29,14,513.8,False,Exterior,DAS-E1,220.9,48.6
TILE_02250,032023159816781,40.8133673,-74.0682449,AT&T,77.93,8.19,52.1,12,12,513.8,False,Exterior,DAS-E1,220.9,48.6
TILE_02251,032023185210925,40.8133673,-74.0682449,T-Mobile,95.51,22.57,41.2,18,8,513.8,False,Exterior,DAS-E1,220.9,48.6
TILE_02252,032023161648715,40.8133673,-74.068,Verizon,58.32,2.0,53.1,24,20,534.3,False,Exterior,DAS-E1,241.1,46.6
TILE_02253,032023130398766,40.8133673,-74.068,AT&T,97.87,14.33,61.5,33,11,534.3,False,Exterior,DAS-E1,241.1,46.6
TILE_02254,032023198916671,40.8133673,-74.068,T-Mobile,16.84,24.55,45.0,28,13,534.3,False,Exterior,DAS-E1,241.1,46.6
TILE_02255,032023175040169,40.8135204,-74.08,Verizon,49.53,28.14,41.5,37,15,480.9,False,Exterior,DAS-W1,188.2,51.9
TILE_02256,032023136833398,40.8135204,-74.08,AT&T,80.98,5.68,55.6,38,17,480.9,False,Exterior,DAS-W1,188.2,51.9
TILE_02257,032023145890022,40.8135204,-74.0797551,Verizon,73.01,12.43,42.8,16,6,460.3,False,Exterior,DAS-W1,167.9,54.0
TILE_02258,032023181958446,40.8135204,-74.0797551,T-Mobile,99.74,21.11,34.5,14,7,460.3,False,Exterior,DAS-W1,167.9,54.0
TILE_02259,032023126651089,40.8135204,-74.0795102,T-Mobile,184.34,5.76,22.6,25,22,439.7,False,Exterior,DAS-W1,147.6,56.0
TILE_02260,032023142520921,40.8135204,-74.0792653,Verizon,47.49,16.04,38.7,33,24,419.1,False,Exterior,DAS-W1,127.5,58.1
TILE_02261,032023111708387,40.8135204,-74.0792653,AT&T,111.13,13.01,41.8,53,17,419.1,False,Exterior,DAS-W1,127.5,58.1
TILE_02262,032023126119142,40.8135204,-74.0792653,US Cellular,44.19,7.43,62.2,16,4,419.1,False,Exterior,DAS-W1,127.5,58.1
TILE_02263,032023192976743,40.8135204,-74.0790204,Verizon,90.32,19.07,31.2,10,9,398.5,False,Exterior,DAS-W1,107.5,60.2
TILE_02264,032023126472231,40.8135204,-74.0790204,AT&T,72.67,18.05,40.8,19,7,398.5,False,Exterior,DAS-W1,107.5,60.2
TILE_02265,032023134513845,40.8135204,-74.0790204,T-Mobile,156.67,17.9,32.0,10,8,398.5,False,Exterior,DAS-W1,107.5,60.2
TILE_02266,032023117868825,40.8135204,-74.0787755,Verizon,147.59,21.3,36.4,36,25,377.8,False,Exterior,DAS-W1,88.0,62.2
TILE_02267,032023126366053,40.8135204,-74.0785306,Verizon,115.02,20.63,34.4,14,5,357.2,False,Exterior,DAS-W1,69.0,64.3
TILE_02268,032023160008215,40.8135204,-74.0785306,US Cellular,54.94,12.6,62.0,1,1,357.2,False,Exterior,DAS-W1,69.0,64.3
TILE_02269,032023115182924,40.8135204,-74.0782857,Verizon,109.81,5.72,26.4,14,11,336.7,False,Exterior,DAS-W1,51.4,66.3
TILE_02270,032023127555933,40.8135204,-74.0782857,US Cellular,86.02,7.39,46.9,3,1,336.7,False,Exterior,DAS-W1,51.4,66.3
TILE_02271,032023122177682,40.8135204,-74.0780408,Verizon,235.6,33.33,21.9,30,22,316.1,True,West_Upper,DAS-W1,37.1,92.6
TILE_02272,032023140399601,40.8135204,-74.0780408,US Cellular,112.39,21.08,38.9,4,3,316.1,True,West_Upper,DAS-W1,37.1,92.6
TILE_02273,032023131291674,40.8135204,-74.0777959,Verizon,238.13,27.36,25.6,156,91,295.5,True,West_Upper,DAS-W1,31.1,93.8
TILE_02274,032023155538828,40.8135204,-74.0777959,T-Mobile,253.88,51.39,23.4,243,113,295.5,True,West_Upper,DAS-W1,31.1,93.8
TILE_02275,032023184761667,40.8135204,-74.0777959,US Cellular,94.94,24.89,34.0,55,33,295.5,True,West_Upper,DAS-W1,31.1,93.8
TILE_02276,032023187248376,40.8135204,-74.077551,Verizon,228.25,30.06,23.2,212,91,274.9,True,West_Upper,DAS-W1,37.5,92.5
TILE_02277,032023149871764,40.8135204,-74.0773061,AT&T,182.3,27.26,29.0,143,91,254.4,True,West_Upper,DAS-W1,52.0,89.6
TILE_02278,032023118201804,40.8135204,-74.0773061,T-Mobile,165.7,47.78,19.0,200,97,254.4,True,West_Upper,DAS-W1,52.0,89.6
TILE_02279,032023171848683,40.8135204,-74.0770612,AT&T,104.01,31.55,24.2,122,31,233.9,True,West_Upper,DAS-W1,69.6,86.1
TILE_02280,032023156007326,40.8135204,-74.0770612,T-Mobile,144.86,42.95,21.5,117,57,233.9,True,West_Upper,DAS-W1,69.6,86.1
TILE_02281,032023196126590,40.8135204,-74.0768163,Verizon,204.81,45.66,28.5,226,107,213.4,True,Concourse,DAS-W1,88.6,82.3
TILE_02282,032023156624743,40.8135204,-74.0768163,AT&T,182.18,22.89,32.6,99,94,213.4,True,Concourse,DAS-W1,88.6,82.3
TILE_02283,032023179287409,40.8135204,-74.0765714,Verizon,169.49,24.98,29.4,32,24,192.9,True,Concourse,DAS-W1,108.2,78.4
TILE_02284,032023183479709,40.8135204,-74.0765714,T-Mobile,153.44,29.39,27.1,19,12,192.9,True,Concourse,DAS-W1,108.2,78.4
TILE_02285,032023180865017,40.8135204,-74.0760816,AT&T,112.68,6.28,39.5,99,69,152.2,True,Concourse,DAS-W1,148.3,70.3
TILE_02286,032023131692076,40.8135204,-74.0758367,Verizon,58.44,25.64,24.7,194,62,132.0,True,Concourse,DAS-C1,141.5,71.7
TILE_02287,032023150661926,40.8135204,-74.0758367,AT&T,74.88,11.32,44.2,99,44,132.0,True,Concourse,DAS-C1,141.5,71.7
TILE_02288,032023184848115,40.8135204,-74.0755918,Verizon,76.44,23.31,29.2,97,97,111.9,True,Concourse,DAS-C1,121.5,75.7
TILE_02289,032023174887169,40.8135204,-74.0755918,AT&T,44.09,7.59,38.2,193,85,111.9,True,Concourse,DAS-C1,121.5,75.7
TILE_02290,032023152617903,40.8135204,-74.0753469,Verizon,169.77,34.06,27.3,288,121,92.0,True,Field,DAS-C1,101.6,79.7
TILE_02291,032023134151312,40.8135204,-74.0753469,AT&T,142.76,9.83,37.8,261,90,92.0,True,Field,DAS-C1,101.6,79.7
TILE_02292,032023158119719,40.8135204,-74.0753469,T-Mobile,255.99,15.58,23.3,289,82,92.0,True,Field,DAS-C1,101.6,79.7
TILE_02293,032023169847634,40.8135204,-74.075102,Verizon,196.89,23.41,24.1,151,94,72.7,True,Field,DAS-C1,82.2,83.6
TILE_02294,032023198629606,40.8135204,-74.075102,AT&T,196.83,16.32,35.3,85,78,72.7,True,Field,DAS-C1,82.2,83.6
TILE_02295,032023164547935,40.8135204,-74.0748571,Verizon,179.58,29.11,18.1,236,148,54.3,True,Field,DAS-C1,63.5,87.3
TILE_02296,032023170432250,40.8135204,-74.0748571,US Cellular,117.52,20.5,40.2,43,27,54.3,True,Field,DAS-C1,63.5,87.3
TILE_02297,032023191107442,40.8135204,-74.0746122,Verizon,238.0,21.05,18.2,106,96,38.3,True,Field,DAS-C1,46.6,90.7
TILE_02298,032023172053473,40.8135204,-74.0746122,AT&T,214.0,29.47,30.3,76,64,38.3,True,Field,DAS-C1,46.6,90.7
TILE_02299,032023182425210,40.8135204,-74.0746122,T-Mobile,195.88,39.8,18.5,57,74,38.3,True,Field,DAS-C1,46.6,90.7
TILE_02300,032023190215673,40.8135204,-74.0743673,Verizon,251.9,30.07,21.3,168,182,29.0,True,Field,DAS-C1,34.1,93.2
TILE_02301,032023142064752,40.8135204,-74.0743673,AT&T,181.04,23.11,27.8,135,80,29.0,True,Field,DAS-C1,34.1,93.2
TILE_02302,032023184455402,40.8135204,-74.0743673,T-Mobile,227.21,26.1,24.4,222,125,29.0,True,Field,DAS-C1,34.1,93.2
TILE_02303,032023180655266,40.8135204,-74.0741224,AT&T,201.8,22.76,33.9,135,157,32.7,True,Field,DAS-C1,31.7,93.7
TILE_02304,032023132952472,40.8135204,-74.0741224,US Cellular,115.21,24.09,35.6,34,28,32.7,True,Field,DAS-C1,31.7,93.7
TILE_02305,032023123162488,40.8135204,-74.0736327,AT&T,204.09,20.88,41.3,55,44,63.9,True,Field,DAS-C1,57.1,88.6
TILE_02306,032023174755076,40.8135204,-74.0736327,T-Mobile,220.65,45.82,18.7,76,23,63.9,True,Field,DAS-C1,57.1,88.6
TILE_02307,032023110540709,40.8135204,-74.0733878,Verizon,206.57,19.15,28.6,269,121,82.9,True,Field,DAS-C1,75.2,85.0
TILE_02308,032023139051595,40.8135204,-74.0731429,AT&T,201.04,26.11,36.5,113,41,102.5,True,Field,DAS-C1,94.4,81.1
TILE_02309,032023171057752,40.8135204,-74.0731429,T-Mobile,214.06,45.73,23.5,68,68,102.5,True,Field,DAS-C1,94.4,81.1
TILE_02310,032023135016967,40.8135204,-74.0731429,US Cellular,100.71,11.79,41.9,34,9,102.5,True,Field,DAS-C1,94.4,81.1
TILE_02311,032023184158470,40.8135204,-74.072898,AT&T,133.3,9.38,28.6,155,40,122.5,True,Concourse,DAS-C1,114.2,77.2
TILE_02312,032023117407697,40.8135204,-74.0726531,Verizon,175.91,14.83,28.7,277,75,142.7,True,Concourse,DAS-C1,134.2,73.2
TILE_02313,032023186462763,40.8135204,-74.0726531,AT&T,87.54,17.4,43.1,282,99,142.7,True,Concourse,DAS-C1,134.2,73.2
TILE_02314,032023181407989,40.8135204,-74.0726531,T-Mobile,157.79,37.36,21.3,270,86,142.7,True,Concourse,DAS-C1,134.2,73.2
TILE_02315,032023122508492,40.8135204,-74.0724082,Verizon,161.13,30.01,40.0,211,140,163.0,True,Concourse,DAS-E1,139.2,72.2
TILE_02316,032023123650844,40.8135204,-74.0724082,US Cellular,95.35,16.39,50.2,42,25,163.0,True,Concourse,DAS-E1,139.2,72.2
TILE_02317,032023134060443,40.8135204,-74.0721633,Verizon,84.29,22.02,32.2,107,69,183.4,True,Concourse,DAS-E1,119.1,76.2
TILE_02318,032023176667343,40.8135204,-74.0721633,AT&T,106.51,12.74,37.9,138,56,183.4,True,Concourse,DAS-E1,119.1,76.2
TILE_02319,032023179566264,40.8135204,-74.0721633,T-Mobile,193.17,5.78,22.4,121,96,183.4,True,Concourse,DAS-E1,119.1,76.2
TILE_02320,032023154314414,40.8135204,-74.0721633,US Cellular,97.9,2.55,45.7,48,12,183.4,True,Concourse,DAS-E1,119.1,76.2
TILE_02321,032023118689013,40.8135204,-74.0719184,Verizon,178.18,20.04,28.5,107,90,203.8,True,Concourse,DAS-E1,99.3,80.1
TILE_02322,032023144781881,40.8135204,-74.0719184,AT&T,101.6,12.23,28.9,78,53,203.8,True,Concourse,DAS-E1,99.3,80.1
TILE_02323,032023179478922,40.8135204,-74.0716735,AT&T,160.21,21.18,32.1,151,73,224.3,True,Concourse,DAS-E1,80.0,84.0
TILE_02324,032023162216843,40.8135204,-74.0714286,Verizon,217.22,17.67,24.0,107,44,244.8,True,East_Upper,DAS-E1,61.5,87.7
TILE_02325,032023116136357,40.8135204,-74.0714286,AT&T,271.84,28.79,23.9,34,35,244.8,True,East_Upper,DAS-E1,61.5,87.7
TILE_02326,032023195170079,40.8135204,-74.0714286,US Cellular,152.6,13.08,39.1,14,10,244.8,True,East_Upper,DAS-E1,61.5,87.7
TILE_02327,032023195685703,40.8135204,-74.0711837,Verizon,244.65,26.9,22.6,41,48,265.3,True,East_Upper,DAS-E1,44.9,91.0
TILE_02328,032023129194438,40.8135204,-74.0711837,T-Mobile,297.76,48.61,20.1,61,27,265.3,True,East_Upper,DAS-E1,44.9,91.0
TILE_02329,032023117992993,40.8135204,-74.0709388,Verizon,148.9,30.13,25.7,339,76,285.9,True,East_Upper,DAS-E1,33.2,93.4
TILE_02330,032023149892460,40.8135204,-74.0709388,T-Mobile,310.86,44.08,21.2,279,58,285.9,True,East_Upper,DAS-E1,33.2,93.4
TILE_02331,032023161834980,40.8135204,-74.0706939,AT&T,149.95,32.21,32.1,38,38,306.4,True,East_Upper,DAS-E1,32.3,93.5
TILE_02332,032023123581664,40.8135204,-74.070449,Verizon,210.21,33.16,24.3,174,54,327.0,True,East_Upper,DAS-E1,42.9,91.4
TILE_02333,032023143498128,40.8135204,-74.070449,AT&T,182.4,20.6,31.3,185,80,327.0,True,East_Upper,DAS-E1,42.9,91.4
TILE_02334,032023124493811,40.8135204,-74.070449,T-Mobile,285.12,53.83,20.0,118,69,327.0,True,East_Upper,DAS-E1,42.9,91.4
TILE_02335,032023188364196,40.8135204,-74.0702041,AT&T,150.44,15.66,39.0,19,13,347.6,False,Exterior,DAS-E1,59.1,65.2
TILE_02336,032023165820390,40.8135204,-74.0699592,AT&T,108.14,15.33,52.8,16,5,368.2,False,Exterior,DAS-E1,77.4,63.2
TILE_02337,032023162078029,40.8135204,-74.0699592,T-Mobile,211.72,18.34,21.2,8,8,368.2,False,Exterior,DAS-E1,77.4,63.2
TILE_02338,032023146161402,40.8135204,-74.0697143,Verizon,60.42,17.49,46.7,9,5,388.8,False,Exterior,DAS-E1,96.7,61.1
TILE_02339,032023198363741,40.8135204,-74.0697143,AT&T,97.05,3.66,48.4,7,8,388.8,False,Exterior,DAS-E1,96.7,61.1
TILE_02340,032023127168555,40.8135204,-74.0697143,T-Mobile,161.11,16.57,30.1,14,6,388.8,False,Exterior,DAS-E1,96.7,61.1
TILE_02341,032023174351897,40.8135204,-74.0694694,Verizon,112.5,2.0,39.3,33,15,409.4,False,Exterior,DAS-E1,116.5,59.1
TILE_02342,032023181245245,40.8135204,-74.0692245,AT&T,80.49,12.17,48.6,12,3,430.0,False,Exterior,DAS-E1,136.5,57.0
TILE_02343,032023188089962,40.8135204,-74.0692245,T-Mobile,70.59,28.27,31.6,12,6,430.0,False,Exterior,DAS-E1,136.5,57.0
TILE_02344,032023132590827,40.8135204,-74.0689796,Verizon,77.2,17.88,38.9,10,5,450.6,False,Exterior,DAS-E1,156.7,54.9
TILE_02345,032023163857484,40.8135204,-74.0687347,AT&T,50.25,10.6,53.2,26,7,471.3,False,Exterior,DAS-E1,177.0,52.9
TILE_02346,032023154272011,40.8135204,-74.0684898,AT&T,91.3,6.03,55.8,22,14,491.9,False,Exterior,DAS-E1,197.4,50.8
TILE_02347,032023117075557,40.8135204,-74.0684898,US Cellular,17.94,10.0,59.3,5,2,491.9,False,Exterior,DAS-E1,197.4,50.8
TILE_02348,032023123704349,40.8135204,-74.0682449,Verizon,87.35,13.92,39.5,13,6,512.5,False,Exterior,DAS-E1,217.8,48.7
TILE_02349,032023178948726,40.8135204,-74.0682449,AT&T,10.0,17.02,48.9,13,5,512.5,False,Exterior,DAS-E1,217.8,48.7
TILE_02350,032023165352555,40.8135204,-74.0682449,T-Mobile,33.34,2.41,44.0,4,3,512.5,False,Exterior,DAS-E1,217.8,48.7
TILE_02351,032023170198002,40.8135204,-74.068,AT&T,70.91,15.03,58.0,4,3,533.2,False,Exterior,DAS-E1,238.3,46.7
TILE_02352,032023139450486,40.8136735,-74.08,Verizon,48.25,17.51,43.2,47,15,480.2,False,Exterior,DAS-W1,186.1,52.0
TILE_02353,032023170816642,40.8136735,-74.08,AT&T,64.53,5.08,56.4,42,13,480.2,False,Exterior,DAS-W1,186.1,52.0
TILE_02354,032023136220340,40.8136735,-74.08,T-Mobile,107.0,23.13,33.9,25,17,480.2,False,Exterior,DAS-W1,186.1,52.0
TILE_02355,032023122419414,40.8136735,-74.0797551,T-Mobile,96.36,4.82,25.5,42,36,459.6,False,Exterior,DAS-W1,165.6,54.0
TILE_02356,032023132654277,40.8136735,-74.0795102,Verizon,85.53,21.17,39.0,7,2,438.9,False,Exterior,DAS-W1,145.0,56.1
TILE_02357,032023119559130,40.8136735,-74.0795102,T-Mobile,39.09,44.63,41.0,7,1,438.9,False,Exterior,DAS-W1,145.0,56.1
TILE_02358,032023132267044,40.8136735,-74.0792653,Verizon,96.16,6.42,40.0,25,10,418.2,False,Exterior,DAS-W1,124.4,58.2
TILE_02359,032023150972748,40.8136735,-74.0792653,T-Mobile,172.48,13.7,33.5,20,10,418.2,False,Exterior,DAS-W1,124.4,58.2
TILE_02360,032023133093646,40.8136735,-74.0790204,Verizon,27.38,6.56,42.4,55,23,397.6,False,Exterior,DAS-W1,103.9,60.2
TILE_02361,032023117668169,40.8136735,-74.0790204,AT&T,70.05,11.84,44.2,45,20,397.6,False,Exterior,DAS-W1,103.9,60.2
TILE_02362,032023173628500,40.8136735,-74.0787755,Verizon,119.36,26.58,46.9,42,22,376.9,False,Exterior,DAS-W1,83.5,62.3
TILE_02363,032023121330649,40.8136735,-74.0787755,US Cellular,10.0,2.0,53.7,12,7,376.9,False,Exterior,DAS-W1,83.5,62.3
TILE_02364,032023156496766,40.8136735,-74.0785306,Verizon,148.34,9.64,31.5,41,24,356.3,False,Exterior,DAS-W1,63.2,64.4
TILE_02365,032023187979662,40.8136735,-74.0785306,AT&T,82.6,2.0,39.4,35,19,356.3,False,Exterior,DAS-W1,63.2,64.4
TILE_02366,032023129602907,40.8136735,-74.0785306,T-Mobile,68.58,23.99,24.6,38,11,356.3,False,Exterior,DAS-W1,63.2,64.4
TILE_02367,032023163923106,40.8136735,-74.0785306,US Cellular,62.67,8.79,60.8,5,3,356.3,False,Exterior,DAS-W1,63.2,64.4
TILE_02368,032023136836813,40.8136735,-74.0782857,Verizon,131.5,27.72,44.7,58,32,335.6,False,Exterior,DAS-W1,43.3,66.4
TILE_02369,032023139799647,40.8136735,-74.0782857,AT&T,152.03,6.74,38.9,46,24,335.6,False,Exterior,DAS-W1,43.3,66.4
TILE_02370,032023187234388,40.8136735,-74.0782857,T-Mobile,123.63,19.7,24.9,47,23,335.6,False,Exterior,DAS-W1,43.3,66.4
TILE_02371,032023112199457,40.8136735,-74.0780408,T-Mobile,282.77,37.42,15.1,203,80,315.0,True,West_Upper,DAS-W1,24.7,95.1
TILE_02372,032023186023074,40.8136735,-74.0777959,Verizon,254.47,27.18,17.5,240,122,294.3,True,West_Upper,DAS-W1,14.1,97.2
TILE_02373,032023161357556,40.8136735,-74.0777959,AT&T,218.91,19.97,22.0,158,66,294.3,True,West_Upper,DAS-W1,14.1,97.2
TILE_02374,032023146157795,40.8136735,-74.077551,AT&T,201.78,23.01,27.8,210,90,273.7,True,West_Upper,DAS-W1,25.3,94.9
TILE_02375,032023156566903,40.8136735,-74.077551,T-Mobile,252.21,60.12,20.9,176,75,273.7,True,West_Upper,DAS-W1,25.3,94.9
TILE_02376,032023149084293,40.8136735,-74.0773061,Verizon,136.88,37.73,23.2,145,57,253.1,True,West_Upper,DAS-W1,44.0,91.2
TILE_02377,032023152647026,40.8136735,-74.0770612,AT&T,206.23,22.97,35.2,194,75,232.4,True,West_Upper,DAS-W1,63.9,87.2
TILE_02378,032023176066061,40.8136735,-74.0770612,T-Mobile,104.72,36.67,13.5,93,84,232.4,True,West_Upper,DAS-W1,63.9,87.2
TILE_02379,032023139107884,40.8136735,-74.0770612,US Cellular,112.57,12.95,48.9,45,17,232.4,True,West_Upper,DAS-W1,63.9,87.2
TILE_02380,032023153723428,40.8136735,-74.0768163,Verizon,206.9,24.29,29.3,180,85,211.8,True,Concourse,DAS-W1,84.2,83.2
TILE_02381,032023127672351,40.8136735,-74.0768163,AT&T,166.35,29.58,33.3,143,77,211.8,True,Concourse,DAS-W1,84.2,83.2
TILE_02382,032023126337483,40.8136735,-74.0768163,T-Mobile,200.75,51.11,27.5,109,46,211.8,True,Concourse,DAS-W1,84.2,83.2
TILE_02383,032023132567393,40.8136735,-74.0765714,Verizon,198.14,25.86,26.3,118,78,191.2,True,Concourse,DAS-W1,104.6,79.1
TILE_02384,032023117961956,40.8136735,-74.0765714,AT&T,120.47,11.58,35.3,139,81,191.2,True,Concourse,DAS-W1,104.6,79.1
TILE_02385,032023149117539,40.8136735,-74.0760816,Verizon,115.81,22.94,25.9,98,79,149.9,True,Concourse,DAS-W1,145.7,70.9
TILE_02386,032023117104370,40.8136735,-74.0760816,T-Mobile,172.61,30.14,24.1,114,49,149.9,True,Concourse,DAS-W1,145.7,70.9
TILE_02387,032023129103259,40.8136735,-74.0758367,Verizon,136.49,10.06,34.9,238,70,129.3,True,Concourse,DAS-C1,138.8,72.2
TILE_02388,032023140791649,40.8136735,-74.0758367,AT&T,116.98,18.88,33.7,87,84,129.3,True,Concourse,DAS-C1,138.8,72.2
TILE_02389,032023152840467,40.8136735,-74.0758367,T-Mobile,160.71,30.68,20.1,219,95,129.3,True,Concourse,DAS-C1,138.8,72.2
TILE_02390,032023159751735,40.8136735,-74.0755918,Verizon,124.18,9.65,25.6,32,15,108.8,True,Concourse,DAS-C1,118.3,76.3
TILE_02391,032023177133637,40.8136735,-74.0755918,AT&T,119.4,6.06,30.8,25,19,108.8,True,Concourse,DAS-C1,118.3,76.3
TILE_02392,032023187310762,40.8136735,-74.0753469,Verizon,270.03,27.14,32.8,204,67,88.3,True,Field,DAS-C1,97.8,80.4
TILE_02393,032023184298988,40.8136735,-74.075102,Verizon,124.27,25.03,14.7,133,52,67.8,True,Field,DAS-C1,77.4,84.5
TILE_02394,032023197955960,40.8136735,-74.075102,T-Mobile,256.35,30.51,30.5,175,58,67.8,True,Field,DAS-C1,77.4,84.5
TILE_02395,032023189472226,40.8136735,-74.075102,US Cellular,86.71,6.43,44.2,44,16,67.8,True,Field,DAS-C1,77.4,84.5
TILE_02396,032023189751052,40.8136735,-74.0748571,AT&T,193.1,30.06,34.3,59,27,47.6,True,Field,DAS-C1,57.2,88.6
TILE_02397,032023112201529,40.8136735,-74.0746122,T-Mobile,341.58,55.1,16.7,220,122,28.0,True,Field,DAS-C1,37.5,92.5
TILE_02398,032023128233871,40.8136735,-74.0743673,Verizon,194.24,41.49,24.8,271,123,12.6,True,Field,DAS-C1,19.9,96.0
TILE_02399,032023116892762,40.8136735,-74.0743673,AT&T,204.37,33.32,28.3,227,91,12.6,True,Field,DAS-C1,19.9,96.0
TILE_02400,032023141400746,40.8136735,-74.0743673,T-Mobile,216.68,57.25,12.8,83,53,12.6,True,Field,DAS-C1,19.9,96.0
TILE_02401,032023167070675,40.8136735,-74.0741224,Verizon,202.76,18.99,31.3,160,146,19.6,True,Field,DAS-C1,15.5,96.9
TILE_02402,032023178149445,40.8136735,-74.0741224,AT&T,175.77,28.48,36.6,206,116,19.6,True,Field,DAS-C1,15.5,96.9
TILE_02403,032023150898438,40.8136735,-74.0738776,Verizon,182.15,24.96,20.3,140,105,38.3,True,Field,DAS-C1,30.6,93.9
TILE_02404,032023135691666,40.8136735,-74.0738776,T-Mobile,316.05,36.1,18.5,212,105,38.3,True,Field,DAS-C1,30.6,93.9
TILE_02405,032023121206079,40.8136735,-74.0736327,Verizon,217.64,21.74,25.8,90,74,58.3,True,Field,DAS-C1,49.9,90.0
TILE_02406,032023154019912,40.8136735,-74.0736327,T-Mobile,294.98,50.21,25.5,77,73,58.3,True,Field,DAS-C1,49.9,90.0
TILE_02407,032023163586757,40.8136735,-74.0733878,T-Mobile,292.89,42.72,18.7,200,79,78.7,True,Field,DAS-C1,70.0,86.0
TILE_02408,032023186615839,40.8136735,-74.0731429,Verizon,195.97,40.79,29.2,135,31,99.2,True,Field,DAS-C1,90.3,81.9
TILE_02409,032023176046300,40.8136735,-74.0731429,AT&T,95.19,20.02,33.5,68,51,99.2,True,Field,DAS-C1,90.3,81.9
TILE_02410,032023191825654,40.8136735,-74.0731429,T-Mobile,124.94,34.23,25.7,115,47,99.2,True,Field,DAS-C1,90.3,81.9
TILE_02411,032023177850976,40.8136735,-74.072898,Verizon,175.33,20.07,26.6,137,81,119.7,True,Concourse,DAS-C1,110.8,77.8
TILE_02412,032023126351514,40.8136735,-74.0726531,Verizon,146.04,24.69,25.3,267,111,140.3,True,Concourse,DAS-C1,131.3,73.7
TILE_02413,032023184454905,40.8136735,-74.0724082,Verizon,93.22,12.1,32.0,64,55,160.9,True,Concourse,DAS-E1,136.4,72.7
TILE_02414,032023148202136,40.8136735,-74.0724082,AT&T,113.79,19.82,35.0,99,45,160.9,True,Concourse,DAS-E1,136.4,72.7
TILE_02415,032023158933123,40.8136735,-74.0721633,Verizon,169.0,27.44,24.0,125,151,181.5,True,Concourse,DAS-E1,115.9,76.8
TILE_02416,032023136290031,40.8136735,-74.0721633,T-Mobile,184.22,13.14,22.5,261,61,181.5,True,Concourse,DAS-E1,115.9,76.8
TILE_02417,032023143040253,40.8136735,-74.0719184,T-Mobile,169.29,30.47,25.9,81,21,202.1,True,Concourse,DAS-E1,95.4,80.9
TILE_02418,032023143360959,40.8136735,-74.0719184,US Cellular,69.43,11.72,44.3,16,6,202.1,True,Concourse,DAS-E1,95.4,80.9
TILE_02419,032023164862887,40.8136735,-74.0716735,Verizon,240.52,18.92,24.6,115,142,222.8,True,Concourse,DAS-E1,75.0,85.0
TILE_02420,032023115438685,40.8136735,-74.0716735,AT&T,201.2,25.27,32.2,130,133,222.8,True,Concourse,DAS-E1,75.0,85.0
TILE_02421,032023167367646,40.8136735,-74.0714286,AT&T,157.73,16.43,31.7,37,11,243.4,True,East_Upper,DAS-E1,54.9,89.0
TILE_02422,032023164292190,40.8136735,-74.0714286,T-Mobile,179.83,41.58,19.4,15,15,243.4,True,East_Upper,DAS-E1,54.9,89.0
TILE_02423,032023163739027,40.8136735,-74.0714286,US Cellular,122.6,18.14,36.3,9,4,243.4,True,East_Upper,DAS-E1,54.9,89.0
TILE_02424,032023141197389,40.8136735,-74.0711837,Verizon,230.25,35.56,20.7,163,150,264.0,True,East_Upper,DAS-E1,35.3,92.9
TILE_02425,032023180157149,40.8136735,-74.0711837,AT&T,212.08,26.29,37.4,255,108,264.0,True,East_Upper,DAS-E1,35.3,92.9
TILE_02426,032023182852376,40.8136735,-74.0711837,T-Mobile,303.85,28.48,24.3,207,127,264.0,True,East_Upper,DAS-E1,35.3,92.9
TILE_02427,032023197263968,40.8136735,-74.0709388,Verizon,209.57,24.01,24.9,205,84,284.7,True,East_Upper,DAS-E1,18.3,96.3
TILE_02428,032023122312850,40.8136735,-74.0709388,AT&T,174.48,27.1,21.8,130,91,284.7,True,East_Upper,DAS-E1,18.3,96.3
TILE_02429,032023144596067,40.8136735,-74.0709388,T-Mobile,184.92,51.99,17.9,91,46,284.7,True,East_Upper,DAS-E1,18.3,96.3
TILE_02430,032023155012868,40.8136735,-74.0706939,AT&T,183.04,33.27,24.6,48,31,305.3,True,East_Upper,DAS-E1,16.7,96.7
TILE_02431,032023129928796,40.8136735,-74.0706939,T-Mobile,265.06,29.44,18.6,59,31,305.3,True,East_Upper,DAS-E1,16.7,96.7
TILE_02432,032023193344498,40.8136735,-74.070449,Verizon,213.07,33.3,19.6,89,56,326.0,True,East_Upper,DAS-E1,32.8,93.4
TILE_02433,032023135271917,40.8136735,-74.0702041,Verizon,153.25,3.9,28.8,13,11,346.6,False,Exterior,DAS-E1,52.2,65.3
TILE_02434,032023174726324,40.8136735,-74.0699592,Verizon,106.4,23.09,38.5,79,21,367.3,False,Exterior,DAS-E1,72.3,63.3
TILE_02435,032023115099160,40.8136735,-74.0699592,T-Mobile,156.44,32.07,33.1,40,24,367.3,False,Exterior,DAS-E1,72.3,63.3
TILE_02436,032023170794829,40.8136735,-74.0697143,AT&T,35.4,11.41,46.2,14,4,387.9,False,Exterior,DAS-E1,92.7,61.2
TILE_02437,032023161387112,40.8136735,-74.0697143,T-Mobile,265.74,20.57,29.2,13,8,387.9,False,Exterior,DAS-E1,92.7,61.2
TILE_02438,032023176685432,40.8136735,-74.0694694,Verizon,102.8,25.7,35.8,9,4,408.6,False,Exterior,DAS-E1,113.1,59.1
TILE_02439,032023188323826,40.8136735,-74.0689796,US Cellular,54.34,5.47,60.3,2,0,449.9,False,Exterior,DAS-E1,154.2,55.0
TILE_02440,032023174522963,40.8136735,-74.0687347,AT&T,51.82,10.53,53.0,51,25,470.5,False,Exterior,DAS-E1,174.8,52.9
TILE_02441,032023166655877,40.8136735,-74.0684898,T-Mobile,195.49,7.05,26.6,5,4,491.2,False,Exterior,DAS-E1,195.4,50.9
TILE_02442,032023121426034,40.8136735,-74.0682449,Verizon,25.04,11.36,52.0,43,13,511.9,False,Exterior,DAS-E1,216.0,48.8
TILE_02443,032023124247050,40.8136735,-74.068,Verizon,119.87,21.95,36.9,7,4,532.5,False,Exterior,DAS-E1,236.7,46.7
TILE_02444,032023158582144,40.8136735,-74.068,AT&T,116.02,2.0,61.5,11,4,532.5,False,Exterior,DAS-E1,236.7,46.7
TILE_02445,032023142556792,40.8136735,-74.068,T-Mobile,83.32,9.36,35.8,10,7,532.5,False,Exterior,DAS-E1,236.7,46.7
TILE_02446,032023143809823,40.8138265,-74.08,T-Mobile,66.23,11.04,32.5,26,9,480.1,False,Exterior,DAS-W1,185.6,52.0
TILE_02447,032023183408290,40.8138265,-74.0797551,AT&T,113.11,9.79,42.9,53,26,459.4,False,Exterior,DAS-W1,165.0,54.1
TILE_02448,032023188376464,40.8138265,-74.0795102,Verizon,186.53,2.0,38.9,73,19,438.8,False,Exterior,DAS-W1,144.3,56.1
TILE_02449,032023122325852,40.8138265,-74.0792653,Verizon,86.61,17.01,41.3,8,3,418.1,False,Exterior,DAS-W1,123.7,58.2
TILE_02450,032023158814080,40.8138265,-74.0790204,Verizon,147.69,21.12,33.8,45,27,397.5,False,Exterior,DAS-W1,103.0,60.3
TILE_02451,032023141264174,40.8138265,-74.0790204,AT&T,27.47,4.67,50.7,40,34,397.5,False,Exterior,DAS-W1,103.0,60.3
TILE_02452,032023176326835,40.8138265,-74.0790204,T-Mobile,175.19,12.37,38.8,66,18,397.5,False,Exterior,DAS-W1,103.0,60.3
TILE_02453,032023114186587,40.8138265,-74.0790204,US Cellular,118.09,12.53,55.8,7,5,397.5,False,Exterior,DAS-W1,103.0,60.3
TILE_02454,032023192269268,40.8138265,-74.0787755,Verizon,133.88,25.23,34.0,10,7,376.8,False,Exterior,DAS-W1,82.4,62.3
TILE_02455,032023166749861,40.8138265,-74.0787755,AT&T,119.56,12.26,48.0,21,4,376.8,False,Exterior,DAS-W1,82.4,62.3
TILE_02456,032023174132200,40.8138265,-74.0787755,T-Mobile,150.05,14.09,34.1,17,5,376.8,False,Exterior,DAS-W1,82.4,62.3
TILE_02457,032023149908724,40.8138265,-74.0785306,Verizon,109.31,24.02,36.1,31,8,356.1,False,Exterior,DAS-W1,61.7,64.4
TILE_02458,032023128757890,40.8138265,-74.0785306,T-Mobile,113.36,37.03,28.7,29,10,356.1,False,Exterior,DAS-W1,61.7,64.4
TILE_02459,032023195666195,40.8138265,-74.0782857,Verizon,128.56,20.37,37.2,16,5,335.5,False,Exterior,DAS-W1,41.1,66.5
TILE_02460,032023164561830,40.8138265,-74.0782857,AT&T,62.4,11.63,45.4,9,7,335.5,False,Exterior,DAS-W1,41.1,66.5
TILE_02461,032023157006710,40.8138265,-74.0780408,Verizon,220.97,27.5,19.9,249,69,314.8,True,West_Upper,DAS-W1,20.5,95.9
TILE_02462,032023178928911,40.8138265,-74.0780408,AT&T,186.48,34.79,30.0,120,76,314.8,True,West_Upper,DAS-W1,20.5,95.9
TILE_02463,032023146738425,40.8138265,-74.0780408,T-Mobile,247.73,42.65,14.8,125,85,314.8,True,West_Upper,DAS-W1,20.5,95.9
TILE_02464,032023170806402,40.8138265,-74.0777959,Verizon,280.2,34.51,23.5,128,70,294.2,True,West_Upper,DAS-W1,3.0,99.4
TILE_02465,032023164047274,40.8138265,-74.0777959,T-Mobile,259.43,42.66,21.0,73,57,294.2,True,West_Upper,DAS-W1,3.0,99.4
TILE_02466,032023189539156,40.8138265,-74.077551,Verizon,202.32,31.61,27.3,145,69,273.5,True,West_Upper,DAS-W1,21.2,95.8
TILE_02467,032023148490094,40.8138265,-74.077551,AT&T,168.64,28.83,31.4,75,37,273.5,True,West_Upper,DAS-W1,21.2,95.8
TILE_02468,032023196524433,40.8138265,-74.077551,US Cellular,133.97,22.24,37.7,16,7,273.5,True,West_Upper,DAS-W1,21.2,95.8
TILE_02469,032023147833923,40.8138265,-74.0773061,AT&T,175.03,28.05,25.8,149,78,252.8,True,West_Upper,DAS-W1,41.8,91.6
TILE_02470,032023174110223,40.8138265,-74.0773061,T-Mobile,243.54,36.98,14.2,154,51,252.8,True,West_Upper,DAS-W1,41.8,91.6
TILE_02471,032023141338508,40.8138265,-74.0770612,Verizon,228.67,31.16,25.3,206,70,232.2,True,West_Upper,DAS-W1,62.4,87.5
TILE_02472,032023192083862,40.8138265,-74.0768163,Verizon,167.37,7.73,37.7,120,136,211.5,True,Concourse,DAS-W1,83.0,83.4
TILE_02473,032023155473765,40.8138265,-74.0768163,AT&T,140.61,23.45,39.3,197,106,211.5,True,Concourse,DAS-W1,83.0,83.4
TILE_02474,032023198759857,40.8138265,-74.0768163,T-Mobile,166.38,44.24,19.4,188,71,211.5,True,Concourse,DAS-W1,83.0,83.4
TILE_02475,032023175674462,40.8138265,-74.0765714,Verizon,146.88,19.34,26.9,38,31,190.9,True,Concourse,DAS-W1,103.7,79.3
TILE_02476,032023176504336,40.8138265,-74.0765714,AT&T,113.09,21.51,37.7,46,25,190.9,True,Concourse,DAS-W1,103.7,79.3
TILE_02477,032023138290131,40.8138265,-74.0763265,Verizon,147.8,36.7,33.3,152,143,170.2,True,Concourse,DAS-W1,124.4,75.1
TILE_02478,032023175297405,40.8138265,-74.0763265,AT&T,121.84,17.7,49.2,181,63,170.2,True,Concourse,DAS-W1,124.4,75.1
TILE_02479,032023147209066,40.8138265,-74.0763265,T-Mobile,87.41,31.8,23.3,132,76,170.2,True,Concourse,DAS-W1,124.4,75.1
TILE_02480,032023110321515,40.8138265,-74.0760816,AT&T,144.75,14.82,35.0,158,68,149.6,True,Concourse,DAS-W1,145.0,71.0
TILE_02481,032023119242055,40.8138265,-74.0760816,T-Mobile,132.29,14.09,26.3,87,45,149.6,True,Concourse,DAS-W1,145.0,71.0
TILE_02482,032023124996757,40.8138265,-74.0758367,Verizon,42.89,20.68,24.8,293,101,128.9,True,Concourse,DAS-C1,138.1,72.4
TILE_02483,032023176712890,40.8138265,-74.0758367,T-Mobile,213.88,44.49,17.1,217,84,128.9,True,Concourse,DAS-C1,138.1,72.4
TILE_02484,032023145681938,40.8138265,-74.0755918,T-Mobile,42.5,21.68,26.1,157,84,108.3,True,Concourse,DAS-C1,117.5,76.5
TILE_02485,032023133479724,40.8138265,-74.0753469,Verizon,267.63,28.91,22.3,180,44,87.7,True,Field,DAS-C1,96.8,80.6
TILE_02486,032023146000721,40.8138265,-74.0753469,T-Mobile,212.12,31.22,19.2,161,39,87.7,True,Field,DAS-C1,96.8,80.6
TILE_02487,032023115868673,40.8138265,-74.075102,Verizon,180.28,27.3,28.0,327,144,67.0,True,Field,DAS-C1,76.2,84.8
TILE_02488,032023171785620,40.8138265,-74.075102,AT&T,180.19,22.01,37.6,273,138,67.0,True,Field,DAS-C1,76.2,84.8
TILE_02489,032023178842148,40.8138265,-74.0748571,Verizon,198.9,38.24,28.8,313,147,46.5,True,Field,DAS-C1,55.5,88.9
TILE_02490,032023124559175,40.8138265,-74.0748571,AT&T,160.16,21.06,27.9,278,82,46.5,True,Field,DAS-C1,55.5,88.9
TILE_02491,032023133474133,40.8138265,-74.0748571,T-Mobile,284.17,46.36,18.3,103,80,46.5,True,Field,DAS-C1,55.5,88.9
TILE_02492,032023110931128,40.8138265,-74.0746122,Verizon,194.23,41.85,25.3,301,180,26.1,True,Field,DAS-C1,34.9,93.0
TILE_02493,032023154042243,40.8138265,-74.0746122,AT&T,175.17,12.4,28.4,273,105,26.1,True,Field,DAS-C1,34.9,93.0
TILE_02494,032023142920068,40.8138265,-74.0746122,T-Mobile,261.52,41.58,13.2,116,151,26.1,True,Field,DAS-C1,34.9,93.0
TILE_02495,032023119622974,40.8138265,-74.0743673,Verizon,195.24,22.82,24.5,106,54,7.2,True,Field,DAS-C1,14.4,97.1
TILE_02496,032023159565354,40.8138265,-74.0743673,AT&T,138.2,26.87,26.0,121,41,7.2,True,Field,DAS-C1,14.4,97.1
TILE_02497,032023146930653,40.8138265,-74.0741224,T-Mobile,218.43,41.92,14.3,133,53,16.7,True,Field,DAS-C1,7.2,98.6
TILE_02498,032023195985459,40.8138265,-74.0738776,Verizon,191.23,34.55,23.3,285,100,36.9,True,Field,DAS-C1,27.4,94.5
TILE_02499,032023153304743,40.8138265,-74.0738776,US Cellular,92.41,15.81,39.2,57,30,36.9,True,Field,DAS-C1,27.4,94.5
TILE_02500,032023179432899,40.8138265,-74.0733878,AT&T,177.07,15.07,41.7,128,75,78.0,True,Field,DAS-C1,68.6,86.3
TILE_02501,032023192933931,40.8138265,-74.0733878,T-Mobile,206.8,37.8,19.4,307,81,78.0,True,Field,DAS-C1,68.6,86.3
TILE_02502,032023131844483,40.8138265,-74.0731429,Verizon,187.37,26.68,31.6,376,175,98.6,True,Field,DAS-C1,89.2,82.2
TILE_02503,032023186037654,40.8138265,-74.0731429,T-Mobile,209.59,44.53,17.5,247,88,98.6,True,Field,DAS-C1,89.2,82.2
TILE_02504,032023157728035,40.8138265,-74.072898,Verizon,127.79,10.02,35.2,47,30,119.3,True,Concourse,DAS-C1,109.9,78.0
TILE_02505,032023160042587,40.8138265,-74.072898,T-Mobile,222.39,29.3,14.9,42,21,119.3,True,Concourse,DAS-C1,109.9,78.0
TILE_02506,032023192674191,40.8138265,-74.0726531,Verizon,185.2,11.91,26.7,178,97,139.9,True,Concourse,DAS-C1,130.6,73.9
TILE_02507,032023186065322,40.8138265,-74.0726531,AT&T,102.27,7.79,30.8,152,94,139.9,True,Concourse,DAS-C1,130.6,73.9
TILE_02508,032023174758189,40.8138265,-74.0726531,T-Mobile,105.72,23.4,25.6,172,72,139.9,True,Concourse,DAS-C1,130.6,73.9
TILE_02509,032023154767465,40.8138265,-74.0724082,AT&T,152.88,20.95,51.3,169,130,160.6,True,Concourse,DAS-E1,135.7,72.9
TILE_02510,032023122075910,40.8138265,-74.0721633,T-Mobile,139.79,32.28,18.4,104,39,181.2,True,Concourse,DAS-E1,115.1,77.0
TILE_02511,032023128180737,40.8138265,-74.0719184,Verizon,266.15,27.12,25.3,148,103,201.9,True,Concourse,DAS-E1,94.4,81.1
TILE_02512,032023161673537,40.8138265,-74.0716735,Verizon,251.43,16.78,25.4,180,127,222.5,True,Concourse,DAS-E1,73.8,85.2
TILE_02513,032023139139833,40.8138265,-74.0716735,AT&T,187.98,28.38,25.4,279,118,222.5,True,Concourse,DAS-E1,73.8,85.2
TILE_02514,032023117041667,40.8138265,-74.0716735,T-Mobile,226.18,28.68,21.0,154,65,222.5,True,Concourse,DAS-E1,73.8,85.2
TILE_02515,032023181228634,40.8138265,-74.0714286,Verizon,205.99,26.07,26.9,167,100,243.2,True,East_Upper,DAS-E1,53.1,89.4
TILE_02516,032023193067723,40.8138265,-74.0714286,T-Mobile,290.91,34.42,24.1,173,68,243.2,True,East_Upper,DAS-E1,53.1,89.4
TILE_02517,032023178122129,40.8138265,-74.0711837,AT&T,224.28,24.56,20.0,121,65,263.8,True,East_Upper,DAS-E1,32.5,93.5
TILE_02518,032023197398249,40.8138265,-74.0711837,T-Mobile,201.35,48.48,16.6,115,63,263.8,True,East_Upper,DAS-E1,32.5,93.5
TILE_02519,032023148125957,40.8138265,-74.0711837,US Cellular,116.87,23.68,42.6,32,8,263.8,True,East_Upper,DAS-E1,32.5,93.5
TILE_02520,032023186937183,40.8138265,-74.0709388,Verizon,225.5,28.82,23.4,74,53,284.5,True,East_Upper,DAS-E1,12.1,97.6
TILE_02521,032023123271059,40.8138265,-74.0709388,AT&T,244.64,22.42,32.4,70,47,284.5,True,East_Upper,DAS-E1,12.1,97.6
TILE_02522,032023199273337,40.8138265,-74.0709388,T-Mobile,290.06,53.68,21.9,65,36,284.5,True,East_Upper,DAS-E1,12.1,97.6
TILE_02523,032023140230423,40.8138265,-74.0709388,US Cellular,145.51,25.72,31.6,32,11,284.5,True,East_Upper,DAS-E1,12.1,97.6
TILE_02524,032023169624385,40.8138265,-74.0706939,Verizon,202.75,38.48,30.8,169,69,305.1,True,East_Upper,DAS-E1,9.4,98.1
TILE_02525,032023112520133,40.8138265,-74.0706939,T-Mobile,246.28,31.59,12.6,245,97,305.1,True,East_Upper,DAS-E1,9.4,98.1
TILE_02526,032023175960714,40.8138265,-74.070449,US Cellular,123.64,15.23,35.6,9,2,325.8,True,East_Upper,DAS-E1,29.8,94.0
TILE_02527,032023135250728,40.8138265,-74.0699592,AT&T,125.58,16.97,43.5,28,18,367.1,False,Exterior,DAS-E1,71.0,63.3
TILE_02528,032023135565653,40.8138265,-74.0697143,Verizon,125.31,14.97,34.0,12,5,387.8,False,Exterior,DAS-E1,91.7,61.2
TILE_02529,032023183828932,40.8138265,-74.0697143,AT&T,155.86,3.95,38.5,5,5,387.8,False,Exterior,DAS-E1,91.7,61.2
TILE_02530,032023191757276,40.8138265,-74.0697143,T-Mobile,91.71,7.9,28.1,5,3,387.8,False,Exterior,DAS-E1,91.7,61.2
TILE_02531,032023181621970,40.8138265,-74.0697143,US Cellular,111.33,13.43,61.4,1,0,387.8,False,Exterior,DAS-E1,91.7,61.2
TILE_02532,032023171827088,40.8138265,-74.0694694,AT&T,95.55,2.28,37.3,60,27,408.4,False,Exterior,DAS-E1,112.3,59.2
TILE_02533,032023162376518,40.8138265,-74.0692245,AT&T,118.82,8.21,46.7,58,24,429.1,False,Exterior,DAS-E1,133.0,57.1
TILE_02534,032023157580711,40.8138265,-74.0692245,T-Mobile,110.08,6.1,29.2,51,20,429.1,False,Exterior,DAS-E1,133.0,57.1
TILE_02535,032023122817371,40.8138265,-74.0689796,AT&T,47.91,15.46,57.0,65,19,449.8,False,Exterior,DAS-E1,153.6,55.0
TILE_02536,032023147114674,40.8138265,-74.0689796,T-Mobile,188.87,17.35,30.2,29,15,449.8,False,Exterior,DAS-E1,153.6,55.0
TILE_02537,032023196676839,40.8138265,-74.0687347,Verizon,167.86,19.99,43.3,9,7,470.4,False,Exterior,DAS-E1,174.3,53.0
TILE_02538,032023135772582,40.8138265,-74.0687347,T-Mobile,141.95,15.86,36.0,6,6,470.4,False,Exterior,DAS-E1,174.3,53.0
TILE_02539,032023192549369,40.8138265,-74.0684898,Verizon,196.47,26.59,43.3,21,5,491.1,False,Exterior,DAS-E1,194.9,50.9
TILE_02540,032023158205514,40.8138265,-74.0684898,AT&T,91.59,8.52,54.6,14,6,491.1,False,Exterior,DAS-E1,194.9,50.9
TILE_02541,032023184253718,40.8138265,-74.0684898,T-Mobile,113.72,15.09,41.7,17,3,491.1,False,Exterior,DAS-E1,194.9,50.9
TILE_02542,032023151245901,40.8138265,-74.0682449,Verizon,81.77,10.33,40.7,34,27,511.8,False,Exterior,DAS-E1,215.6,48.8
TILE_02543,032023178211962,40.8138265,-74.0682449,AT&T,71.2,2.0,52.7,29,22,511.8,False,Exterior,DAS-E1,215.6,48.8
TILE_02544,032023165327539,40.8138265,-74.068,Verizon,157.57,11.22,49.2,52,30,532.4,False,Exterior,DAS-E1,236.3,46.8
TILE_02545,032023158636052,40.8139796,-74.08,Verizon,100.88,3.66,39.2,54,19,480.6,False,Exterior,DAS-W1,186.7,51.9
TILE_02546,032023192271690,40.8139796,-74.0797551,Verizon,81.29,3.94,41.2,54,20,460.0,False,Exterior,DAS-W1,166.2,54.0
TILE_02547,032023151259803,40.8139796,-74.0797551,AT&T,53.24,11.27,55.9,18,18,460.0,False,Exterior,DAS-W1,166.2,54.0
TILE_02548,032023171345226,40.8139796,-74.0797551,T-Mobile,144.76,23.43,28.1,30,16,460.0,False,Exterior,DAS-W1,166.2,54.0
TILE_02549,032023192589479,40.8139796,-74.0795102,Verizon,42.54,13.39,39.9,6,3,439.3,False,Exterior,DAS-W1,145.7,56.1
TILE_02550,032023152893737,40.8139796,-74.0795102,AT&T,95.77,2.47,56.1,9,5,439.3,False,Exterior,DAS-W1,145.7,56.1
TILE_02551,032023183798051,40.8139796,-74.0795102,T-Mobile,163.01,9.52,32.2,7,3,439.3,False,Exterior,DAS-W1,145.7,56.1
TILE_02552,032023161556853,40.8139796,-74.0792653,Verizon,87.48,6.87,37.9,19,17,418.7,False,Exterior,DAS-W1,125.2,58.1
TILE_02553,032023142199358,40.8139796,-74.0790204,AT&T,79.53,14.19,50.8,29,26,398.1,False,Exterior,DAS-W1,104.9,60.2
TILE_02554,032023190049945,40.8139796,-74.0790204,T-Mobile,203.62,20.21,32.2,49,24,398.1,False,Exterior,DAS-W1,104.9,60.2
TILE_02555,032023177863328,40.8139796,-74.0787755,T-Mobile,101.97,50.87,28.0,7,4,377.4,False,Exterior,DAS-W1,84.7,62.3
TILE_02556,032023136819044,40.8139796,-74.0785306,Verizon,139.2,25.58,36.4,15,10,356.8,False,Exterior,DAS-W1,64.8,64.3
TILE_02557,032023154002043,40.8139796,-74.0785306,AT&T,100.33,2.0,46.5,10,4,356.8,False,Exterior,DAS-W1,64.8,64.3
TILE_02558,032023124395459,40.8139796,-74.0785306,US Cellular,57.56,2.62,59.2,3,1,356.8,False,Exterior,DAS-W1,64.8,64.3
TILE_02559,032023139574429,40.8139796,-74.0782857,Verizon,110.1,26.77,26.1,12,8,336.2,False,Exterior,DAS-W1,45.6,66.4
TILE_02560,032023152548083,40.8139796,-74.0782857,AT&T,121.01,11.73,42.8,24,6,336.2,False,Exterior,DAS-W1,45.6,66.4
TILE_02561,032023166464437,40.8139796,-74.0780408,AT&T,139.15,25.25,30.8,94,78,315.6,True,West_Upper,DAS-W1,28.5,94.3
TILE_02562,032023177417768,40.8139796,-74.0780408,T-Mobile,200.52,39.35,23.5,118,100,315.6,True,West_Upper,DAS-W1,28.5,94.3
TILE_02563,032023176015539,40.8139796,-74.0777959,AT&T,216.79,20.64,28.7,147,58,295.0,True,West_Upper,DAS-W1,19.9,96.0
TILE_02564,032023156084260,40.8139796,-74.0777959,T-Mobile,271.08,40.28,20.1,151,79,295.0,True,West_Upper,DAS-W1,19.9,96.0
TILE_02565,032023168104865,40.8139796,-74.077551,Verizon,162.67,27.34,31.8,339,97,274.4,True,West_Upper,DAS-W1,29.0,94.2
TILE_02566,032023131837050,40.8139796,-74.077551,US Cellular,135.95,13.16,33.2,37,17,274.4,True,West_Upper,DAS-W1,29.0,94.2
TILE_02567,032023170941185,40.8139796,-74.0773061,Verizon,206.2,35.09,28.3,148,65,253.8,True,West_Upper,DAS-W1,46.2,90.8
TILE_02568,032023124417647,40.8139796,-74.0773061,AT&T,206.45,20.42,29.4,179,80,253.8,True,West_Upper,DAS-W1,46.2,90.8
TILE_02569,032023127014571,40.8139796,-74.0773061,T-Mobile,270.44,50.52,14.4,64,72,253.8,True,West_Upper,DAS-W1,46.2,90.8
TILE_02570,032023181379545,40.8139796,-74.0770612,Verizon,213.18,38.76,21.5,43,24,233.2,True,West_Upper,DAS-W1,65.4,86.9
TILE_02571,032023190766827,40.8139796,-74.0770612,T-Mobile,221.68,37.4,16.9,30,21,233.2,True,West_Upper,DAS-W1,65.4,86.9
TILE_02572,032023173066121,40.8139796,-74.0768163,Verizon,194.01,19.82,19.4,136,109,212.6,True,Concourse,DAS-W1,85.4,82.9
TILE_02573,032023176635960,40.8139796,-74.0768163,AT&T,150.45,29.44,39.8,202,126,212.6,True,Concourse,DAS-W1,85.4,82.9
TILE_02574,032023120993751,40.8139796,-74.0765714,Verizon,152.94,21.55,26.3,239,98,192.1,True,Concourse,DAS-W1,105.6,78.9
TILE_02575,032023142400478,40.8139796,-74.0765714,AT&T,106.47,15.95,29.6,127,54,192.1,True,Concourse,DAS-W1,105.6,78.9
TILE_02576,032023172659365,40.8139796,-74.0765714,US Cellular,71.85,12.54,46.4,39,16,192.1,True,Concourse,DAS-W1,105.6,78.9
TILE_02577,032023117269796,40.8139796,-74.0763265,AT&T,108.94,16.92,31.3,79,52,171.6,True,Concourse,DAS-W1,125.9,74.8
TILE_02578,032023179919397,40.8139796,-74.0760816,AT&T,85.98,19.27,30.1,71,24,151.1,True,Concourse,DAS-W1,146.3,70.7
TILE_02579,032023151605170,40.8139796,-74.0755918,Verizon,128.39,18.0,24.9,239,120,110.4,True,Concourse,DAS-C1,119.1,76.2
TILE_02580,032023113037011,40.8139796,-74.0755918,AT&T,79.1,21.78,35.9,151,103,110.4,True,Concourse,DAS-C1,119.1,76.2
TILE_02581,032023167702749,40.8139796,-74.0755918,T-Mobile,192.95,40.65,17.4,264,91,110.4,True,Concourse,DAS-C1,119.1,76.2
TILE_02582,032023173360704,40.8139796,-74.0753469,AT&T,102.88,16.06,40.2,184,139,90.3,True,Field,DAS-C1,98.8,80.2
TILE_02583,032023130952512,40.8139796,-74.075102,Verizon,193.36,18.99,31.2,56,42,70.5,True,Field,DAS-C1,78.7,84.3
TILE_02584,032023138052674,40.8139796,-74.075102,AT&T,162.67,23.19,34.5,43,31,70.5,True,Field,DAS-C1,78.7,84.3
TILE_02585,032023149640565,40.8139796,-74.0748571,Verizon,217.09,35.61,24.3,40,23,51.3,True,Field,DAS-C1,58.9,88.2
TILE_02586,032023157628618,40.8139796,-74.0748571,AT&T,179.34,23.49,38.2,42,22,51.3,True,Field,DAS-C1,58.9,88.2
TILE_02587,032023114135030,40.8139796,-74.0748571,T-Mobile,253.79,42.59,29.7,53,18,51.3,True,Field,DAS-C1,58.9,88.2
TILE_02588,032023197914103,40.8139796,-74.0743673,Verizon,205.11,38.81,21.0,236,98,22.9,True,Field,DAS-C1,24.4,95.1
TILE_02589,032023144701992,40.8139796,-74.0743673,T-Mobile,223.39,51.89,18.4,128,89,22.9,True,Field,DAS-C1,24.4,95.1
TILE_02590,032023181857232,40.8139796,-74.0741224,Verizon,322.72,31.92,21.1,174,166,27.4,True,Field,DAS-C1,21.0,95.8
TILE_02591,032023116108982,40.8139796,-74.0741224,AT&T,186.93,25.89,16.2,124,161,27.4,True,Field,DAS-C1,21.0,95.8
TILE_02592,032023176268057,40.8139796,-74.0741224,T-Mobile,271.02,33.4,18.6,300,129,27.4,True,Field,DAS-C1,21.0,95.8
TILE_02593,032023137550072,40.8139796,-74.0738776,AT&T,187.55,23.66,34.1,58,30,42.8,True,Field,DAS-C1,33.7,93.3
TILE_02594,032023188127246,40.8139796,-74.0736327,Verizon,225.44,37.36,25.0,82,45,61.4,True,Field,DAS-C1,51.9,89.6
TILE_02595,032023191996883,40.8139796,-74.0733878,Verizon,182.22,35.77,29.5,83,94,81.0,True,Field,DAS-C1,71.4,85.7
TILE_02596,032023177140613,40.8139796,-74.0733878,AT&T,203.49,24.47,24.1,154,47,81.0,True,Field,DAS-C1,71.4,85.7
TILE_02597,032023136781458,40.8139796,-74.0733878,T-Mobile,215.89,42.72,16.5,135,85,81.0,True,Field,DAS-C1,71.4,85.7
TILE_02598,032023125592188,40.8139796,-74.0731429,AT&T,211.92,22.3,32.5,169,127,101.0,True,Field,DAS-C1,91.4,81.7
TILE_02599,032023196685312,40.8139796,-74.0731429,US Cellular,109.41,12.9,39.5,35,25,101.0,True,Field,DAS-C1,91.4,81.7
TILE_02600,032023141225933,40.8139796,-74.072898,Verizon,137.93,11.63,26.0,182,70,121.2,True,Concourse,DAS-C1,111.7,77.7
TILE_02601,032023192335769,40.8139796,-74.072898,AT&T,69.12,19.58,36.2,168,125,121.2,True,Concourse,DAS-C1,111.7,77.7
TILE_02602,032023110924748,40.8139796,-74.072898,T-Mobile,169.91,15.15,20.8,194,79,121.2,True,Concourse,DAS-C1,111.7,77.7
TILE_02603,032023192828137,40.8139796,-74.0726531,AT&T,21.34,8.27,37.9,63,33,141.6,True,Concourse,DAS-C1,132.0,73.6
TILE_02604,032023180444563,40.8139796,-74.0726531,T-Mobile,154.89,16.34,24.5,58,23,141.6,True,Concourse,DAS-C1,132.0,73.6
TILE_02605,032023199182966,40.8139796,-74.0724082,AT&T,138.22,21.07,35.9,115,113,162.0,True,Concourse,DAS-E1,137.1,72.6
TILE_02606,032023132651676,40.8139796,-74.0724082,T-Mobile,160.92,17.79,18.2,165,123,162.0,True,Concourse,DAS-E1,137.1,72.6
TILE_02607,032023171392653,40.8139796,-74.0721633,Verizon,196.57,9.17,19.6,166,77,182.5,True,Concourse,DAS-E1,116.7,76.7
TILE_02608,032023115612835,40.8139796,-74.0721633,AT&T,81.45,12.92,34.3,121,68,182.5,True,Concourse,DAS-E1,116.7,76.7
TILE_02609,032023135563217,40.8139796,-74.0719184,T-Mobile,151.94,42.9,9.8,263,124,203.0,True,Concourse,DAS-E1,96.4,80.7
TILE_02610,032023153004565,40.8139796,-74.0716735,AT&T,165.11,30.09,33.2,88,35,223.6,True,Concourse,DAS-E1,76.3,84.7
TILE_02611,032023185197694,40.8139796,-74.0714286,AT&T,157.18,21.44,31.4,40,44,244.1,True,East_Upper,DAS-E1,56.7,88.7
TILE_02612,032023115093098,40.8139796,-74.0714286,T-Mobile,265.99,27.59,14.9,57,27,244.1,True,East_Upper,DAS-E1,56.7,88.7
TILE_02613,032023128005623,40.8139796,-74.0711837,Verizon,178.58,21.24,29.9,320,110,264.7,True,East_Upper,DAS-E1,38.0,92.4
TILE_02614,032023152274060,40.8139796,-74.0711837,T-Mobile,249.07,63.0,18.6,126,102,264.7,True,East_Upper,DAS-E1,38.0,92.4
TILE_02615,032023111513381,40.8139796,-74.0711837,US Cellular,114.48,13.0,34.3,57,28,264.7,True,East_Upper,DAS-E1,38.0,92.4
TILE_02616,032023156607729,40.8139796,-74.0709388,Verizon,252.1,50.08,21.3,119,76,285.3,True,East_Upper,DAS-E1,23.1,95.4
TILE_02617,032023129858929,40.8139796,-74.0709388,T-Mobile,200.43,47.06,15.6,118,129,285.3,True,East_Upper,DAS-E1,23.1,95.4
TILE_02618,032023145831156,40.8139796,-74.0706939,Verizon,247.88,22.76,30.4,65,27,305.9,True,East_Upper,DAS-E1,21.9,95.6
TILE_02619,032023199595711,40.8139796,-74.0706939,T-Mobile,264.89,46.77,16.3,26,12,305.9,True,East_Upper,DAS-E1,21.9,95.6
TILE_02620,032023187770676,40.8139796,-74.070449,Verizon,188.26,13.25,21.2,128,67,326.5,True,East_Upper,DAS-E1,35.7,92.9
TILE_02621,032023114339607,40.8139796,-74.070449,AT&T,156.03,29.36,32.7,161,57,326.5,True,East_Upper,DAS-E1,35.7,92.9
TILE_02622,032023132903942,40.8139796,-74.070449,T-Mobile,195.38,23.13,18.9,157,79,326.5,True,East_Upper,DAS-E1,35.7,92.9
TILE_02623,032023182300902,40.8139796,-74.0702041,AT&T,139.0,16.05,41.3,42,15,347.1,False,Exterior,DAS-E1,54.1,65.3
TILE_02624,032023114827052,40.8139796,-74.0702041,T-Mobile,148.35,18.81,32.7,19,22,347.1,False,Exterior,DAS-E1,54.1,65.3
TILE_02625,032023150002573,40.8139796,-74.0699592,Verizon,187.33,20.78,29.4,34,27,367.8,False,Exterior,DAS-E1,73.7,63.2
TILE_02626,032023191763617,40.8139796,-74.0699592,AT&T,36.77,13.81,44.8,64,32,367.8,False,Exterior,DAS-E1,73.7,63.2
TILE_02627,032023124780518,40.8139796,-74.0699592,T-Mobile,135.91,2.0,28.1,36,22,367.8,False,Exterior,DAS-E1,73.7,63.2
TILE_02628,032023157676903,40.8139796,-74.0697143,T-Mobile,105.68,24.4,32.2,15,10,388.4,False,Exterior,DAS-E1,93.7,61.2
TILE_02629,032023172273233,40.8139796,-74.0694694,Verizon,91.58,2.0,33.7,40,20,409.0,False,Exterior,DAS-E1,114.0,59.1
TILE_02630,032023111184669,40.8139796,-74.0694694,AT&T,128.38,10.27,47.9,46,15,409.0,False,Exterior,DAS-E1,114.0,59.1
TILE_02631,032023179052646,40.8139796,-74.0694694,T-Mobile,179.53,28.27,36.3,18,17,409.0,False,Exterior,DAS-E1,114.0,59.1
TILE_02632,032023170845713,40.8139796,-74.0692245,Verizon,139.34,4.88,34.4,27,14,429.7,False,Exterior,DAS-E1,134.4,57.0
TILE_02633,032023127185317,40.8139796,-74.0692245,AT&T,110.39,11.99,49.5,32,12,429.7,False,Exterior,DAS-E1,134.4,57.0
TILE_02634,032023181914581,40.8139796,-74.0689796,Verizon,106.73,22.84,30.2,18,10,450.3,False,Exterior,DAS-E1,154.9,55.0
TILE_02635,032023159266381,40.8139796,-74.0689796,AT&T,75.26,10.48,56.4,17,7,450.3,False,Exterior,DAS-E1,154.9,55.0
TILE_02636,032023143992093,40.8139796,-74.0689796,T-Mobile,152.27,20.1,29.1,13,9,450.3,False,Exterior,DAS-E1,154.9,55.0
TILE_02637,032023114214399,40.8139796,-74.0687347,Verizon,92.97,34.31,46.2,87,29,470.9,False,Exterior,DAS-E1,175.4,52.9
TILE_02638,032023160321216,40.8139796,-74.0687347,AT&T,103.68,15.83,50.6,68,16,470.9,False,Exterior,DAS-E1,175.4,52.9
TILE_02639,032023122889939,40.8139796,-74.0687347,T-Mobile,132.38,40.52,37.4,58,20,470.9,False,Exterior,DAS-E1,175.4,52.9
TILE_02640,032023164871649,40.8139796,-74.0682449,AT&T,36.72,12.2,60.5,59,34,512.2,False,Exterior,DAS-E1,216.5,48.8
TILE_02641,032023197461850,40.8139796,-74.0682449,T-Mobile,140.08,21.06,41.0,52,21,512.2,False,Exterior,DAS-E1,216.5,48.8
TILE_02642,032023178940147,40.8139796,-74.068,Verizon,147.64,24.41,47.3,14,7,532.9,False,Exterior,DAS-E1,237.1,46.7
TILE_02643,032023158290689,40.8139796,-74.068,AT&T,96.29,2.0,56.3,17,7,532.9,False,Exterior,DAS-E1,237.1,46.7
TILE_02644,032023133399497,40.8139796,-74.068,T-Mobile,63.13,15.39,31.9,9,8,532.9,False,Exterior,DAS-E1,237.1,46.7
TILE_02645,032023136300516,40.8141327,-74.08,AT&T,81.02,5.06,47.4,21,12,481.7,False,Exterior,DAS-W1,189.3,51.8
TILE_02646,032023190763656,40.8141327,-74.0797551,AT&T,10.0,7.24,53.4,25,12,461.1,False,Exterior,DAS-W1,169.0,53.9
TILE_02647,032023141628144,40.8141327,-74.0795102,T-Mobile,133.76,25.19,31.5,36,21,440.5,False,Exterior,DAS-W1,148.9,55.9
TILE_02648,032023120741933,40.8141327,-74.0792653,AT&T,97.31,10.3,45.6,9,3,419.9,False,Exterior,DAS-W1,129.0,58.0
TILE_02649,032023117656294,40.8141327,-74.0792653,T-Mobile,51.82,12.7,26.4,11,5,419.9,False,Exterior,DAS-W1,129.0,58.0
TILE_02650,032023131370282,40.8141327,-74.0790204,Verizon,140.11,8.95,39.9,30,16,399.4,False,Exterior,DAS-W1,109.4,60.1
TILE_02651,032023174637445,40.8141327,-74.0790204,T-Mobile,103.54,34.45,24.4,14,9,399.4,False,Exterior,DAS-W1,109.4,60.1
TILE_02652,032023183704377,40.8141327,-74.0785306,Verizon,60.59,22.04,36.9,76,40,358.3,False,Exterior,DAS-W1,71.9,64.2
TILE_02653,032023153312213,40.8141327,-74.0782857,AT&T,96.38,15.69,40.3,58,18,337.7,False,Exterior,DAS-W1,55.2,66.2
TILE_02654,032023124558596,40.8141327,-74.0782857,T-Mobile,128.61,3.14,28.2,62,19,337.7,False,Exterior,DAS-W1,55.2,66.2
TILE_02655,032023148320183,40.8141327,-74.0780408,AT&T,142.97,36.67,38.8,89,38,317.2,True,West_Upper,DAS-W1,42.2,91.6
TILE_02656,032023137157535,40.8141327,-74.0780408,T-Mobile,137.97,33.95,17.1,38,27,317.2,True,West_Upper,DAS-W1,42.2,91.6
TILE_02657,032023141960121,40.8141327,-74.0777959,AT&T,144.17,24.62,29.6,103,97,296.7,True,West_Upper,DAS-W1,36.9,92.6
TILE_02658,032023115834365,40.8141327,-74.077551,T-Mobile,289.29,61.54,12.4,173,98,276.3,True,West_Upper,DAS-W1,42.5,91.5
TILE_02659,032023127786007,40.8141327,-74.0773061,Verizon,257.34,25.36,27.6,188,43,255.8,True,West_Upper,DAS-W1,55.7,88.9
TILE_02660,032023169161542,40.8141327,-74.0773061,T-Mobile,306.79,45.75,22.2,68,63,255.8,True,West_Upper,DAS-W1,55.7,88.9
TILE_02661,032023195381699,40.8141327,-74.0770612,Verizon,193.05,36.57,23.6,289,113,235.4,True,West_Upper,DAS-W1,72.5,85.5
TILE_02662,032023157770979,40.8141327,-74.0770612,AT&T,192.01,27.12,30.3,175,99,235.4,True,West_Upper,DAS-W1,72.5,85.5
TILE_02663,032023147716432,40.8141327,-74.0768163,Verizon,252.78,31.31,27.6,232,104,215.1,True,Concourse,DAS-W1,90.8,81.8
TILE_02664,032023150493462,40.8141327,-74.0768163,T-Mobile,209.24,40.41,20.1,110,83,215.1,True,Concourse,DAS-W1,90.8,81.8
TILE_02665,032023190596697,40.8141327,-74.0763265,AT&T,67.69,12.2,52.4,144,81,174.6,True,Concourse,DAS-W1,129.7,74.1
TILE_02666,032023194372290,40.8141327,-74.0760816,Verizon,136.54,8.96,29.7,330,114,154.6,True,Concourse,DAS-W1,149.6,70.1
TILE_02667,032023168221864,40.8141327,-74.0760816,T-Mobile,138.33,34.13,25.0,238,72,154.6,True,Concourse,DAS-W1,149.6,70.1
TILE_02668,032023180614087,40.8141327,-74.0758367,AT&T,89.74,7.49,40.5,108,55,134.7,True,Concourse,DAS-C1,142.9,71.4
TILE_02669,032023129391546,40.8141327,-74.0755918,Verizon,108.17,8.8,31.1,84,32,115.1,True,Concourse,DAS-C1,123.1,75.4
TILE_02670,032023134264857,40.8141327,-74.0755918,AT&T,102.0,18.58,39.2,64,36,115.1,True,Concourse,DAS-C1,123.1,75.4
TILE_02671,032023123555817,40.8141327,-74.0753469,Verizon,129.59,22.72,36.7,225,151,95.9,True,Field,DAS-C1,103.6,79.3
TILE_02672,032023148048918,40.8141327,-74.0753469,AT&T,81.34,11.41,36.0,123,84,95.9,True,Field,DAS-C1,103.6,79.3
TILE_02673,032023126278767,40.8141327,-74.0753469,T-Mobile,176.06,34.29,18.4,227,59,95.9,True,Field,DAS-C1,103.6,79.3
TILE_02674,032023175062931,40.8141327,-74.075102,AT&T,195.79,23.25,33.3,42,14,77.6,True,Field,DAS-C1,84.6,83.1
TILE_02675,032023165561344,40.8141327,-74.075102,T-Mobile,139.24,48.09,17.5,30,28,77.6,True,Field,DAS-C1,84.6,83.1
TILE_02676,032023193667079,40.8141327,-74.0748571,Verizon,166.15,32.78,26.6,167,61,60.7,True,Field,DAS-C1,66.6,86.7
TILE_02677,032023122727459,40.8141327,-74.0748571,AT&T,178.83,36.69,28.6,160,77,60.7,True,Field,DAS-C1,66.6,86.7
TILE_02678,032023162445065,40.8141327,-74.0746122,Verizon,258.58,32.1,36.8,265,106,46.9,True,Field,DAS-C1,50.7,89.9
TILE_02679,032023160363396,40.8141327,-74.0746122,AT&T,190.99,22.9,30.5,279,102,46.9,True,Field,DAS-C1,50.7,89.9
TILE_02680,032023131628311,40.8141327,-74.0743673,Verizon,205.69,22.94,31.1,245,81,39.7,True,Field,DAS-C1,39.5,92.1
TILE_02681,032023123865036,40.8141327,-74.0743673,AT&T,162.99,23.12,31.1,139,82,39.7,True,Field,DAS-C1,39.5,92.1
TILE_02682,032023174352104,40.8141327,-74.0741224,Verizon,234.91,35.88,31.7,112,89,42.4,True,Field,DAS-C1,37.5,92.5
TILE_02683,032023114766744,40.8141327,-74.0738776,Verizon,197.54,32.67,16.4,107,28,53.7,True,Field,DAS-C1,45.9,90.8
TILE_02684,032023143446923,40.8141327,-74.0736327,Verizon,179.99,28.83,23.9,240,75,69.4,True,Field,DAS-C1,60.5,87.9
TILE_02685,032023144129263,40.8141327,-74.0736327,AT&T,211.84,26.32,33.6,106,101,69.4,True,Field,DAS-C1,60.5,87.9
TILE_02686,032023118681948,40.8141327,-74.0736327,T-Mobile,205.79,39.22,22.6,134,94,69.4,True,Field,DAS-C1,60.5,87.9
TILE_02687,032023141830985,40.8141327,-74.0733878,AT&T,239.87,24.52,30.8,277,133,87.2,True,Field,DAS-C1,77.9,84.4
TILE_02688,032023169702686,40.8141327,-74.0733878,T-Mobile,270.32,40.42,11.3,141,70,87.2,True,Field,DAS-C1,77.9,84.4
TILE_02689,032023171937232,40.8141327,-74.0731429,AT&T,132.37,21.28,33.0,259,91,106.1,True,Field,DAS-C1,96.5,80.7
TILE_02690,032023128396323,40.8141327,-74.0731429,T-Mobile,223.67,41.12,19.7,147,121,106.1,True,Field,DAS-C1,96.5,80.7
TILE_02691,032023154189462,40.8141327,-74.072898,AT&T,145.19,26.1,43.4,293,105,125.5,True,Concourse,DAS-C1,115.9,76.8
TILE_02692,032023176670196,40.8141327,-74.072898,T-Mobile,177.9,35.99,27.1,211,86,125.5,True,Concourse,DAS-C1,115.9,76.8
TILE_02693,032023123483737,40.8141327,-74.0726531,Verizon,94.17,16.23,27.3,158,94,145.2,True,Concourse,DAS-C1,135.6,72.9
TILE_02694,032023193948154,40.8141327,-74.0726531,AT&T,114.88,21.88,35.9,175,121,145.2,True,Concourse,DAS-C1,135.6,72.9
TILE_02695,032023132998120,40.8141327,-74.0726531,T-Mobile,79.46,24.59,32.1,189,119,145.2,True,Concourse,DAS-C1,135.6,72.9
TILE_02696,032023135818615,40.8141327,-74.0724082,Verizon,93.23,19.29,23.6,39,26,165.2,True,Concourse,DAS-E1,140.6,71.9
TILE_02697,032023133536964,40.8141327,-74.0724082,AT&T,85.16,11.18,45.3,31,31,165.2,True,Concourse,DAS-E1,140.6,71.9
TILE_02698,032023195124128,40.8141327,-74.0724082,T-Mobile,106.51,39.63,31.5,24,20,165.2,True,Concourse,DAS-E1,140.6,71.9
TILE_02699,032023151348747,40.8141327,-74.0721633,AT&T,86.03,18.91,31.5,233,148,185.4,True,Concourse,DAS-E1,120.8,75.8
TILE_02700,032023141515707,40.8141327,-74.0721633,T-Mobile,184.62,40.03,22.2,237,98,185.4,True,Concourse,DAS-E1,120.8,75.8
TILE_02701,032023151663550,40.8141327,-74.0719184,Verizon,148.03,2.95,34.5,285,140,205.6,True,Concourse,DAS-E1,101.3,79.7
TILE_02702,032023130825893,40.8141327,-74.0719184,T-Mobile,101.91,27.76,24.2,149,57,205.6,True,Concourse,DAS-E1,101.3,79.7
TILE_02703,032023118142563,40.8141327,-74.0716735,Verizon,236.97,25.18,30.2,171,85,225.9,True,Concourse,DAS-E1,82.4,83.5
TILE_02704,032023156564754,40.8141327,-74.0716735,AT&T,150.1,13.21,39.8,237,111,225.9,True,Concourse,DAS-E1,82.4,83.5
TILE_02705,032023151805000,40.8141327,-74.0716735,T-Mobile,199.7,31.69,18.9,186,55,225.9,True,Concourse,DAS-E1,82.4,83.5
TILE_02706,032023137199906,40.8141327,-74.0714286,AT&T,110.5,24.28,26.6,102,52,246.3,True,East_Upper,DAS-E1,64.6,87.1
TILE_02707,032023179255051,40.8141327,-74.0714286,T-Mobile,296.28,38.28,26.2,138,61,246.3,True,East_Upper,DAS-E1,64.6,87.1
TILE_02708,032023118622809,40.8141327,-74.0714286,US Cellular,85.61,14.73,44.9,36,17,246.3,True,East_Upper,DAS-E1,64.6,87.1
TILE_02709,032023172941459,40.8141327,-74.0711837,Verizon,258.85,38.71,26.7,81,22,266.7,True,East_Upper,DAS-E1,49.1,90.2
TILE_02710,032023142358554,40.8141327,-74.0709388,Verizon,169.36,37.43,18.4,249,107,287.1,True,East_Upper,DAS-E1,38.8,92.2
TILE_02711,032023187980627,40.8141327,-74.0709388,T-Mobile,208.38,48.65,16.4,246,72,287.1,True,East_Upper,DAS-E1,38.8,92.2
TILE_02712,032023117932583,40.8141327,-74.0706939,Verizon,198.33,27.89,28.5,105,59,307.6,True,East_Upper,DAS-E1,38.0,92.4
TILE_02713,032023175031087,40.8141327,-74.0706939,AT&T,209.84,37.47,33.1,77,36,307.6,True,East_Upper,DAS-E1,38.0,92.4
TILE_02714,032023173165133,40.8141327,-74.0706939,T-Mobile,292.25,33.86,24.2,83,27,307.6,True,East_Upper,DAS-E1,38.0,92.4
TILE_02715,032023185775245,40.8141327,-74.070449,Verizon,261.17,35.24,15.4,210,101,328.1,True,East_Upper,DAS-E1,47.3,90.5
TILE_02716,032023189025163,40.8141327,-74.070449,T-Mobile,156.88,35.64,20.9,116,70,328.1,True,East_Upper,DAS-E1,47.3,90.5
TILE_02717,032023137903512,40.8141327,-74.0702041,Verizon,79.39,19.97,32.8,69,28,348.7,False,Exterior,DAS-E1,62.4,65.1
TILE_02718,032023181042061,40.8141327,-74.0699592,Verizon,132.16,18.38,30.8,75,17,369.2,False,Exterior,DAS-E1,80.0,63.1
TILE_02719,032023152616168,40.8141327,-74.0699592,AT&T,112.12,16.35,41.6,42,30,369.2,False,Exterior,DAS-E1,80.0,63.1
TILE_02720,032023168970657,40.8141327,-74.0699592,T-Mobile,120.08,16.37,26.1,53,14,369.2,False,Exterior,DAS-E1,80.0,63.1
TILE_02721,032023139897444,40.8141327,-74.0697143,AT&T,79.42,16.78,37.1,42,33,389.7,False,Exterior,DAS-E1,98.8,61.0
TILE_02722,032023171786035,40.8141327,-74.0694694,T-Mobile,165.25,32.03,32.3,36,15,410.3,False,Exterior,DAS-E1,118.2,59.0
TILE_02723,032023114629274,40.8141327,-74.0692245,AT&T,113.21,18.67,42.3,35,13,430.9,False,Exterior,DAS-E1,138.0,56.9
TILE_02724,032023130380105,40.8141327,-74.0692245,T-Mobile,61.81,31.64,36.0,45,23,430.9,False,Exterior,DAS-E1,138.0,56.9
TILE_02725,032023120068236,40.8141327,-74.0689796,Verizon,139.09,2.0,46.1,37,11,451.5,False,Exterior,DAS-E1,158.0,54.9
TILE_02726,032023154450561,40.8141327,-74.0689796,T-Mobile,10.0,32.43,37.6,26,14,451.5,False,Exterior,DAS-E1,158.0,54.9
TILE_02727,032023151279403,40.8141327,-74.0687347,Verizon,97.47,3.81,48.3,22,23,472.0,False,Exterior,DAS-E1,178.1,52.8
TILE_02728,032023181962687,40.8141327,-74.0687347,AT&T,90.23,6.26,54.0,26,15,472.0,False,Exterior,DAS-E1,178.1,52.8
TILE_02729,032023165288247,40.8141327,-74.0684898,AT&T,56.73,6.65,44.6,7,4,492.6,False,Exterior,DAS-E1,198.4,50.7
TILE_02730,032023114447033,40.8141327,-74.0684898,T-Mobile,154.03,2.0,39.6,9,3,492.6,False,Exterior,DAS-E1,198.4,50.7
TILE_02731,032023126155057,40.8141327,-74.0682449,AT&T,121.3,2.0,61.0,32,13,513.2,False,Exterior,DAS-E1,218.7,48.7
TILE_02732,032023144413370,40.8141327,-74.0682449,T-Mobile,96.88,2.45,40.3,25,14,513.2,False,Exterior,DAS-E1,218.7,48.7
TILE_02733,032023190827464,40.8141327,-74.068,Verizon,84.52,16.94,47.5,6,4,533.8,False,Exterior,DAS-E1,239.1,46.6
TILE_02734,032023178634265,40.8141327,-74.068,AT&T,88.9,17.83,57.1,6,4,533.8,False,Exterior,DAS-E1,239.1,46.6
TILE_02735,032023154406680,40.8141327,-74.068,T-Mobile,78.15,12.62,36.5,3,2,533.8,False,Exterior,DAS-E1,239.1,46.6
TILE_02736,032023129721663,40.8142857,-74.08,Verizon,123.35,14.9,40.2,15,11,483.4,False,Exterior,DAS-W1,193.3,51.7
TILE_02737,032023198434395,40.8142857,-74.0797551,Verizon,53.61,15.19,44.3,49,22,462.9,False,Exterior,DAS-W1,173.5,53.7
TILE_02738,032023121328912,40.8142857,-74.0797551,AT&T,136.95,11.59,50.1,41,14,462.9,False,Exterior,DAS-W1,173.5,53.7
TILE_02739,032023182985974,40.8142857,-74.0795102,AT&T,10.0,5.45,46.1,21,8,442.4,False,Exterior,DAS-W1,154.0,55.8
TILE_02740,032023178090048,40.8142857,-74.0792653,AT&T,114.64,10.89,56.0,6,4,421.9,False,Exterior,DAS-W1,134.9,57.8
TILE_02741,032023187420183,40.8142857,-74.0790204,T-Mobile,111.8,20.88,23.6,14,9,401.4,False,Exterior,DAS-W1,116.2,59.9
TILE_02742,032023113478437,40.8142857,-74.0787755,AT&T,56.97,10.47,45.9,19,10,381.0,False,Exterior,DAS-W1,98.4,61.9
TILE_02743,032023136230771,40.8142857,-74.0785306,Verizon,114.27,15.4,37.3,27,13,360.5,False,Exterior,DAS-W1,81.9,63.9
TILE_02744,032023184431069,40.8142857,-74.0785306,T-Mobile,104.13,3.86,24.9,28,13,360.5,False,Exterior,DAS-W1,81.9,63.9
TILE_02745,032023159763639,40.8142857,-74.0782857,T-Mobile,72.81,11.99,30.5,18,15,340.1,False,Exterior,DAS-W1,67.7,66.0
TILE_02746,032023111713220,40.8142857,-74.0780408,AT&T,170.6,26.68,36.9,242,151,319.8,True,West_Upper,DAS-W1,57.6,88.5
TILE_02747,032023128851406,40.8142857,-74.0780408,T-Mobile,199.16,35.91,18.0,289,66,319.8,True,West_Upper,DAS-W1,57.6,88.5
TILE_02748,032023110744249,40.8142857,-74.0777959,Verizon,176.19,26.36,26.2,91,48,299.5,True,West_Upper,DAS-W1,53.9,89.2
TILE_02749,032023128387048,40.8142857,-74.0777959,AT&T,244.18,24.85,33.2,86,25,299.5,True,West_Upper,DAS-W1,53.9,89.2
TILE_02750,032023115541229,40.8142857,-74.077551,Verizon,212.61,38.24,28.5,88,97,279.2,True,West_Upper,DAS-W1,57.9,88.4
TILE_02751,032023111296160,40.8142857,-74.077551,AT&T,173.43,25.25,26.5,119,44,279.2,True,West_Upper,DAS-W1,57.9,88.4
TILE_02752,032023151118905,40.8142857,-74.077551,US Cellular,88.77,20.72,29.7,23,10,279.2,True,West_Upper,DAS-W1,57.9,88.4
TILE_02753,032023129815617,40.8142857,-74.0773061,Verizon,256.24,14.27,25.8,128,127,259.0,True,West_Upper,DAS-W1,68.2,86.4
TILE_02754,032023127485057,40.8142857,-74.0773061,T-Mobile,188.75,18.87,14.1,204,79,259.0,True,West_Upper,DAS-W1,68.2,86.4
TILE_02755,032023151816505,40.8142857,-74.0773061,US Cellular,93.82,22.13,38.3,60,17,259.0,True,West_Upper,DAS-W1,68.2,86.4
TILE_02756,032023184017340,40.8142857,-74.0770612,Verizon,253.58,27.85,21.3,109,75,238.9,True,West_Upper,DAS-W1,82.4,83.5
TILE_02757,032023130899436,40.8142857,-74.0770612,AT&T,180.8,31.86,35.7,81,79,238.9,True,West_Upper,DAS-W1,82.4,83.5
TILE_02758,032023121920703,40.8142857,-74.0768163,Verizon,138.51,14.72,13.0,161,96,218.8,True,Concourse,DAS-W1,99.0,80.2
TILE_02759,032023155213752,40.8142857,-74.0768163,T-Mobile,290.24,33.4,22.0,171,57,218.8,True,Concourse,DAS-W1,99.0,80.2
TILE_02760,032023184999378,40.8142857,-74.0765714,Verizon,131.9,21.66,28.7,127,57,199.0,True,Concourse,DAS-W1,116.9,76.6
TILE_02761,032023124710026,40.8142857,-74.0765714,AT&T,116.98,9.97,32.8,53,55,199.0,True,Concourse,DAS-W1,116.9,76.6
TILE_02762,032023156923480,40.8142857,-74.0765714,T-Mobile,187.26,19.58,28.5,91,46,199.0,True,Concourse,DAS-W1,116.9,76.6
TILE_02763,032023124523195,40.8142857,-74.0763265,Verizon,164.58,9.75,26.5,105,77,179.2,True,Concourse,DAS-W1,135.5,72.9
TILE_02764,032023156540253,40.8142857,-74.0763265,T-Mobile,199.32,21.16,27.1,91,62,179.2,True,Concourse,DAS-W1,135.5,72.9
TILE_02765,032023117170432,40.8142857,-74.0760816,Verizon,112.02,22.23,25.3,51,21,159.8,True,Concourse,DAS-N2,136.9,72.6
TILE_02766,032023145946251,40.8142857,-74.0760816,AT&T,54.85,9.22,39.1,21,17,159.8,True,Concourse,DAS-N2,136.9,72.6
TILE_02767,032023144834135,40.8142857,-74.0760816,T-Mobile,137.74,22.26,17.5,51,19,159.8,True,Concourse,DAS-N2,136.9,72.6
TILE_02768,032023197774649,40.8142857,-74.0758367,Verizon,124.31,14.96,26.9,154,77,140.6,True,Concourse,DAS-N2,134.9,73.0
TILE_02769,032023198506175,40.8142857,-74.0758367,AT&T,125.18,17.07,36.6,100,47,140.6,True,Concourse,DAS-N2,134.9,73.0
TILE_02770,032023195919684,40.8142857,-74.0755918,T-Mobile,96.43,16.18,25.9,70,27,122.0,True,Concourse,DAS-C1,129.2,74.2
TILE_02771,032023157757577,40.8142857,-74.0753469,Verizon,127.69,21.12,27.5,394,117,104.1,True,Field,DAS-C1,110.8,77.8
TILE_02772,032023175354550,40.8142857,-74.0753469,AT&T,150.37,10.53,36.7,171,158,104.1,True,Field,DAS-C1,110.8,77.8
TILE_02773,032023144709680,40.8142857,-74.075102,Verizon,215.34,26.47,20.4,74,35,87.4,True,Field,DAS-C1,93.3,81.3
TILE_02774,032023117908533,40.8142857,-74.075102,AT&T,155.92,21.25,34.4,75,36,87.4,True,Field,DAS-C1,93.3,81.3
TILE_02775,032023158866116,40.8142857,-74.075102,T-Mobile,225.74,38.99,22.8,54,27,87.4,True,Field,DAS-C1,93.3,81.3
TILE_02776,032023110064174,40.8142857,-74.0748571,Verizon,245.17,27.59,30.1,348,146,72.9,True,Field,DAS-C1,77.4,84.5
TILE_02777,032023187192225,40.8142857,-74.0748571,AT&T,152.73,28.63,36.2,271,72,72.9,True,Field,DAS-C1,77.4,84.5
TILE_02778,032023159045333,40.8142857,-74.0748571,T-Mobile,232.49,39.91,18.8,292,100,72.9,True,Field,DAS-C1,77.4,84.5
TILE_02779,032023182642643,40.8142857,-74.0746122,Verizon,183.9,40.42,22.2,144,108,61.9,True,Field,DAS-C1,64.2,87.2
TILE_02780,032023136670891,40.8142857,-74.0746122,AT&T,113.9,15.17,29.6,102,79,61.9,True,Field,DAS-C1,64.2,87.2
TILE_02781,032023156829339,40.8142857,-74.0743673,T-Mobile,281.61,26.14,27.5,63,45,56.6,True,Field,DAS-C1,55.8,88.8
TILE_02782,032023153997193,40.8142857,-74.0741224,AT&T,176.83,18.9,20.4,309,106,58.6,True,Field,DAS-C1,54.3,89.1
TILE_02783,032023160422829,40.8142857,-74.0741224,T-Mobile,146.03,34.36,20.3,116,108,58.6,True,Field,DAS-C1,54.3,89.1
TILE_02784,032023137915872,40.8142857,-74.0736327,Verizon,115.17,29.13,22.1,137,174,80.3,True,Field,DAS-C1,72.1,85.6
TILE_02785,032023197034208,40.8142857,-74.0736327,T-Mobile,227.63,51.26,29.3,299,71,80.3,True,Field,DAS-C1,72.1,85.6
TILE_02786,032023170078718,40.8142857,-74.0733878,T-Mobile,227.11,24.7,12.0,172,105,96.1,True,Field,DAS-C1,87.2,82.6
TILE_02787,032023180208633,40.8142857,-74.0731429,Verizon,134.76,23.96,19.9,36,46,113.5,True,Field,DAS-C1,104.2,79.2
TILE_02788,032023137643677,40.8142857,-74.0731429,AT&T,33.96,10.99,32.7,50,24,113.5,True,Field,DAS-C1,104.2,79.2
TILE_02789,032023187162167,40.8142857,-74.072898,AT&T,126.5,14.45,31.9,172,78,131.8,True,Concourse,DAS-C1,122.4,75.5
TILE_02790,032023161970123,40.8142857,-74.0726531,Verizon,149.37,6.29,25.8,178,77,150.7,True,Concourse,DAS-C1,141.2,71.8
TILE_02791,032023177575725,40.8142857,-74.0726531,T-Mobile,93.87,23.24,35.5,204,45,150.7,True,Concourse,DAS-C1,141.2,71.8
TILE_02792,032023132655984,40.8142857,-74.0724082,Verizon,106.54,20.47,40.4,57,19,170.1,True,Concourse,DAS-E1,146.0,70.8
TILE_02793,032023194039239,40.8142857,-74.0724082,T-Mobile,249.24,9.76,23.7,68,24,170.1,True,Concourse,DAS-E1,146.0,70.8
TILE_02794,032023149082428,40.8142857,-74.0721633,Verizon,124.98,9.48,29.3,170,74,189.7,True,Concourse,DAS-E1,127.0,74.6
TILE_02795,032023185597952,40.8142857,-74.0721633,AT&T,156.65,12.57,44.6,75,35,189.7,True,Concourse,DAS-E1,127.0,74.6
TILE_02796,032023194175653,40.8142857,-74.0721633,T-Mobile,158.66,33.37,29.3,107,61,189.7,True,Concourse,DAS-E1,127.0,74.6
TILE_02797,032023161308240,40.8142857,-74.0719184,Verizon,223.71,7.77,31.2,120,110,209.5,True,Concourse,DAS-E1,108.7,78.3
TILE_02798,032023118162636,40.8142857,-74.0716735,Verizon,181.42,26.59,26.0,29,23,229.5,True,Concourse,DAS-E1,91.3,81.7
TILE_02799,032023139826372,40.8142857,-74.0714286,T-Mobile,113.07,25.25,17.7,258,137,249.6,True,East_Upper,DAS-E1,75.6,84.9
TILE_02800,032023161315342,40.8142857,-74.0711837,Verizon,233.98,26.53,27.2,49,28,269.7,True,East_Upper,DAS-E1,62.9,87.4
TILE_02801,032023192278767,40.8142857,-74.0711837,AT&T,169.74,22.65,24.4,36,26,269.7,True,East_Upper,DAS-E1,62.9,87.4
TILE_02802,032023178254506,40.8142857,-74.0711837,T-Mobile,284.82,40.13,22.8,31,24,269.7,True,East_Upper,DAS-E1,62.9,87.4
TILE_02803,032023120636259,40.8142857,-74.0711837,US Cellular,86.05,15.89,38.4,6,7,269.7,True,East_Upper,DAS-E1,62.9,87.4
TILE_02804,032023194175503,40.8142857,-74.0709388,Verizon,204.86,36.71,22.2,147,77,290.0,True,East_Upper,DAS-E1,55.2,89.0
TILE_02805,032023160571682,40.8142857,-74.0709388,T-Mobile,254.35,46.44,23.7,197,56,290.0,True,East_Upper,DAS-E1,55.2,89.0
TILE_02806,032023123312238,40.8142857,-74.0706939,Verizon,153.4,41.63,24.3,318,81,310.3,True,East_Upper,DAS-E1,54.7,89.1
TILE_02807,032023152494340,40.8142857,-74.0706939,AT&T,117.23,15.38,24.7,268,152,310.3,True,East_Upper,DAS-E1,54.7,89.1
TILE_02808,032023173223617,40.8142857,-74.070449,AT&T,138.38,23.54,26.8,37,17,330.6,True,East_Upper,DAS-E1,61.5,87.7
TILE_02809,032023191880820,40.8142857,-74.070449,T-Mobile,263.02,25.86,18.8,65,31,330.6,True,East_Upper,DAS-E1,61.5,87.7
TILE_02810,032023167060847,40.8142857,-74.0702041,Verizon,163.1,22.46,32.4,20,11,351.0,False,Exterior,DAS-E1,73.7,64.9
TILE_02811,032023183372272,40.8142857,-74.0702041,AT&T,92.38,11.48,37.6,20,10,351.0,False,Exterior,DAS-E1,73.7,64.9
TILE_02812,032023130862151,40.8142857,-74.0699592,Verizon,171.92,6.52,37.9,69,33,371.4,False,Exterior,DAS-E1,89.1,62.9
TILE_02813,032023172728298,40.8142857,-74.0699592,AT&T,10.0,20.74,38.9,41,21,371.4,False,Exterior,DAS-E1,89.1,62.9
TILE_02814,032023181807667,40.8142857,-74.0697143,AT&T,28.91,7.57,44.5,32,27,391.8,False,Exterior,DAS-E1,106.3,60.8
TILE_02815,032023168201306,40.8142857,-74.0697143,T-Mobile,128.1,18.56,30.1,21,24,391.8,False,Exterior,DAS-E1,106.3,60.8
TILE_02816,032023154451918,40.8142857,-74.0694694,AT&T,128.04,22.19,36.8,37,11,412.3,False,Exterior,DAS-E1,124.6,58.8
TILE_02817,032023180466463,40.8142857,-74.0692245,Verizon,68.07,17.68,34.6,41,20,432.8,False,Exterior,DAS-E1,143.5,56.7
TILE_02818,032023185920140,40.8142857,-74.0692245,AT&T,150.96,16.35,52.4,43,17,432.8,False,Exterior,DAS-E1,143.5,56.7
TILE_02819,032023163223095,40.8142857,-74.0692245,T-Mobile,107.18,28.97,35.6,14,14,432.8,False,Exterior,DAS-E1,143.5,56.7
TILE_02820,032023131277302,40.8142857,-74.0689796,Verizon,114.15,24.16,43.2,36,21,453.3,False,Exterior,DAS-E1,162.8,54.7
TILE_02821,032023151860664,40.8142857,-74.0689796,T-Mobile,49.97,8.7,37.2,31,13,453.3,False,Exterior,DAS-E1,162.8,54.7
TILE_02822,032023121644279,40.8142857,-74.0689796,US Cellular,51.58,8.21,61.0,5,2,453.3,False,Exterior,DAS-E1,162.8,54.7
TILE_02823,032023132550505,40.8142857,-74.0687347,AT&T,119.77,9.38,55.9,10,6,473.8,False,Exterior,DAS-E1,182.4,52.6
TILE_02824,032023169106541,40.8142857,-74.0684898,Verizon,90.51,7.01,43.6,25,10,494.3,False,Exterior,DAS-E1,202.2,50.6
TILE_02825,032023131903084,40.8142857,-74.0684898,T-Mobile,96.81,16.96,37.8,29,11,494.3,False,Exterior,DAS-E1,202.2,50.6
TILE_02826,032023146673823,40.8142857,-74.0682449,Verizon,39.89,4.62,46.1,21,10,514.8,False,Exterior,DAS-E1,222.2,48.5
TILE_02827,032023164991458,40.8142857,-74.0682449,AT&T,73.64,7.1,54.5,20,5,514.8,False,Exterior,DAS-E1,222.2,48.5
TILE_02828,032023175889483,40.8142857,-74.0682449,T-Mobile,136.25,4.28,30.6,17,7,514.8,False,Exterior,DAS-E1,222.2,48.5
TILE_02829,032023179734953,40.8142857,-74.068,Verizon,119.38,2.0,52.6,28,13,535.4,False,Exterior,DAS-E1,242.3,46.5
TILE_02830,032023119961523,40.8142857,-74.068,AT&T,91.86,11.89,61.3,23,10,535.4,False,Exterior,DAS-E1,242.3,46.5
TILE_02831,032023187522916,40.8142857,-74.068,T-Mobile,95.58,24.47,44.7,17,7,535.4,False,Exterior,DAS-E1,242.3,46.5
TILE_02832,032023177800001,40.8144388,-74.08,AT&T,10.0,10.36,50.5,54,21,485.6,False,Exterior,DAS-W1,198.7,51.4
TILE_02833,032023169991183,40.8144388,-74.0797551,Verizon,134.82,12.75,40.5,82,29,465.2,False,Exterior,DAS-W1,179.6,53.5
TILE_02834,032023143305259,40.8144388,-74.0797551,AT&T,30.95,8.88,59.7,36,33,465.2,False,Exterior,DAS-W1,179.6,53.5
TILE_02835,032023166489151,40.8144388,-74.0795102,Verizon,128.71,6.91,43.7,19,10,444.8,False,Exterior,DAS-W1,160.8,55.5
TILE_02836,032023155056511,40.8144388,-74.0795102,AT&T,77.92,15.23,54.1,21,8,444.8,False,Exterior,DAS-W1,160.8,55.5
TILE_02837,032023127585315,40.8144388,-74.0795102,T-Mobile,200.59,17.55,32.0,15,10,444.8,False,Exterior,DAS-W1,160.8,55.5
TILE_02838,032023187853544,40.8144388,-74.0792653,Verizon,79.93,11.11,40.3,4,2,424.5,False,Exterior,DAS-W1,142.5,57.6
TILE_02839,032023166422816,40.8144388,-74.0792653,AT&T,64.84,6.12,53.5,7,2,424.5,False,Exterior,DAS-W1,142.5,57.6
TILE_02840,032023128483080,40.8144388,-74.0790204,Verizon,167.51,23.34,45.7,59,16,404.1,False,Exterior,DAS-W1,125.0,59.6
TILE_02841,032023170592875,40.8144388,-74.0790204,T-Mobile,129.73,38.38,30.5,44,20,404.1,False,Exterior,DAS-W1,125.0,59.6
TILE_02842,032023145799281,40.8144388,-74.0790204,US Cellular,10.0,10.88,56.5,8,4,404.1,False,Exterior,DAS-W1,125.0,59.6
TILE_02843,032023143479913,40.8144388,-74.0787755,Verizon,129.27,13.02,31.4,16,7,383.8,False,Exterior,DAS-W1,108.7,61.6
TILE_02844,032023190043236,40.8144388,-74.0785306,AT&T,92.7,16.13,49.7,30,26,363.6,False,Exterior,DAS-W1,94.0,63.6
TILE_02845,032023185277060,40.8144388,-74.0785306,T-Mobile,100.53,24.62,24.6,66,26,363.6,False,Exterior,DAS-W1,94.0,63.6
TILE_02846,032023183724042,40.8144388,-74.0780408,Verizon,174.31,27.81,26.7,71,52,323.2,True,West_Upper,DAS-W1,73.8,85.2
TILE_02847,032023150516294,40.8144388,-74.0780408,AT&T,140.42,31.2,29.7,102,46,323.2,True,West_Upper,DAS-W1,73.8,85.2
TILE_02848,032023177869494,40.8144388,-74.0780408,T-Mobile,206.85,55.31,11.1,39,48,323.2,True,West_Upper,DAS-W1,73.8,85.2
TILE_02849,032023114292937,40.8144388,-74.0777959,Verizon,213.39,24.5,22.7,203,59,303.1,True,West_Upper,DAS-W1,70.9,85.8
TILE_02850,032023128618666,40.8144388,-74.0777959,AT&T,157.41,9.18,25.3,148,81,303.1,True,West_Upper,DAS-W1,70.9,85.8
TILE_02851,032023110991043,40.8144388,-74.0777959,T-Mobile,195.62,39.95,18.4,165,44,303.1,True,West_Upper,DAS-W1,70.9,85.8
TILE_02852,032023198168884,40.8144388,-74.077551,Verizon,195.86,18.05,20.6,32,19,283.1,True,West_Upper,DAS-W1,74.0,85.2
TILE_02853,032023146446281,40.8144388,-74.077551,AT&T,106.36,15.14,31.9,50,35,283.1,True,West_Upper,DAS-W1,74.0,85.2
TILE_02854,032023161771238,40.8144388,-74.0773061,Verizon,252.12,27.13,22.5,76,40,263.2,True,West_Upper,DAS-W1,82.3,83.5
TILE_02855,032023119347819,40.8144388,-74.0773061,AT&T,217.71,27.5,38.5,78,36,263.2,True,West_Upper,DAS-W1,82.3,83.5
TILE_02856,032023129522119,40.8144388,-74.0773061,T-Mobile,161.11,44.18,22.4,84,25,263.2,True,West_Upper,DAS-W1,82.3,83.5
TILE_02857,032023130183968,40.8144388,-74.0770612,Verizon,259.17,16.1,25.7,77,37,243.4,True,West_Upper,DAS-W1,94.4,81.1
TILE_02858,032023144317096,40.8144388,-74.0770612,AT&T,163.73,29.13,37.7,111,47,243.4,True,West_Upper,DAS-W1,94.4,81.1
TILE_02859,032023154648144,40.8144388,-74.0770612,T-Mobile,267.1,28.65,20.4,93,24,243.4,True,West_Upper,DAS-W1,94.4,81.1
TILE_02860,032023161494288,40.8144388,-74.0768163,Verizon,185.37,20.12,24.6,82,45,223.8,True,Concourse,DAS-W1,109.2,78.2
TILE_02861,032023192613268,40.8144388,-74.0768163,AT&T,116.73,10.4,27.5,71,30,223.8,True,Concourse,DAS-W1,109.2,78.2
TILE_02862,032023144641048,40.8144388,-74.0768163,T-Mobile,165.82,22.74,20.7,76,46,223.8,True,Concourse,DAS-W1,109.2,78.2
TILE_02863,032023140719284,40.8144388,-74.0763265,Verizon,166.68,15.88,26.6,200,45,185.3,True,Concourse,DAS-N2,125.9,74.8
TILE_02864,032023197245931,40.8144388,-74.0763265,T-Mobile,197.0,31.38,25.0,148,36,185.3,True,Concourse,DAS-N2,125.9,74.8
TILE_02865,032023142228262,40.8144388,-74.0760816,AT&T,99.22,16.12,39.4,61,30,166.5,True,Concourse,DAS-N2,120.2,76.0
TILE_02866,032023170561451,40.8144388,-74.0758367,US Cellular,58.88,17.47,38.5,14,12,148.2,True,Concourse,DAS-N2,117.9,76.4
TILE_02867,032023152448896,40.8144388,-74.0755918,Verizon,97.54,24.69,22.5,31,33,130.7,True,Concourse,DAS-N2,119.2,76.2
TILE_02868,032023162612964,40.8144388,-74.0753469,Verizon,118.53,22.84,35.5,109,103,114.2,True,Field,DAS-C1,120.0,76.0
TILE_02869,032023136632430,40.8144388,-74.0753469,AT&T,153.69,14.1,33.9,107,88,114.2,True,Field,DAS-C1,120.0,76.0
TILE_02870,032023173008722,40.8144388,-74.0748571,Verizon,164.86,9.03,20.3,90,70,86.7,True,Field,DAS-C1,90.0,82.0
TILE_02871,032023152306282,40.8144388,-74.0748571,AT&T,183.04,21.55,21.1,154,47,86.7,True,Field,DAS-C1,90.0,82.0
TILE_02872,032023159933418,40.8144388,-74.0748571,T-Mobile,204.57,24.95,19.0,53,40,86.7,True,Field,DAS-C1,90.0,82.0
TILE_02873,032023196973857,40.8144388,-74.0746122,Verizon,197.5,25.94,40.8,175,69,77.7,True,Field,DAS-C1,79.0,84.2
TILE_02874,032023188604517,40.8144388,-74.0746122,AT&T,125.88,16.05,37.0,143,92,77.7,True,Field,DAS-C1,79.0,84.2
TILE_02875,032023139994764,40.8144388,-74.0746122,T-Mobile,244.35,31.6,15.7,185,72,77.7,True,Field,DAS-C1,79.0,84.2
TILE_02876,032023123402349,40.8144388,-74.0741224,Verizon,249.73,38.51,31.1,96,37,75.1,True,Field,DAS-C1,71.2,85.8
TILE_02877,032023175237244,40.8144388,-74.0741224,T-Mobile,245.71,56.25,10.0,59,24,75.1,True,Field,DAS-C1,71.2,85.8
TILE_02878,032023148045064,40.8144388,-74.0738776,Verizon,151.78,17.34,33.8,65,52,81.9,True,Field,DAS-C1,76.0,84.8
TILE_02879,032023159942214,40.8144388,-74.0738776,AT&T,141.66,7.97,32.9,97,44,81.9,True,Field,DAS-C1,76.0,84.8
TILE_02880,032023128916406,40.8144388,-74.0738776,T-Mobile,249.09,35.41,17.8,57,32,81.9,True,Field,DAS-C1,76.0,84.8
TILE_02881,032023123886997,40.8144388,-74.0736327,Verizon,244.81,29.99,30.4,49,51,93.0,True,Field,DAS-C1,85.6,82.9
TILE_02882,032023110347101,40.8144388,-74.0736327,AT&T,130.46,14.95,31.0,39,45,93.0,True,Field,DAS-C1,85.6,82.9
TILE_02883,032023148668252,40.8144388,-74.0736327,T-Mobile,303.14,39.08,22.2,73,47,93.0,True,Field,DAS-C1,85.6,82.9
TILE_02884,032023137544321,40.8144388,-74.0733878,Verizon,233.14,22.61,25.8,135,67,107.0,True,Field,DAS-C1,98.6,80.3
TILE_02885,032023110397150,40.8144388,-74.0731429,Verizon,197.69,20.74,27.4,19,17,122.8,True,Field,DAS-C1,114.0,77.2
TILE_02886,032023141360482,40.8144388,-74.0731429,AT&T,118.51,17.49,41.5,33,13,122.8,True,Field,DAS-C1,114.0,77.2
TILE_02887,032023111687544,40.8144388,-74.0731429,T-Mobile,176.44,26.59,23.4,34,16,122.8,True,Field,DAS-C1,114.0,77.2
TILE_02888,032023189970231,40.8144388,-74.072898,Verizon,158.18,21.02,19.1,59,68,139.9,True,Concourse,DAS-C1,130.8,73.8
TILE_02889,032023130394668,40.8144388,-74.0726531,Verizon,206.48,11.18,27.7,95,32,157.9,True,Concourse,DAS-C1,148.5,70.3
TILE_02890,032023127372344,40.8144388,-74.0726531,AT&T,96.54,13.88,44.9,45,21,157.9,True,Concourse,DAS-C1,148.5,70.3
TILE_02891,032023192737453,40.8144388,-74.0726531,T-Mobile,113.73,16.21,21.7,62,22,157.9,True,Concourse,DAS-C1,148.5,70.3
TILE_02892,032023156126564,40.8144388,-74.0726531,US Cellular,52.4,7.12,53.2,21,5,157.9,True,Concourse,DAS-C1,148.5,70.3
TILE_02893,032023191829200,40.8144388,-74.0724082,Verizon,70.26,28.16,30.8,138,54,176.4,True,Concourse,DAS-E1,153.1,69.4
TILE_02894,032023186538068,40.8144388,-74.0724082,AT&T,79.19,20.56,35.7,48,46,176.4,True,Concourse,DAS-E1,153.1,69.4
TILE_02895,032023199199331,40.8144388,-74.0724082,T-Mobile,155.3,32.37,26.2,56,26,176.4,True,Concourse,DAS-E1,153.1,69.4
TILE_02896,032023158944881,40.8144388,-74.0721633,Verizon,139.32,23.99,27.5,306,137,195.4,True,Concourse,DAS-E1,135.1,73.0
TILE_02897,032023180401730,40.8144388,-74.0719184,Verizon,119.69,12.07,36.9,212,117,214.7,True,Concourse,DAS-E1,118.0,76.4
TILE_02898,032023199951897,40.8144388,-74.0719184,T-Mobile,242.21,31.31,33.1,201,141,214.7,True,Concourse,DAS-E1,118.0,76.4
TILE_02899,032023172669720,40.8144388,-74.0716735,Verizon,151.59,30.67,31.4,35,31,234.2,True,Concourse,DAS-E1,102.3,79.5
TILE_02900,032023123144759,40.8144388,-74.0716735,AT&T,95.87,19.12,31.6,51,24,234.2,True,Concourse,DAS-E1,102.3,79.5
TILE_02901,032023151660601,40.8144388,-74.0714286,Verizon,142.93,31.75,20.3,314,79,253.9,True,East_Upper,DAS-E1,88.6,82.3
TILE_02902,032023194817451,40.8144388,-74.0711837,Verizon,211.8,35.25,21.1,95,31,273.8,True,East_Upper,DAS-E1,78.0,84.4
TILE_02903,032023132698170,40.8144388,-74.0711837,AT&T,125.77,28.96,24.5,68,41,273.8,True,East_Upper,DAS-E1,78.0,84.4
TILE_02904,032023115495098,40.8144388,-74.0711837,T-Mobile,260.98,28.3,16.7,34,31,273.8,True,East_Upper,DAS-E1,78.0,84.4
TILE_02905,032023188832835,40.8144388,-74.0709388,AT&T,143.92,23.68,35.1,223,82,293.7,True,East_Upper,DAS-E1,71.9,85.6
TILE_02906,032023190346339,40.8144388,-74.0709388,US Cellular,82.18,17.75,36.9,45,18,293.7,True,East_Upper,DAS-E1,71.9,85.6
TILE_02907,032023166939378,40.8144388,-74.0706939,Verizon,153.19,9.35,32.4,290,97,313.8,True,East_Upper,DAS-E1,71.5,85.7
TILE_02908,032023151031956,40.8144388,-74.0706939,T-Mobile,215.42,33.21,23.7,245,84,313.8,True,East_Upper,DAS-E1,71.5,85.7
TILE_02909,032023169178155,40.8144388,-74.070449,AT&T,123.84,12.67,30.1,70,22,333.9,True,East_Upper,DAS-E1,76.9,84.6
TILE_02910,032023165320369,40.8144388,-74.0702041,Verizon,121.88,11.25,37.1,31,23,354.1,False,Exterior,DAS-E1,86.9,64.6
TILE_02911,032023123357033,40.8144388,-74.0702041,AT&T,29.6,11.04,53.0,31,33,354.1,False,Exterior,DAS-E1,86.9,64.6
TILE_02912,032023176404437,40.8144388,-74.0697143,Verizon,118.9,5.3,31.7,32,25,394.6,False,Exterior,DAS-E1,115.9,60.5
TILE_02913,032023157160444,40.8144388,-74.0697143,AT&T,59.68,12.04,41.4,42,16,394.6,False,Exterior,DAS-E1,115.9,60.5
TILE_02914,032023129110581,40.8144388,-74.0697143,T-Mobile,76.36,19.96,38.6,25,24,394.6,False,Exterior,DAS-E1,115.9,60.5
TILE_02915,032023175176017,40.8144388,-74.0694694,Verizon,106.82,9.44,46.5,19,9,414.9,False,Exterior,DAS-E1,132.8,58.5
TILE_02916,032023167641874,40.8144388,-74.0694694,AT&T,78.52,10.68,42.8,12,8,414.9,False,Exterior,DAS-E1,132.8,58.5
TILE_02917,032023199387964,40.8144388,-74.0692245,Verizon,97.56,2.0,40.4,13,11,435.3,False,Exterior,DAS-E1,150.7,56.5
TILE_02918,032023157404020,40.8144388,-74.0692245,AT&T,79.62,15.26,51.2,27,10,435.3,False,Exterior,DAS-E1,150.7,56.5
TILE_02919,032023164734242,40.8144388,-74.0689796,Verizon,80.27,5.74,39.7,27,25,455.7,False,Exterior,DAS-E1,169.2,54.4
TILE_02920,032023195803891,40.8144388,-74.0689796,T-Mobile,83.72,27.82,35.0,45,20,455.7,False,Exterior,DAS-E1,169.2,54.4
TILE_02921,032023119098728,40.8144388,-74.0687347,Verizon,69.27,10.04,45.7,27,24,476.1,False,Exterior,DAS-E1,188.1,52.4
TILE_02922,032023126730076,40.8144388,-74.0687347,AT&T,37.85,16.76,41.6,22,26,476.1,False,Exterior,DAS-E1,188.1,52.4
TILE_02923,032023128363778,40.8144388,-74.0687347,T-Mobile,95.86,24.82,40.4,27,19,476.1,False,Exterior,DAS-E1,188.1,52.4
TILE_02924,032023190872690,40.8144388,-74.0684898,Verizon,146.7,2.0,42.7,73,37,496.5,False,Exterior,DAS-E1,207.4,50.3
TILE_02925,032023158602944,40.8144388,-74.0682449,Verizon,111.82,16.7,50.4,16,9,517.0,False,Exterior,DAS-E1,226.9,48.3
TILE_02926,032023172513880,40.8144388,-74.0682449,T-Mobile,10.0,13.23,39.0,10,7,517.0,False,Exterior,DAS-E1,226.9,48.3
TILE_02927,032023111805014,40.8144388,-74.068,T-Mobile,89.99,4.44,38.3,10,9,537.4,False,Exterior,DAS-E1,246.7,46.3
TILE_02928,032023168512676,40.8145918,-74.08,Verizon,71.33,4.04,44.4,29,15,488.5,False,Exterior,DAS-W1,205.4,51.1
TILE_02929,032023148277886,40.8145918,-74.08,T-Mobile,127.54,18.54,38.1,19,18,488.5,False,Exterior,DAS-W1,205.4,51.1
TILE_02930,032023141737533,40.8145918,-74.0797551,Verizon,114.83,6.12,44.2,10,7,468.2,False,Exterior,DAS-W1,186.9,53.2
TILE_02931,032023131309006,40.8145918,-74.0797551,T-Mobile,99.83,25.19,37.2,9,7,468.2,False,Exterior,DAS-W1,186.9,53.2
TILE_02932,032023161635672,40.8145918,-74.0797551,US Cellular,58.46,8.6,57.8,2,2,468.2,False,Exterior,DAS-W1,186.9,53.2
TILE_02933,032023149544163,40.8145918,-74.0795102,Verizon,94.51,16.03,40.9,10,2,448.0,False,Exterior,DAS-W1,169.0,55.2
TILE_02934,032023138212556,40.8145918,-74.0795102,AT&T,83.75,5.46,48.4,6,5,448.0,False,Exterior,DAS-W1,169.0,55.2
TILE_02935,032023177020795,40.8145918,-74.0795102,T-Mobile,83.63,11.78,35.6,6,2,448.0,False,Exterior,DAS-W1,169.0,55.2
TILE_02936,032023182638802,40.8145918,-74.0792653,Verizon,166.68,2.0,33.6,49,29,427.7,False,Exterior,DAS-W1,151.7,57.2
TILE_02937,032023131605001,40.8145918,-74.0792653,AT&T,67.65,19.74,39.8,51,16,427.7,False,Exterior,DAS-W1,151.7,57.2
TILE_02938,032023187704825,40.8145918,-74.0792653,T-Mobile,46.0,23.95,40.3,44,18,427.7,False,Exterior,DAS-W1,151.7,57.2
TILE_02939,032023159144949,40.8145918,-74.0790204,AT&T,53.0,18.01,58.8,10,5,407.6,False,Exterior,DAS-W1,135.4,59.2
TILE_02940,032023112928483,40.8145918,-74.0790204,US Cellular,78.22,14.75,67.5,1,0,407.6,False,Exterior,DAS-W1,135.4,59.2
TILE_02941,032023156833252,40.8145918,-74.0787755,Verizon,177.4,10.93,28.7,34,26,387.4,False,Exterior,DAS-W1,120.4,61.3
TILE_02942,032023134918695,40.8145918,-74.0787755,AT&T,18.99,13.97,48.7,54,26,387.4,False,Exterior,DAS-W1,120.4,61.3
TILE_02943,032023155416056,40.8145918,-74.0785306,Verizon,101.78,14.99,36.3,82,38,367.4,False,Exterior,DAS-W1,107.4,63.3
TILE_02944,032023157623845,40.8145918,-74.0782857,Verizon,146.47,19.86,28.3,86,24,347.4,False,Exterior,DAS-W1,97.0,65.3
TILE_02945,032023143379396,40.8145918,-74.0782857,AT&T,159.83,13.21,44.4,47,22,347.4,False,Exterior,DAS-W1,97.0,65.3
TILE_02946,032023150402009,40.8145918,-74.0780408,Verizon,168.28,22.29,22.8,166,124,327.5,True,West_Upper,DAS-W1,90.3,81.9
TILE_02947,032023114493698,40.8145918,-74.0780408,AT&T,155.53,19.42,37.8,156,110,327.5,True,West_Upper,DAS-W1,90.3,81.9
TILE_02948,032023152049474,40.8145918,-74.0780408,T-Mobile,159.1,37.5,15.0,225,67,327.5,True,West_Upper,DAS-W1,90.3,81.9
TILE_02949,032023148923660,40.8145918,-74.0780408,US Cellular,93.25,14.17,47.7,54,26,327.5,True,West_Upper,DAS-W1,90.3,81.9
TILE_02950,032023134678612,40.8145918,-74.0777959,Verizon,154.66,25.45,30.5,91,68,307.7,True,West_Upper,DAS-W1,87.9,82.4
TILE_02951,032023139513661,40.8145918,-74.0777959,AT&T,130.73,14.41,30.7,44,37,307.7,True,West_Upper,DAS-W1,87.9,82.4
TILE_02952,032023122604227,40.8145918,-74.0777959,T-Mobile,201.23,35.7,19.2,57,48,307.7,True,West_Upper,DAS-W1,87.9,82.4
TILE_02953,032023177878972,40.8145918,-74.077551,US Cellular,128.72,20.19,46.2,5,2,288.0,True,West_Upper,DAS-W1,90.4,81.9
TILE_02954,032023136417673,40.8145918,-74.0773061,Verizon,121.54,14.61,13.8,140,66,268.5,True,West_Upper,DAS-W1,97.3,80.5
TILE_02955,032023117629276,40.8145918,-74.0773061,T-Mobile,279.44,44.39,26.9,157,48,268.5,True,West_Upper,DAS-W1,97.3,80.5
TILE_02956,032023115483866,40.8145918,-74.0770612,Verizon,112.95,19.59,21.3,85,36,249.1,True,West_Upper,DAS-W1,107.8,78.4
TILE_02957,032023170912103,40.8145918,-74.0770612,T-Mobile,123.1,37.71,24.0,85,21,249.1,True,West_Upper,DAS-W1,107.8,78.4
TILE_02958,032023170901699,40.8145918,-74.0768163,Verizon,181.91,13.01,33.9,386,186,230.0,True,Concourse,DAS-W1,120.9,75.8
TILE_02959,032023116161907,40.8145918,-74.0768163,T-Mobile,160.11,14.0,20.3,224,152,230.0,True,Concourse,DAS-W1,120.9,75.8
TILE_02960,032023129079243,40.8145918,-74.0765714,Verizon,61.65,7.47,24.1,162,159,211.1,True,Concourse,DAS-N2,120.0,76.0
TILE_02961,032023146112159,40.8145918,-74.0765714,AT&T,131.07,13.53,35.6,262,89,211.1,True,Concourse,DAS-N2,120.0,76.0
TILE_02962,032023163324226,40.8145918,-74.0765714,T-Mobile,230.91,30.25,25.6,166,75,211.1,True,Concourse,DAS-N2,120.0,76.0
TILE_02963,032023190987707,40.8145918,-74.0763265,AT&T,90.74,17.6,44.9,57,28,192.7,True,Concourse,DAS-N2,110.2,78.0
TILE_02964,032023147787939,40.8145918,-74.0760816,Verizon,152.07,21.97,30.6,263,127,174.7,True,Concourse,DAS-N2,103.6,79.3
TILE_02965,032023165359907,40.8145918,-74.0758367,Verizon,158.18,11.24,30.8,37,20,157.4,True,Concourse,DAS-N2,100.9,79.8
TILE_02966,032023187975918,40.8145918,-74.0758367,T-Mobile,102.84,19.96,28.6,58,22,157.4,True,Concourse,DAS-N2,100.9,79.8
TILE_02967,032023131442258,40.8145918,-74.0755918,T-Mobile,156.4,18.11,22.4,87,31,140.9,True,Concourse,DAS-N2,102.4,79.5
TILE_02968,032023163227665,40.8145918,-74.0753469,Verizon,156.2,13.89,33.2,57,68,125.8,True,Field,DAS-N2,107.9,78.4
TILE_02969,032023162195140,40.8145918,-74.0753469,AT&T,196.35,6.13,36.5,132,37,125.8,True,Field,DAS-N2,107.9,78.4
TILE_02970,032023149765964,40.8145918,-74.0753469,T-Mobile,79.3,27.78,16.2,60,33,125.8,True,Field,DAS-N2,107.9,78.4
TILE_02971,032023193119326,40.8145918,-74.0753469,US Cellular,83.91,19.51,54.1,21,9,125.8,True,Field,DAS-N2,107.9,78.4
TILE_02972,032023141982825,40.8145918,-74.075102,Verizon,130.17,28.4,39.9,88,61,112.4,True,Field,DAS-C1,116.3,76.7
TILE_02973,032023196810848,40.8145918,-74.075102,AT&T,128.75,10.76,37.7,128,54,112.4,True,Field,DAS-C1,116.3,76.7
TILE_02974,032023178633126,40.8145918,-74.075102,T-Mobile,231.36,36.34,22.6,72,50,112.4,True,Field,DAS-C1,116.3,76.7
TILE_02975,032023114887567,40.8145918,-74.0748571,T-Mobile,77.21,15.98,31.7,123,55,101.5,True,Field,DAS-C1,104.0,79.2
TILE_02976,032023158083691,40.8145918,-74.0746122,AT&T,150.73,27.95,37.1,171,73,93.9,True,Field,DAS-C1,94.6,81.1
TILE_02977,032023140292282,40.8145918,-74.0746122,T-Mobile,183.39,34.45,19.1,80,42,93.9,True,Field,DAS-C1,94.6,81.1
TILE_02978,032023161371953,40.8145918,-74.0743673,Verizon,240.5,21.99,37.4,41,25,90.5,True,Field,DAS-C1,89.1,82.2
TILE_02979,032023114684243,40.8145918,-74.0743673,AT&T,177.82,14.71,40.6,39,17,90.5,True,Field,DAS-C1,89.1,82.2
TILE_02980,032023188167314,40.8145918,-74.0743673,T-Mobile,166.51,19.2,27.2,18,9,90.5,True,Field,DAS-C1,89.1,82.2
TILE_02981,032023159754687,40.8145918,-74.0741224,AT&T,168.85,23.13,25.2,79,30,91.8,True,Field,DAS-C1,88.2,82.4
TILE_02982,032023141905471,40.8145918,-74.0738776,AT&T,166.4,27.86,35.4,121,53,97.5,True,Field,DAS-C1,92.0,81.6
TILE_02983,032023115837624,40.8145918,-74.0738776,T-Mobile,168.01,27.63,23.0,215,54,97.5,True,Field,DAS-C1,92.0,81.6
TILE_02984,032023174446594,40.8145918,-74.0736327,AT&T,175.95,12.41,40.7,81,28,106.9,True,Field,DAS-C1,100.1,80.0
TILE_02985,032023188632241,40.8145918,-74.0736327,T-Mobile,172.61,18.5,27.1,77,44,106.9,True,Field,DAS-C1,100.1,80.0
TILE_02986,032023121501670,40.8145918,-74.0733878,Verizon,163.12,24.96,36.0,141,49,119.3,True,Field,DAS-C1,111.5,77.7
TILE_02987,032023146802841,40.8145918,-74.0733878,AT&T,103.56,10.6,25.0,113,30,119.3,True,Field,DAS-C1,111.5,77.7
TILE_02988,032023197432064,40.8145918,-74.0731429,Verizon,117.84,25.31,39.4,25,21,133.7,True,Field,DAS-C1,125.3,74.9
TILE_02989,032023129995339,40.8145918,-74.0731429,T-Mobile,73.47,24.36,19.5,20,19,133.7,True,Field,DAS-C1,125.3,74.9
TILE_02990,032023179000913,40.8145918,-74.0731429,US Cellular,63.95,12.25,50.6,14,5,133.7,True,Field,DAS-C1,125.3,74.9
TILE_02991,032023192185904,40.8145918,-74.072898,T-Mobile,117.51,12.09,23.5,91,82,149.5,True,Concourse,DAS-C1,140.7,71.9
TILE_02992,032023165428540,40.8145918,-74.0726531,Verizon,81.21,6.33,27.9,185,103,166.5,True,Concourse,DAS-C1,157.4,68.5
TILE_02993,032023176896190,40.8145918,-74.0726531,AT&T,40.9,17.09,37.2,140,89,166.5,True,Concourse,DAS-C1,157.4,68.5
TILE_02994,032023126714614,40.8145918,-74.0726531,T-Mobile,158.1,26.95,21.4,177,88,166.5,True,Concourse,DAS-C1,157.4,68.5
TILE_02995,032023193512742,40.8145918,-74.0724082,AT&T,152.0,14.81,40.9,153,71,184.2,True,Concourse,DAS-E1,161.7,67.7
TILE_02996,032023137469860,40.8145918,-74.0721633,Verizon,194.26,3.32,32.4,283,120,202.4,True,Concourse,DAS-E1,144.8,71.0
TILE_02997,032023168865730,40.8145918,-74.0721633,AT&T,122.0,15.32,27.3,177,118,202.4,True,Concourse,DAS-E1,144.8,71.0
TILE_02998,032023146188645,40.8145918,-74.0719184,Verizon,68.87,15.94,26.7,90,72,221.1,True,Concourse,DAS-E1,129.0,74.2
TILE_02999,032023120535574,40.8145918,-74.0719184,T-Mobile,161.15,13.34,24.7,83,55,221.1,True,Concourse,DAS-E1,129.0,74.2
TILE_03000,032023113214188,40.8145918,-74.0716735,AT&T,44.14,13.89,29.4,60,24,240.1,True,Concourse,DAS-E1,114.7,77.1
TILE_03001,032023116917895,40.8145918,-74.0716735,T-Mobile,176.43,13.27,23.3,42,28,240.1,True,Concourse,DAS-E1,114.7,77.1
TILE_03002,032023173082646,40.8145918,-74.0714286,Verizon,123.64,12.31,29.2,235,98,259.4,True,East_Upper,DAS-E1,102.7,79.5
TILE_03003,032023170322578,40.8145918,-74.0714286,T-Mobile,176.24,35.44,20.5,215,102,259.4,True,East_Upper,DAS-E1,102.7,79.5
TILE_03004,032023168322087,40.8145918,-74.0714286,US Cellular,59.85,10.85,37.1,50,19,259.4,True,East_Upper,DAS-E1,102.7,79.5
TILE_03005,032023163662842,40.8145918,-74.0711837,Verizon,168.7,19.88,27.0,152,83,278.8,True,East_Upper,DAS-E1,93.7,81.3
TILE_03006,032023160214698,40.8145918,-74.0711837,AT&T,185.17,33.53,41.0,131,154,278.8,True,East_Upper,DAS-E1,93.7,81.3
TILE_03007,032023196968475,40.8145918,-74.0709388,Verizon,171.4,17.47,26.6,291,110,298.4,True,East_Upper,DAS-E1,88.7,82.3
TILE_03008,032023186332081,40.8145918,-74.0706939,Verizon,197.49,29.32,20.2,130,40,318.2,True,East_Upper,DAS-E1,88.4,82.3
TILE_03009,032023142768821,40.8145918,-74.0706939,T-Mobile,180.12,36.53,28.5,151,68,318.2,True,East_Upper,DAS-E1,88.4,82.3
TILE_03010,032023172474296,40.8145918,-74.070449,Verizon,250.05,20.4,20.6,98,60,338.1,True,East_Upper,DAS-E1,92.8,81.4
TILE_03011,032023117663125,40.8145918,-74.070449,AT&T,198.14,23.17,35.1,64,69,338.1,True,East_Upper,DAS-E1,92.8,81.4
TILE_03012,032023114979505,40.8145918,-74.070449,T-Mobile,266.34,45.76,26.1,131,37,338.1,True,East_Upper,DAS-E1,92.8,81.4
TILE_03013,032023177252885,40.8145918,-74.0702041,Verizon,96.27,14.55,29.7,64,21,358.0,False,Exterior,DAS-E1,101.3,64.2
TILE_03014,032023164666931,40.8145918,-74.0702041,AT&T,112.09,13.89,44.6,25,26,358.0,False,Exterior,DAS-E1,101.3,64.2
TILE_03015,032023163350400,40.8145918,-74.0702041,US Cellular,106.1,8.18,49.7,6,3,358.0,False,Exterior,DAS-E1,101.3,64.2
TILE_03016,032023122667331,40.8145918,-74.0699592,Verizon,118.7,19.6,38.5,41,16,378.0,False,Exterior,DAS-E1,113.0,62.2
TILE_03017,032023188417211,40.8145918,-74.0699592,T-Mobile,36.9,5.78,25.2,30,12,378.0,False,Exterior,DAS-E1,113.0,62.2
TILE_03018,032023152807882,40.8145918,-74.0697143,Verizon,82.62,15.15,34.6,42,15,398.1,False,Exterior,DAS-E1,127.0,60.2
TILE_03019,032023183997712,40.8145918,-74.0697143,US Cellular,73.31,5.18,56.9,4,3,398.1,False,Exterior,DAS-E1,127.0,60.2
TILE_03020,032023181587211,40.8145918,-74.0694694,Verizon,110.84,14.09,30.2,69,43,418.3,False,Exterior,DAS-E1,142.6,58.2
TILE_03021,032023191474272,40.8145918,-74.0694694,T-Mobile,167.1,19.08,29.4,35,27,418.3,False,Exterior,DAS-E1,142.6,58.2
TILE_03022,032023123658385,40.8145918,-74.0689796,Verizon,22.44,14.17,47.2,28,8,458.7,False,Exterior,DAS-E1,177.0,54.1
TILE_03023,032023176441957,40.8145918,-74.0689796,AT&T,125.39,12.83,46.8,30,15,458.7,False,Exterior,DAS-E1,177.0,54.1
TILE_03024,032023129410829,40.8145918,-74.0689796,T-Mobile,141.74,26.05,35.5,19,14,458.7,False,Exterior,DAS-E1,177.0,54.1
TILE_03025,032023142586967,40.8145918,-74.0689796,US Cellular,51.15,10.1,61.6,2,1,458.7,False,Exterior,DAS-E1,177.0,54.1
TILE_03026,032023185781860,40.8145918,-74.0687347,AT&T,81.63,17.23,61.3,17,10,479.0,False,Exterior,DAS-E1,195.2,52.1
TILE_03027,032023173522272,40.8145918,-74.0684898,T-Mobile,147.58,40.02,33.5,80,33,499.3,False,Exterior,DAS-E1,213.8,50.1
TILE_03028,032023143691330,40.8145918,-74.0682449,AT&T,33.25,7.04,59.8,63,20,519.6,False,Exterior,DAS-E1,232.8,48.0
TILE_03029,032023117360867,40.8145918,-74.0682449,T-Mobile,39.89,12.73,27.4,22,23,519.6,False,Exterior,DAS-E1,232.8,48.0
TILE_03030,032023180876691,40.8145918,-74.068,AT&T,95.06,3.37,60.7,65,28,540.0,False,Exterior,DAS-E1,252.1,46.0
TILE_03031,032023146847699,40.8145918,-74.068,T-Mobile,153.68,9.12,37.8,63,29,540.0,False,Exterior,DAS-E1,252.1,46.0
TILE_03032,032023128060158,40.8147449,-74.08,T-Mobile,95.25,2.0,33.8,7,6,491.9,False,Exterior,DAS-W1,213.2,50.8
TILE_03033,032023124952336,40.8147449,-74.0797551,Verizon,188.69,11.21,43.3,37,34,471.8,False,Exterior,DAS-W1,195.5,52.8
TILE_03034,032023178790724,40.8147449,-74.0797551,US Cellular,58.31,8.86,67.1,13,4,471.8,False,Exterior,DAS-W1,195.5,52.8
TILE_03035,032023151042910,40.8147449,-74.0795102,Verizon,64.79,13.86,39.3,13,4,451.7,False,Exterior,DAS-W1,178.4,54.8
TILE_03036,032023142957605,40.8147449,-74.0795102,AT&T,164.95,9.47,52.5,7,4,451.7,False,Exterior,DAS-W1,178.4,54.8
TILE_03037,032023157759886,40.8147449,-74.0795102,US Cellular,85.08,16.2,69.4,2,1,451.7,False,Exterior,DAS-W1,178.4,54.8
TILE_03038,032023188237578,40.8147449,-74.0792653,Verizon,127.44,20.6,34.4,69,32,431.7,False,Exterior,DAS-W1,162.2,56.8
TILE_03039,032023143878422,40.8147449,-74.0792653,AT&T,101.11,15.97,40.6,38,31,431.7,False,Exterior,DAS-W1,162.2,56.8
TILE_03040,032023115797748,40.8147449,-74.0792653,T-Mobile,89.03,17.34,27.0,75,25,431.7,False,Exterior,DAS-W1,162.2,56.8
TILE_03041,032023132931365,40.8147449,-74.0790204,AT&T,14.56,16.09,43.8,52,24,411.7,False,Exterior,DAS-W1,147.0,58.8
TILE_03042,032023147333872,40.8147449,-74.0787755,Verizon,187.64,2.0,35.4,28,13,391.8,False,Exterior,DAS-W1,133.4,60.8
TILE_03043,032023165062259,40.8147449,-74.0787755,AT&T,83.38,6.59,39.5,13,9,391.8,False,Exterior,DAS-W1,133.4,60.8
TILE_03044,032023130079965,40.8147449,-74.0785306,AT&T,140.06,10.09,38.9,28,6,371.9,False,Exterior,DAS-W1,121.7,62.8
TILE_03045,032023135961847,40.8147449,-74.0782857,Verizon,94.7,29.88,40.7,11,7,352.2,False,Exterior,DAS-W1,112.6,64.8
TILE_03046,032023180969124,40.8147449,-74.0782857,AT&T,64.76,3.37,42.7,14,11,352.2,False,Exterior,DAS-W1,112.6,64.8
TILE_03047,032023167438309,40.8147449,-74.0780408,US Cellular,98.79,11.41,42.2,50,24,332.6,True,West_Upper,DAS-W1,106.9,78.6
TILE_03048,032023140131660,40.8147449,-74.0777959,Verizon,174.4,31.67,27.8,66,23,313.1,True,West_Upper,DAS-W1,104.9,79.0
TILE_03049,032023118862181,40.8147449,-74.077551,Verizon,104.71,18.5,28.3,129,140,293.8,True,West_Upper,DAS-W1,107.0,78.6
TILE_03050,032023163682845,40.8147449,-74.077551,AT&T,111.5,16.8,33.5,165,85,293.8,True,West_Upper,DAS-W1,107.0,78.6
TILE_03051,032023193098449,40.8147449,-74.0773061,Verizon,128.51,11.81,26.4,178,91,274.6,True,West_Upper,DAS-W1,112.9,77.4
TILE_03052,032023168643082,40.8147449,-74.0773061,T-Mobile,191.92,14.4,23.5,81,94,274.6,True,West_Upper,DAS-W1,112.9,77.4
TILE_03053,032023145793204,40.8147449,-74.0770612,T-Mobile,169.44,29.03,17.3,50,15,255.8,True,West_Upper,DAS-W1,122.0,75.6
TILE_03054,032023199784791,40.8147449,-74.0768163,Verizon,171.67,7.45,23.3,75,70,237.2,True,Concourse,DAS-N2,119.9,76.0
TILE_03055,032023127416726,40.8147449,-74.0768163,AT&T,113.64,18.52,32.0,80,74,237.2,True,Concourse,DAS-N2,119.9,76.0
TILE_03056,032023177377856,40.8147449,-74.0768163,T-Mobile,166.95,27.78,19.6,125,51,237.2,True,Concourse,DAS-N2,119.9,76.0
TILE_03057,032023157088835,40.8147449,-74.0768163,US Cellular,64.46,5.1,50.4,23,16,237.2,True,Concourse,DAS-N2,119.9,76.0
TILE_03058,032023129170208,40.8147449,-74.0765714,Verizon,170.13,11.65,30.4,156,48,218.9,True,Concourse,DAS-N2,106.1,78.8
TILE_03059,032023127719158,40.8147449,-74.0765714,AT&T,82.71,23.38,37.2,69,39,218.9,True,Concourse,DAS-N2,106.1,78.8
TILE_03060,032023120830396,40.8147449,-74.0763265,Verizon,240.77,20.62,33.4,236,132,201.2,True,Concourse,DAS-N2,94.9,81.0
TILE_03061,032023173937132,40.8147449,-74.0763265,AT&T,157.32,24.3,33.9,327,141,201.2,True,Concourse,DAS-N2,94.9,81.0
TILE_03062,032023149459895,40.8147449,-74.0763265,US Cellular,83.04,16.4,38.1,36,30,201.2,True,Concourse,DAS-N2,94.9,81.0
TILE_03063,032023138439605,40.8147449,-74.0758367,Verizon,179.84,19.92,20.8,248,72,167.7,True,Concourse,DAS-N2,83.9,83.2
TILE_03064,032023134528592,40.8147449,-74.0758367,US Cellular,72.79,21.94,38.5,35,23,167.7,True,Concourse,DAS-N2,83.9,83.2
TILE_03065,032023176191408,40.8147449,-74.0755918,Verizon,195.39,40.59,26.4,349,97,152.4,True,Concourse,DAS-N2,85.7,82.9
TILE_03066,032023199231785,40.8147449,-74.0755918,AT&T,152.5,14.1,37.1,250,129,152.4,True,Concourse,DAS-N2,85.7,82.9
TILE_03067,032023131926972,40.8147449,-74.0755918,T-Mobile,224.1,38.97,22.3,218,59,152.4,True,Concourse,DAS-N2,85.7,82.9
TILE_03068,032023124253255,40.8147449,-74.075102,Verizon,76.1,13.47,27.5,320,82,126.5,True,Concourse,DAS-N2,102.5,79.5
TILE_03069,032023157270034,40.8147449,-74.075102,AT&T,163.48,18.45,34.0,102,91,126.5,True,Concourse,DAS-N2,102.5,79.5
TILE_03070,032023173861511,40.8147449,-74.075102,US Cellular,56.95,5.62,53.7,56,15,126.5,True,Concourse,DAS-N2,102.5,79.5
TILE_03071,032023178831418,40.8147449,-74.0748571,AT&T,98.35,15.4,33.0,336,84,116.9,True,Concourse,DAS-N1,100.5,79.9
TILE_03072,032023150499006,40.8147449,-74.0748571,T-Mobile,154.66,17.35,18.9,240,102,116.9,True,Concourse,DAS-N1,100.5,79.9
TILE_03073,032023115454803,40.8147449,-74.0746122,AT&T,176.42,20.02,33.4,104,50,110.4,True,Concourse,DAS-N1,90.8,81.8
TILE_03074,032023148909027,40.8147449,-74.0743673,T-Mobile,174.7,34.47,24.4,226,112,107.5,True,Concourse,DAS-N1,85.0,83.0
TILE_03075,032023186004779,40.8147449,-74.0741224,Verizon,194.63,32.1,25.3,98,54,108.5,True,Concourse,DAS-N1,84.1,83.2
TILE_03076,032023119637695,40.8147449,-74.0741224,AT&T,142.72,18.17,31.3,100,38,108.5,True,Concourse,DAS-N1,84.1,83.2
TILE_03077,032023120510839,40.8147449,-74.0741224,T-Mobile,154.82,36.27,8.0,96,36,108.5,True,Concourse,DAS-N1,84.1,83.2
TILE_03078,032023153670513,40.8147449,-74.0738776,Verizon,206.1,31.74,25.2,174,95,113.4,True,Concourse,DAS-N1,88.2,82.4
TILE_03079,032023189699905,40.8147449,-74.0738776,T-Mobile,184.39,30.45,26.5,197,94,113.4,True,Concourse,DAS-N1,88.2,82.4
TILE_03080,032023126776787,40.8147449,-74.0738776,US Cellular,102.42,15.23,41.9,67,16,113.4,True,Concourse,DAS-N1,88.2,82.4
TILE_03081,032023142747287,40.8147449,-74.0736327,T-Mobile,179.28,22.49,29.7,134,63,121.6,True,Concourse,DAS-N1,96.6,80.7
TILE_03082,032023184575532,40.8147449,-74.0733878,Verizon,143.75,19.09,24.7,209,84,132.6,True,Concourse,DAS-N1,108.3,78.3
TILE_03083,032023176675298,40.8147449,-74.0733878,AT&T,77.23,8.21,40.0,118,84,132.6,True,Concourse,DAS-N1,108.3,78.3
TILE_03084,032023176984875,40.8147449,-74.0733878,T-Mobile,212.47,18.81,30.6,108,69,132.6,True,Concourse,DAS-N1,108.3,78.3
TILE_03085,032023112216246,40.8147449,-74.0731429,AT&T,151.15,10.16,33.2,115,52,145.7,True,Concourse,DAS-N1,122.4,75.5
TILE_03086,032023179666245,40.8147449,-74.0731429,T-Mobile,126.59,21.72,26.0,214,73,145.7,True,Concourse,DAS-N1,122.4,75.5
TILE_03087,032023198175070,40.8147449,-74.072898,Verizon,95.1,23.86,38.5,304,84,160.4,True,Concourse,DAS-N1,138.2,72.4
TILE_03088,032023155604151,40.8147449,-74.072898,T-Mobile,203.36,24.52,33.8,190,72,160.4,True,Concourse,DAS-N1,138.2,72.4
TILE_03089,032023114530438,40.8147449,-74.0726531,Verizon,80.3,22.3,27.1,144,30,176.3,True,Concourse,DAS-N1,155.1,69.0
TILE_03090,032023129336543,40.8147449,-74.0726531,AT&T,138.1,20.28,48.1,113,25,176.3,True,Concourse,DAS-N1,155.1,69.0
TILE_03091,032023173029320,40.8147449,-74.0724082,Verizon,131.26,8.81,39.0,150,84,193.1,True,Concourse,DAS-E1,171.5,65.7
TILE_03092,032023143246759,40.8147449,-74.0724082,AT&T,52.08,16.55,39.9,236,85,193.1,True,Concourse,DAS-E1,171.5,65.7
TILE_03093,032023118200353,40.8147449,-74.0719184,Verizon,164.59,11.6,36.1,130,96,228.6,True,Concourse,DAS-E1,141.1,71.8
TILE_03094,032023142391369,40.8147449,-74.0719184,AT&T,75.4,10.5,45.4,171,152,228.6,True,Concourse,DAS-E1,141.1,71.8
TILE_03095,032023141298413,40.8147449,-74.0716735,Verizon,124.24,21.99,21.7,263,114,247.0,True,Concourse,DAS-E1,128.2,74.4
TILE_03096,032023116059467,40.8147449,-74.0716735,AT&T,134.79,18.84,37.8,120,77,247.0,True,Concourse,DAS-E1,128.2,74.4
TILE_03097,032023191480500,40.8147449,-74.0716735,T-Mobile,176.96,20.32,18.5,170,81,247.0,True,Concourse,DAS-E1,128.2,74.4
TILE_03098,032023144828127,40.8147449,-74.0716735,US Cellular,84.92,26.34,52.9,39,24,247.0,True,Concourse,DAS-E1,128.2,74.4
TILE_03099,032023118056323,40.8147449,-74.0714286,T-Mobile,190.94,42.84,20.6,108,61,265.8,True,East_Upper,DAS-E1,117.6,76.5
TILE_03100,032023192629883,40.8147449,-74.0711837,Verizon,123.01,22.3,17.0,166,126,284.8,True,East_Upper,DAS-E1,109.8,78.0
TILE_03101,032023128809682,40.8147449,-74.0711837,AT&T,94.14,22.85,47.1,247,76,284.8,True,East_Upper,DAS-E1,109.8,78.0
TILE_03102,032023158412482,40.8147449,-74.0711837,T-Mobile,112.05,23.13,17.8,222,110,284.8,True,East_Upper,DAS-E1,109.8,78.0
TILE_03103,032023160760669,40.8147449,-74.0709388,Verizon,144.98,24.48,32.2,172,82,304.0,True,East_Upper,DAS-E1,105.6,78.9
TILE_03104,032023165240664,40.8147449,-74.0709388,T-Mobile,117.89,43.75,20.2,73,48,304.0,True,East_Upper,DAS-E1,105.6,78.9
TILE_03105,032023138590610,40.8147449,-74.0706939,Verizon,141.44,18.75,20.9,68,44,323.4,True,East_Upper,DAS-E1,105.3,78.9
TILE_03106,032023128469393,40.8147449,-74.0706939,US Cellular,69.46,13.4,47.2,19,9,323.4,True,East_Upper,DAS-E1,105.3,78.9
TILE_03107,032023123097273,40.8147449,-74.070449,Verizon,208.07,16.23,28.7,213,132,343.0,True,East_Upper,DAS-E1,109.0,78.2
TILE_03108,032023134632967,40.8147449,-74.0702041,Verizon,137.57,20.59,32.1,32,26,362.7,False,Exterior,DAS-E1,116.4,63.7
TILE_03109,032023164794759,40.8147449,-74.0702041,AT&T,83.37,13.31,51.8,40,17,362.7,False,Exterior,DAS-E1,116.4,63.7
TILE_03110,032023119180696,40.8147449,-74.0699592,Verizon,61.53,7.41,23.4,15,8,382.5,False,Exterior,DAS-E1,126.7,61.8
TILE_03111,032023126101874,40.8147449,-74.0699592,AT&T,100.64,6.42,45.4,25,6,382.5,False,Exterior,DAS-E1,126.7,61.8
TILE_03112,032023131137703,40.8147449,-74.0699592,T-Mobile,40.38,28.25,31.3,14,6,382.5,False,Exterior,DAS-E1,126.7,61.8
TILE_03113,032023126518685,40.8147449,-74.0697143,AT&T,67.5,8.45,39.2,78,23,402.3,False,Exterior,DAS-E1,139.3,59.8
TILE_03114,032023171672386,40.8147449,-74.0697143,T-Mobile,162.48,14.31,26.2,60,22,402.3,False,Exterior,DAS-E1,139.3,59.8
TILE_03115,032023137599852,40.8147449,-74.0697143,US Cellular,79.24,2.0,56.9,9,8,402.3,False,Exterior,DAS-E1,139.3,59.8
TILE_03116,032023151178563,40.8147449,-74.0694694,Verizon,76.41,27.5,35.6,54,24,422.3,False,Exterior,DAS-E1,153.7,57.8
TILE_03117,032023160910357,40.8147449,-74.0694694,T-Mobile,199.27,30.65,33.7,39,21,422.3,False,Exterior,DAS-E1,153.7,57.8
TILE_03118,032023160186065,40.8147449,-74.0692245,Verizon,98.59,9.63,39.1,38,16,442.3,False,Exterior,DAS-E1,169.4,55.8
TILE_03119,032023180822453,40.8147449,-74.0692245,AT&T,54.39,9.73,44.0,30,10,442.3,False,Exterior,DAS-E1,169.4,55.8
TILE_03120,032023193172947,40.8147449,-74.0689796,Verizon,80.7,2.0,33.3,40,16,462.4,False,Exterior,DAS-E1,186.0,53.8
TILE_03121,032023131624889,40.8147449,-74.0689796,AT&T,86.11,2.0,45.5,31,12,462.4,False,Exterior,DAS-E1,186.0,53.8
TILE_03122,032023119825216,40.8147449,-74.0689796,T-Mobile,164.7,16.73,42.0,31,18,462.4,False,Exterior,DAS-E1,186.0,53.8
TILE_03123,032023189832918,40.8147449,-74.0687347,Verizon,33.98,2.0,48.0,20,7,482.5,False,Exterior,DAS-E1,203.4,51.8
TILE_03124,032023194044615,40.8147449,-74.0684898,AT&T,112.75,18.44,52.0,20,12,502.7,False,Exterior,DAS-E1,221.4,49.7
TILE_03125,032023168420941,40.8147449,-74.0682449,Verizon,37.34,22.07,31.9,62,22,522.9,False,Exterior,DAS-E1,239.8,47.7
TILE_03126,032023141909698,40.8147449,-74.0682449,T-Mobile,91.22,6.6,32.6,40,13,522.9,False,Exterior,DAS-E1,239.8,47.7
TILE_03127,032023160733558,40.8147449,-74.068,Verizon,87.54,8.42,49.1,41,31,543.1,False,Exterior,DAS-E1,258.5,45.7
TILE_03128,032023134883646,40.8147449,-74.068,AT&T,10.0,16.28,67.2,66,23,543.1,False,Exterior,DAS-E1,258.5,45.7
TILE_03129,032023134565284,40.8147449,-74.068,T-Mobile,47.12,36.62,31.3,66,33,543.1,False,Exterior,DAS-E1,258.5,45.7
TILE_03130,032023179971588,40.814898,-74.08,T-Mobile,169.03,9.54,28.1,46,15,495.9,False,Exterior,DAS-W1,222.1,50.4
TILE_03131,032023163575430,40.814898,-74.08,US Cellular,24.76,5.66,69.4,17,6,495.9,False,Exterior,DAS-W1,222.1,50.4
TILE_03132,032023156925540,40.814898,-74.0797551,Verizon,93.0,2.0,46.8,22,5,475.9,False,Exterior,DAS-W1,205.1,52.4
TILE_03133,032023122845248,40.814898,-74.0797551,T-Mobile,91.93,8.4,32.0,12,8,475.9,False,Exterior,DAS-W1,205.1,52.4
TILE_03134,032023191773854,40.814898,-74.0795102,Verizon,123.48,26.87,38.2,35,22,456.0,False,Exterior,DAS-W1,188.9,54.4
TILE_03135,032023128585269,40.814898,-74.0795102,AT&T,130.4,16.86,50.8,53,27,456.0,False,Exterior,DAS-W1,188.9,54.4
TILE_03136,032023130290398,40.814898,-74.0795102,T-Mobile,142.62,7.63,33.4,35,29,456.0,False,Exterior,DAS-W1,188.9,54.4
TILE_03137,032023150780050,40.814898,-74.0792653,AT&T,72.91,3.63,42.6,23,21,436.2,False,Exterior,DAS-W1,173.6,56.4
TILE_03138,032023156914051,40.814898,-74.0790204,Verizon,72.02,28.48,33.3,47,24,416.4,False,Exterior,DAS-W1,159.6,58.4
TILE_03139,032023186800529,40.814898,-74.0790204,T-Mobile,131.66,30.79,38.5,18,16,416.4,False,Exterior,DAS-W1,159.6,58.4
TILE_03140,032023189541845,40.814898,-74.0787755,Verizon,105.53,6.36,34.0,11,5,396.8,False,Exterior,DAS-W1,147.1,60.3
TILE_03141,032023156908633,40.814898,-74.0787755,T-Mobile,169.98,15.32,34.8,10,4,396.8,False,Exterior,DAS-W1,147.1,60.3
TILE_03142,032023131948414,40.814898,-74.0785306,Verizon,78.87,15.29,42.2,24,9,377.2,False,Exterior,DAS-W1,136.6,62.3
TILE_03143,032023178005820,40.814898,-74.0782857,Verizon,95.46,12.23,33.9,16,14,357.7,False,Exterior,DAS-W1,128.6,64.2
TILE_03144,032023132561579,40.814898,-74.0782857,AT&T,136.4,11.92,42.9,19,9,357.7,False,Exterior,DAS-W1,128.6,64.2
TILE_03145,032023112676219,40.814898,-74.0782857,T-Mobile,195.54,30.87,39.1,29,15,357.7,False,Exterior,DAS-W1,128.6,64.2
TILE_03146,032023114304861,40.814898,-74.0780408,Verizon,118.6,19.53,27.4,140,94,338.5,True,West_Upper,DAS-W1,123.6,75.3
TILE_03147,032023114560077,40.814898,-74.0780408,AT&T,86.94,15.78,43.1,115,101,338.5,True,West_Upper,DAS-W1,123.6,75.3
TILE_03148,032023157485567,40.814898,-74.0777959,Verizon,175.28,12.43,29.0,62,61,319.3,True,West_Upper,DAS-W1,121.9,75.6
TILE_03149,032023192566391,40.814898,-74.0777959,AT&T,31.8,16.69,32.3,116,44,319.3,True,West_Upper,DAS-W1,121.9,75.6
TILE_03150,032023124199057,40.814898,-74.077551,Verizon,154.49,22.84,26.1,261,86,300.4,True,West_Upper,DAS-W1,123.7,75.3
TILE_03151,032023151252898,40.814898,-74.077551,T-Mobile,118.38,15.63,22.9,233,108,300.4,True,West_Upper,DAS-W1,123.7,75.3
TILE_03152,032023157363002,40.814898,-74.0773061,Verizon,118.84,18.47,32.5,212,78,281.7,True,West_Upper,DAS-W1,128.9,74.2
TILE_03153,032023183740155,40.814898,-74.0773061,AT&T,172.09,23.93,31.1,206,66,281.7,True,West_Upper,DAS-W1,128.9,74.2
TILE_03154,032023152283525,40.814898,-74.0773061,T-Mobile,119.4,13.63,23.0,186,102,281.7,True,West_Upper,DAS-W1,128.9,74.2
TILE_03155,032023160176989,40.814898,-74.0773061,US Cellular,77.9,8.46,39.8,19,24,281.7,True,West_Upper,DAS-W1,128.9,74.2
TILE_03156,032023172462591,40.814898,-74.0770612,Verizon,117.11,15.74,33.4,203,153,263.3,True,West_Upper,DAS-N2,125.7,74.9
TILE_03157,032023170370024,40.814898,-74.0770612,AT&T,155.03,20.05,34.3,214,87,263.3,True,West_Upper,DAS-N2,125.7,74.9
TILE_03158,032023129753399,40.814898,-74.0768163,Verizon,152.92,21.35,30.2,169,144,245.3,True,Concourse,DAS-N2,108.7,78.3
TILE_03159,032023185698691,40.814898,-74.0768163,AT&T,84.75,17.2,38.6,159,65,245.3,True,Concourse,DAS-N2,108.7,78.3
TILE_03160,032023135897797,40.814898,-74.0768163,T-Mobile,156.19,21.83,23.8,196,54,245.3,True,Concourse,DAS-N2,108.7,78.3
TILE_03161,032023186160216,40.814898,-74.0768163,US Cellular,79.68,10.88,43.1,35,21,245.3,True,Concourse,DAS-N2,108.7,78.3
TILE_03162,032023152269166,40.814898,-74.0763265,Verizon,245.89,16.66,31.4,195,115,210.7,True,Concourse,DAS-N2,80.3,83.9
TILE_03163,032023132532900,40.814898,-74.0763265,AT&T,197.93,20.49,33.5,114,64,210.7,True,Concourse,DAS-N2,80.3,83.9
TILE_03164,032023169846387,40.814898,-74.0763265,T-Mobile,195.91,43.44,29.1,160,79,210.7,True,Concourse,DAS-N2,80.3,83.9
TILE_03165,032023146454079,40.814898,-74.0760816,Verizon,207.39,32.34,27.2,131,47,194.5,True,Concourse,DAS-N2,71.0,85.8
TILE_03166,032023121376961,40.814898,-74.0760816,AT&T,145.1,14.98,34.4,95,34,194.5,True,Concourse,DAS-N2,71.0,85.8
TILE_03167,032023111111679,40.814898,-74.0760816,T-Mobile,145.07,25.33,21.4,90,36,194.5,True,Concourse,DAS-N2,71.0,85.8
TILE_03168,032023120927555,40.814898,-74.0758367,Verizon,149.43,29.41,40.8,297,145,179.1,True,Concourse,DAS-N2,66.9,86.6
TILE_03169,032023149842840,40.814898,-74.0758367,T-Mobile,155.54,39.69,19.4,235,107,179.1,True,Concourse,DAS-N2,66.9,86.6
TILE_03170,032023140121227,40.814898,-74.0755918,Verizon,230.66,38.18,19.4,160,104,164.8,True,Concourse,DAS-N2,69.1,86.2
TILE_03171,032023110717009,40.814898,-74.0753469,Verizon,189.11,26.83,28.2,118,123,152.1,True,Concourse,DAS-N2,77.0,84.6
TILE_03172,032023173229775,40.814898,-74.075102,Verizon,281.79,23.06,19.5,77,30,141.2,True,Concourse,DAS-N2,89.1,82.2
TILE_03173,032023150862620,40.814898,-74.075102,AT&T,204.11,24.9,39.3,31,31,141.2,True,Concourse,DAS-N2,89.1,82.2
TILE_03174,032023197524978,40.814898,-74.0748571,Verizon,167.83,23.98,34.0,161,57,132.7,True,Concourse,DAS-N1,86.9,82.6
TILE_03175,032023135609019,40.814898,-74.0748571,AT&T,191.18,14.43,22.7,208,46,132.7,True,Concourse,DAS-N1,86.9,82.6
TILE_03176,032023150730158,40.814898,-74.0748571,T-Mobile,255.46,40.27,20.5,185,86,132.7,True,Concourse,DAS-N1,86.9,82.6
TILE_03177,032023122500865,40.814898,-74.0746122,Verizon,225.55,25.9,26.4,123,54,127.0,True,Concourse,DAS-N1,75.4,84.9
TILE_03178,032023132179703,40.814898,-74.0746122,AT&T,227.08,25.13,31.3,126,31,127.0,True,Concourse,DAS-N1,75.4,84.9
TILE_03179,032023177219563,40.814898,-74.0743673,Verizon,191.53,15.22,13.0,298,146,124.5,True,Concourse,DAS-N1,68.3,86.3
TILE_03180,032023191219153,40.814898,-74.0743673,AT&T,179.3,28.76,31.6,270,107,124.5,True,Concourse,DAS-N1,68.3,86.3
TILE_03181,032023127068291,40.814898,-74.0741224,AT&T,169.28,13.98,26.4,140,37,125.4,True,Concourse,DAS-N1,67.2,86.6
TILE_03182,032023153756333,40.814898,-74.0741224,T-Mobile,281.35,36.85,15.1,86,49,125.4,True,Concourse,DAS-N1,67.2,86.6
TILE_03183,032023136005742,40.814898,-74.0738776,Verizon,214.76,30.53,33.9,199,129,129.6,True,Concourse,DAS-N1,72.2,85.6
TILE_03184,032023155100113,40.814898,-74.0738776,T-Mobile,318.81,18.5,15.0,103,77,129.6,True,Concourse,DAS-N1,72.2,85.6
TILE_03185,032023155450228,40.814898,-74.0736327,Verizon,217.18,15.59,22.5,185,56,136.9,True,Concourse,DAS-N1,82.2,83.6
TILE_03186,032023118425110,40.814898,-74.0736327,AT&T,98.79,32.64,37.7,108,40,136.9,True,Concourse,DAS-N1,82.2,83.6
TILE_03187,032023187784027,40.814898,-74.0733878,Verizon,176.68,33.07,26.8,215,51,146.7,True,Concourse,DAS-N1,95.7,80.9
TILE_03188,032023158774994,40.814898,-74.0733878,T-Mobile,199.15,24.15,17.7,76,76,146.7,True,Concourse,DAS-N1,95.7,80.9
TILE_03189,032023189783678,40.814898,-74.0733878,US Cellular,109.13,18.63,46.3,26,19,146.7,True,Concourse,DAS-N1,95.7,80.9
TILE_03190,032023121214948,40.814898,-74.0731429,AT&T,118.94,3.4,38.6,91,82,158.6,True,Concourse,DAS-N1,111.5,77.7
TILE_03191,032023137577131,40.814898,-74.072898,Verizon,121.97,24.98,23.0,34,24,172.2,True,Concourse,DAS-N1,128.6,74.3
TILE_03192,032023158866881,40.814898,-74.072898,AT&T,115.89,24.94,38.3,35,18,172.2,True,Concourse,DAS-N1,128.6,74.3
TILE_03193,032023132936589,40.814898,-74.0726531,US Cellular,78.9,17.36,56.9,40,12,187.1,True,Concourse,DAS-N1,146.6,70.7
TILE_03194,032023163880871,40.814898,-74.0724082,Verizon,148.73,9.85,36.9,115,57,203.0,True,Concourse,DAS-N1,165.3,66.9
TILE_03195,032023197778362,40.814898,-74.0724082,AT&T,103.69,10.73,28.4,92,46,203.0,True,Concourse,DAS-N1,165.3,66.9
TILE_03196,032023144334450,40.814898,-74.0724082,T-Mobile,124.28,26.64,19.8,96,67,203.0,True,Concourse,DAS-N1,165.3,66.9
TILE_03197,032023174765679,40.814898,-74.0724082,US Cellular,79.3,10.85,50.2,19,16,203.0,True,Concourse,DAS-N1,165.3,66.9
TILE_03198,032023140729070,40.814898,-74.0721633,Verizon,129.72,24.48,31.5,147,74,219.7,True,Concourse,DAS-E1,167.6,66.5
TILE_03199,032023123088345,40.814898,-74.0721633,AT&T,113.28,7.16,41.7,167,68,219.7,True,Concourse,DAS-E1,167.6,66.5
TILE_03200,032023188693232,40.814898,-74.0721633,T-Mobile,111.96,32.5,28.1,78,69,219.7,True,Concourse,DAS-E1,167.6,66.5
TILE_03201,032023198815825,40.814898,-74.0719184,Verizon,143.26,25.41,32.7,247,121,237.0,True,Concourse,DAS-E1,154.2,69.2
TILE_03202,032023138280245,40.814898,-74.0719184,AT&T,87.25,8.15,35.1,159,86,237.0,True,Concourse,DAS-E1,154.2,69.2
TILE_03203,032023147945565,40.814898,-74.0719184,T-Mobile,90.37,17.94,19.9,127,76,237.0,True,Concourse,DAS-E1,154.2,69.2
TILE_03204,032023122680718,40.814898,-74.0719184,US Cellular,90.64,3.89,53.5,23,17,237.0,True,Concourse,DAS-E1,154.2,69.2
TILE_03205,032023180213433,40.814898,-74.0716735,AT&T,128.58,20.5,49.2,50,15,254.9,True,Concourse,DAS-E1,142.5,71.5
TILE_03206,032023166906233,40.814898,-74.0716735,T-Mobile,264.5,17.36,23.7,32,13,254.9,True,Concourse,DAS-E1,142.5,71.5
TILE_03207,032023178911800,40.814898,-74.0714286,Verizon,89.35,2.65,34.6,116,69,273.1,True,East_Upper,DAS-E1,133.0,73.4
TILE_03208,032023118318887,40.814898,-74.0714286,AT&T,73.35,6.79,38.9,87,95,273.1,True,East_Upper,DAS-E1,133.0,73.4
TILE_03209,032023199197119,40.814898,-74.0711837,Verizon,107.18,20.32,30.9,28,13,291.6,True,East_Upper,DAS-E1,126.2,74.8
TILE_03210,032023119879570,40.814898,-74.0711837,AT&T,111.95,21.45,37.3,21,10,291.6,True,East_Upper,DAS-E1,126.2,74.8
TILE_03211,032023199791060,40.814898,-74.0709388,Verizon,133.25,26.05,29.1,45,46,310.4,True,East_Upper,DAS-E1,122.5,75.5
TILE_03212,032023130337281,40.814898,-74.0709388,T-Mobile,200.48,47.23,19.8,47,18,310.4,True,East_Upper,DAS-E1,122.5,75.5
TILE_03213,032023130713518,40.814898,-74.0706939,Verizon,97.91,11.79,35.5,91,25,329.5,True,East_Upper,DAS-E1,122.3,75.5
TILE_03214,032023178312899,40.814898,-74.0706939,AT&T,120.65,11.19,35.9,47,19,329.5,True,East_Upper,DAS-E1,122.3,75.5
TILE_03215,032023171532451,40.814898,-74.0706939,T-Mobile,89.82,4.16,23.9,66,17,329.5,True,East_Upper,DAS-E1,122.3,75.5
TILE_03216,032023134065374,40.814898,-74.070449,Verizon,165.62,3.73,30.0,159,59,348.7,True,East_Upper,DAS-E1,125.5,74.9
TILE_03217,032023166694547,40.814898,-74.070449,AT&T,95.59,20.1,38.3,186,72,348.7,True,East_Upper,DAS-E1,125.5,74.9
TILE_03218,032023181929563,40.814898,-74.070449,T-Mobile,107.57,28.73,24.7,107,69,348.7,True,East_Upper,DAS-E1,125.5,74.9
TILE_03219,032023126367840,40.814898,-74.0702041,Verizon,93.1,12.65,43.4,42,32,368.1,False,Exterior,DAS-E1,131.9,63.2
TILE_03220,032023115909189,40.814898,-74.0702041,T-Mobile,109.32,38.0,26.4,26,18,368.1,False,Exterior,DAS-E1,131.9,63.2
TILE_03221,032023190300346,40.814898,-74.0699592,Verizon,171.75,23.59,37.0,52,13,387.6,False,Exterior,DAS-E1,141.1,61.2
TILE_03222,032023120072606,40.814898,-74.0699592,AT&T,98.4,7.51,48.7,25,15,387.6,False,Exterior,DAS-E1,141.1,61.2
TILE_03223,032023149643833,40.814898,-74.0699592,T-Mobile,144.29,5.08,33.3,49,19,387.6,False,Exterior,DAS-E1,141.1,61.2
TILE_03224,032023162134563,40.814898,-74.0699592,US Cellular,88.25,9.82,55.2,8,3,387.6,False,Exterior,DAS-E1,141.1,61.2
TILE_03225,032023181967660,40.814898,-74.0697143,Verizon,101.13,18.94,36.9,18,10,407.2,False,Exterior,DAS-E1,152.5,59.3
TILE_03226,032023131552059,40.814898,-74.0697143,T-Mobile,106.3,24.65,30.9,15,11,407.2,False,Exterior,DAS-E1,152.5,59.3
TILE_03227,032023152606639,40.814898,-74.0692245,Verizon,92.22,26.86,36.3,24,16,446.7,False,Exterior,DAS-E1,180.4,55.3
TILE_03228,032023145315118,40.814898,-74.0692245,AT&T,37.76,2.0,50.3,29,15,446.7,False,Exterior,DAS-E1,180.4,55.3
TILE_03229,032023170910583,40.814898,-74.0689796,AT&T,59.42,4.63,56.6,36,12,466.6,False,Exterior,DAS-E1,196.1,53.3
TILE_03230,032023118917003,40.814898,-74.0689796,T-Mobile,91.57,8.11,36.6,19,11,466.6,False,Exterior,DAS-E1,196.1,53.3
TILE_03231,032023160071668,40.814898,-74.0689796,US Cellular,31.27,4.25,63.8,4,3,466.6,False,Exterior,DAS-E1,196.1,53.3
TILE_03232,032023188304324,40.814898,-74.0687347,Verizon,131.79,11.56,41.2,27,21,486.6,False,Exterior,DAS-E1,212.7,51.3
TILE_03233,032023132989551,40.814898,-74.0687347,AT&T,58.38,4.55,57.4,21,16,486.6,False,Exterior,DAS-E1,212.7,51.3
TILE_03234,032023165007804,40.814898,-74.0687347,T-Mobile,77.75,21.85,33.8,23,11,486.6,False,Exterior,DAS-E1,212.7,51.3
TILE_03235,032023130220083,40.814898,-74.0684898,AT&T,87.15,7.91,51.7,15,7,506.6,False,Exterior,DAS-E1,229.9,49.3
TILE_03236,032023164413404,40.814898,-74.0682449,Verizon,96.54,14.68,50.8,71,28,526.6,False,Exterior,DAS-E1,247.7,47.3
TILE_03237,032023197576896,40.814898,-74.068,Verizon,37.64,2.0,49.0,35,17,546.7,False,Exterior,DAS-E1,265.8,45.3
TILE_03238,032023180973274,40.814898,-74.068,T-Mobile,67.5,24.19,41.9,17,17,546.7,False,Exterior,DAS-E1,265.8,45.3
TILE_03239,032023146782196,40.815051,-74.08,AT&T,49.93,4.42,56.1,4,5,500.5,False,Exterior,DAS-W1,231.8,50.0
TILE_03240,032023188109058,40.815051,-74.08,T-Mobile,113.82,34.68,34.2,10,3,500.5,False,Exterior,DAS-W1,231.8,50.0
TILE_03241,032023180844464,40.815051,-74.0797551,Verizon,46.42,11.65,52.3,30,12,480.7,False,Exterior,DAS-W1,215.7,51.9
TILE_03242,032023149453413,40.815051,-74.0797551,AT&T,89.25,12.18,59.0,21,10,480.7,False,Exterior,DAS-W1,215.7,51.9
TILE_03243,032023185642062,40.815051,-74.0797551,T-Mobile,79.47,3.69,40.7,38,16,480.7,False,Exterior,DAS-W1,215.7,51.9
TILE_03244,032023119703110,40.815051,-74.0795102,Verizon,157.61,6.75,35.1,37,34,461.0,False,Exterior,DAS-W1,200.3,53.9
TILE_03245,032023195845108,40.815051,-74.0795102,US Cellular,10.0,9.46,62.7,9,8,461.0,False,Exterior,DAS-W1,200.3,53.9
TILE_03246,032023126035430,40.815051,-74.0792653,Verizon,99.53,16.72,41.0,21,12,441.3,False,Exterior,DAS-W1,186.0,55.9
TILE_03247,032023177066828,40.815051,-74.0792653,T-Mobile,150.12,2.0,29.2,9,8,441.3,False,Exterior,DAS-W1,186.0,55.9
TILE_03248,032023186515965,40.815051,-74.0790204,Verizon,49.97,11.69,48.0,37,23,421.8,False,Exterior,DAS-W1,172.9,57.8
TILE_03249,032023161460085,40.815051,-74.0787755,Verizon,117.88,20.27,43.1,80,18,402.4,False,Exterior,DAS-W1,161.5,59.8
TILE_03250,032023155785060,40.815051,-74.0785306,Verizon,40.89,10.18,40.3,42,31,383.1,False,Exterior,DAS-W1,152.0,61.7
TILE_03251,032023147273311,40.815051,-74.0785306,AT&T,81.28,16.3,44.8,36,24,383.1,False,Exterior,DAS-W1,152.0,61.7
TILE_03252,032023151821463,40.815051,-74.0785306,T-Mobile,92.79,41.88,30.3,49,26,383.1,False,Exterior,DAS-W1,152.0,61.7
TILE_03253,032023160461052,40.815051,-74.0782857,Verizon,133.2,23.65,29.1,81,37,364.0,False,Exterior,DAS-W1,144.8,63.6
TILE_03254,032023190578488,40.815051,-74.0782857,AT&T,81.18,3.44,46.0,32,31,364.0,False,Exterior,DAS-W1,144.8,63.6
TILE_03255,032023114655010,40.815051,-74.0782857,T-Mobile,79.09,32.29,22.7,44,35,364.0,False,Exterior,DAS-W1,144.8,63.6
TILE_03256,032023172493726,40.815051,-74.0780408,AT&T,103.54,6.8,35.7,103,27,345.1,True,West_Upper,DAS-W1,140.4,71.9
TILE_03257,032023115559338,40.815051,-74.0777959,Verizon,108.98,22.03,28.6,349,145,326.3,True,West_Upper,DAS-W1,138.9,72.2
TILE_03258,032023116557912,40.815051,-74.0777959,AT&T,83.76,19.11,34.5,336,90,326.3,True,West_Upper,DAS-W1,138.9,72.2
TILE_03259,032023155518492,40.815051,-74.077551,AT&T,107.57,18.01,49.8,118,104,307.8,True,West_Upper,DAS-W1,140.5,71.9
TILE_03260,032023167677060,40.815051,-74.0773061,Verizon,68.35,2.0,23.5,152,116,289.6,True,West_Upper,DAS-N2,136.5,72.7
TILE_03261,032023183544930,40.815051,-74.0773061,AT&T,67.06,9.4,35.4,234,82,289.6,True,West_Upper,DAS-N2,136.5,72.7
TILE_03262,032023142851408,40.815051,-74.0773061,T-Mobile,62.97,22.18,23.5,183,111,289.6,True,West_Upper,DAS-N2,136.5,72.7
TILE_03263,032023188445062,40.815051,-74.0770612,Verizon,164.77,19.63,26.0,179,137,271.8,True,West_Upper,DAS-N2,117.5,76.5
TILE_03264,032023124188431,40.815051,-74.0770612,T-Mobile,196.26,12.76,22.5,124,105,271.8,True,West_Upper,DAS-N2,117.5,76.5
TILE_03265,032023141169828,40.815051,-74.0768163,Verizon,157.04,22.93,32.4,71,30,254.4,True,Concourse,DAS-N2,99.2,80.2
TILE_03266,032023136677035,40.815051,-74.0768163,AT&T,163.89,18.05,33.3,32,21,254.4,True,Concourse,DAS-N2,99.2,80.2
TILE_03267,032023110796857,40.815051,-74.0765714,Verizon,192.83,22.42,18.5,91,41,237.5,True,Concourse,DAS-N2,82.0,83.6
TILE_03268,032023163511762,40.815051,-74.0765714,AT&T,120.89,21.46,28.7,36,40,237.5,True,Concourse,DAS-N2,82.0,83.6
TILE_03269,032023177790200,40.815051,-74.0765714,T-Mobile,159.83,28.5,20.4,66,31,237.5,True,Concourse,DAS-N2,82.0,83.6
TILE_03270,032023133481590,40.815051,-74.0763265,Verizon,196.03,27.47,16.6,137,52,221.2,True,Concourse,DAS-N2,66.8,86.6
TILE_03271,032023190955422,40.815051,-74.0763265,AT&T,148.45,22.42,35.9,137,64,221.2,True,Concourse,DAS-N2,66.8,86.6
TILE_03272,032023155303558,40.815051,-74.0763265,T-Mobile,200.91,24.77,15.4,193,91,221.2,True,Concourse,DAS-N2,66.8,86.6
TILE_03273,032023173925977,40.815051,-74.0760816,Verizon,219.29,41.33,31.8,264,97,205.7,True,Concourse,DAS-N2,55.2,89.0
TILE_03274,032023118479445,40.815051,-74.0760816,AT&T,200.63,18.92,31.6,220,72,205.7,True,Concourse,DAS-N2,55.2,89.0
TILE_03275,032023173104838,40.815051,-74.0758367,Verizon,218.47,38.91,31.1,66,57,191.3,True,Concourse,DAS-N2,50.0,90.0
TILE_03276,032023190277613,40.815051,-74.0758367,T-Mobile,247.61,57.95,17.8,82,36,191.3,True,Concourse,DAS-N2,50.0,90.0
TILE_03277,032023114351679,40.815051,-74.0755918,T-Mobile,199.55,39.31,14.2,114,70,178.0,True,Concourse,DAS-N2,52.9,89.4
TILE_03278,032023181924668,40.815051,-74.0753469,Verizon,141.51,25.4,24.9,274,84,166.3,True,Concourse,DAS-N2,62.8,87.4
TILE_03279,032023152604643,40.815051,-74.0753469,AT&T,134.94,19.97,28.1,87,94,166.3,True,Concourse,DAS-N2,62.8,87.4
TILE_03280,032023132961119,40.815051,-74.0753469,T-Mobile,303.75,41.33,14.7,243,94,166.3,True,Concourse,DAS-N2,62.8,87.4
TILE_03281,032023190314744,40.815051,-74.075102,AT&T,101.54,21.81,35.9,135,59,156.4,True,Concourse,DAS-N2,77.2,84.6
TILE_03282,032023137393407,40.815051,-74.075102,T-Mobile,177.53,30.69,16.8,117,54,156.4,True,Concourse,DAS-N2,77.2,84.6
TILE_03283,032023176705758,40.815051,-74.0748571,Verizon,203.37,17.14,20.4,248,91,148.7,True,Concourse,DAS-N1,74.6,85.1
TILE_03284,032023135952673,40.815051,-74.0748571,AT&T,185.72,23.99,30.8,104,124,148.7,True,Concourse,DAS-N1,74.6,85.1
TILE_03285,032023170574776,40.815051,-74.0746122,Verizon,261.1,36.62,14.8,163,150,143.7,True,Concourse,DAS-N1,60.8,87.8
TILE_03286,032023140178860,40.815051,-74.0746122,AT&T,113.89,20.3,32.4,142,63,143.7,True,Concourse,DAS-N1,60.8,87.8
TILE_03287,032023181887094,40.815051,-74.0746122,T-Mobile,284.75,43.18,18.6,156,111,143.7,True,Concourse,DAS-N1,60.8,87.8
TILE_03288,032023121842985,40.815051,-74.0743673,Verizon,209.31,25.07,22.2,193,107,141.5,True,Concourse,DAS-N1,51.8,89.6
TILE_03289,032023195451579,40.815051,-74.0743673,US Cellular,145.12,16.39,34.0,39,23,141.5,True,Concourse,DAS-N1,51.8,89.6
TILE_03290,032023156460280,40.815051,-74.0738776,Verizon,248.12,22.81,37.9,152,49,146.0,True,Concourse,DAS-N1,56.8,88.6
TILE_03291,032023184182225,40.815051,-74.0738776,AT&T,239.46,21.13,20.9,182,53,146.0,True,Concourse,DAS-N1,56.8,88.6
TILE_03292,032023110132857,40.815051,-74.0736327,T-Mobile,303.05,48.61,22.7,94,101,152.5,True,Concourse,DAS-N1,69.1,86.2
TILE_03293,032023172799767,40.815051,-74.0733878,Verizon,198.79,12.96,23.5,266,81,161.4,True,Concourse,DAS-N1,84.7,83.1
TILE_03294,032023129661722,40.815051,-74.0733878,AT&T,158.52,24.48,34.9,159,97,161.4,True,Concourse,DAS-N1,84.7,83.1
TILE_03295,032023170824732,40.815051,-74.0733878,T-Mobile,179.5,50.74,32.9,295,133,161.4,True,Concourse,DAS-N1,84.7,83.1
TILE_03296,032023194011943,40.815051,-74.0731429,Verizon,141.4,18.36,41.5,49,19,172.3,True,Concourse,DAS-N1,102.2,79.6
TILE_03297,032023140629218,40.815051,-74.0731429,AT&T,103.76,13.77,38.9,41,20,172.3,True,Concourse,DAS-N1,102.2,79.6
TILE_03298,032023185764405,40.815051,-74.0731429,US Cellular,105.87,15.19,46.0,7,5,172.3,True,Concourse,DAS-N1,102.2,79.6
TILE_03299,032023136462028,40.815051,-74.072898,Verizon,119.77,15.52,26.3,189,55,184.9,True,Concourse,DAS-N1,120.6,75.9
TILE_03300,032023167939592,40.815051,-74.072898,AT&T,65.68,13.63,39.5,93,58,184.9,True,Concourse,DAS-N1,120.6,75.9
TILE_03301,032023162583182,40.815051,-74.072898,T-Mobile,117.34,28.26,27.3,64,56,184.9,True,Concourse,DAS-N1,120.6,75.9
TILE_03302,032023174354303,40.815051,-74.072898,US Cellular,64.36,11.26,43.0,21,12,184.9,True,Concourse,DAS-N1,120.6,75.9
TILE_03303,032023185565421,40.815051,-74.0726531,Verizon,166.91,7.24,23.9,220,73,198.8,True,Concourse,DAS-N1,139.7,72.1
TILE_03304,032023124691278,40.815051,-74.0726531,T-Mobile,130.82,15.85,30.6,137,91,198.8,True,Concourse,DAS-N1,139.7,72.1
TILE_03305,032023150837728,40.815051,-74.0724082,Verizon,132.63,24.27,32.6,57,26,213.9,True,Concourse,DAS-N1,159.2,68.2
TILE_03306,032023141115106,40.815051,-74.0724082,AT&T,100.92,9.72,40.5,76,38,213.9,True,Concourse,DAS-N1,159.2,68.2
TILE_03307,032023186359743,40.815051,-74.0724082,T-Mobile,170.24,23.04,22.2,36,34,213.9,True,Concourse,DAS-N1,159.2,68.2
TILE_03308,032023175835292,40.815051,-74.0721633,Verizon,166.69,16.63,41.2,161,122,229.8,True,Concourse,DAS-N1,178.9,64.2
TILE_03309,032023176415488,40.815051,-74.0716735,Verizon,68.95,33.49,35.2,39,16,263.6,True,Concourse,DAS-E1,157.3,68.5
TILE_03310,032023191419711,40.815051,-74.0716735,AT&T,138.54,19.58,45.2,18,18,263.6,True,Concourse,DAS-E1,157.3,68.5
TILE_03311,032023158880011,40.815051,-74.0714286,Verizon,78.99,18.68,28.3,35,12,281.2,True,East_Upper,DAS-E1,148.7,70.3
TILE_03312,032023127391741,40.815051,-74.0714286,AT&T,107.85,13.68,44.0,30,12,281.2,True,East_Upper,DAS-E1,148.7,70.3
TILE_03313,032023164180295,40.815051,-74.0711837,Verizon,103.37,10.3,34.9,276,89,299.3,True,East_Upper,DAS-E1,142.6,71.5
TILE_03314,032023142260076,40.815051,-74.0709388,AT&T,117.07,21.13,35.5,150,53,317.6,True,East_Upper,DAS-E1,139.4,72.1
TILE_03315,032023139071642,40.815051,-74.0706939,AT&T,103.43,10.3,38.3,141,87,336.3,True,East_Upper,DAS-E1,139.2,72.2
TILE_03316,032023187624956,40.815051,-74.0706939,T-Mobile,63.26,10.86,27.0,119,76,336.3,True,East_Upper,DAS-E1,139.2,72.2
TILE_03317,032023180519512,40.815051,-74.070449,Verizon,124.55,14.64,31.0,262,86,355.1,True,East_Upper,DAS-E1,142.0,71.6
TILE_03318,032023136075896,40.815051,-74.070449,T-Mobile,102.49,23.84,28.7,249,118,355.1,True,East_Upper,DAS-E1,142.0,71.6
TILE_03319,032023116736913,40.815051,-74.0702041,Verizon,170.46,11.6,33.9,52,18,374.2,False,Exterior,DAS-E1,147.7,62.6
TILE_03320,032023140706064,40.815051,-74.0702041,AT&T,190.65,12.28,36.6,59,29,374.2,False,Exterior,DAS-E1,147.7,62.6
TILE_03321,032023167194874,40.815051,-74.0702041,T-Mobile,168.94,21.07,34.5,25,17,374.2,False,Exterior,DAS-E1,147.7,62.6
TILE_03322,032023126991597,40.815051,-74.0699592,Verizon,116.51,19.8,38.9,54,34,393.4,False,Exterior,DAS-E1,156.0,60.7
TILE_03323,032023123362596,40.815051,-74.0699592,AT&T,135.49,15.88,34.0,55,14,393.4,False,Exterior,DAS-E1,156.0,60.7
TILE_03324,032023184975897,40.815051,-74.0699592,T-Mobile,62.37,32.39,27.5,23,21,393.4,False,Exterior,DAS-E1,156.0,60.7
TILE_03325,032023194279153,40.815051,-74.0699592,US Cellular,85.6,2.0,48.4,15,3,393.4,False,Exterior,DAS-E1,156.0,60.7
TILE_03326,032023175730403,40.815051,-74.0697143,Verizon,97.24,21.82,29.2,69,25,412.7,False,Exterior,DAS-E1,166.4,58.7
TILE_03327,032023116841308,40.815051,-74.0697143,AT&T,111.26,14.83,37.2,26,13,412.7,False,Exterior,DAS-E1,166.4,58.7
TILE_03328,032023130817567,40.815051,-74.0697143,US Cellular,71.09,2.6,55.8,13,3,412.7,False,Exterior,DAS-E1,166.4,58.7
TILE_03329,032023138370976,40.815051,-74.0694694,AT&T,61.86,12.56,40.6,20,20,432.2,False,Exterior,DAS-E1,178.6,56.8
TILE_03330,032023180585698,40.815051,-74.0694694,US Cellular,64.36,11.31,58.7,10,5,432.2,False,Exterior,DAS-E1,178.6,56.8
TILE_03331,032023182410062,40.815051,-74.0692245,AT&T,49.08,21.01,40.9,25,9,451.8,False,Exterior,DAS-E1,192.3,54.8
TILE_03332,032023141837266,40.815051,-74.0689796,Verizon,54.7,7.83,40.5,38,37,471.4,False,Exterior,DAS-E1,207.1,52.9
TILE_03333,032023172686332,40.815051,-74.0689796,AT&T,59.83,18.53,45.6,45,33,471.4,False,Exterior,DAS-E1,207.1,52.9
TILE_03334,032023135226109,40.815051,-74.0689796,T-Mobile,162.3,33.99,31.6,45,15,471.4,False,Exterior,DAS-E1,207.1,52.9
TILE_03335,032023187575274,40.815051,-74.0687347,Verizon,152.18,14.45,47.1,22,7,491.2,False,Exterior,DAS-E1,222.9,50.9
TILE_03336,032023172895991,40.815051,-74.0687347,AT&T,89.64,2.44,53.2,13,12,491.2,False,Exterior,DAS-E1,222.9,50.9
TILE_03337,032023141029770,40.815051,-74.0684898,T-Mobile,118.28,16.98,27.7,11,12,511.0,False,Exterior,DAS-E1,239.4,48.9
TILE_03338,032023128065844,40.815051,-74.0682449,Verizon,12.3,10.02,49.4,43,31,530.9,False,Exterior,DAS-E1,256.5,46.9
TILE_03339,032023147363072,40.815051,-74.068,T-Mobile,157.84,25.11,42.9,48,28,550.8,False,Exterior,DAS-E1,274.1,44.9
TILE_03340,032023137727611,40.8152041,-74.08,AT&T,100.12,2.0,46.9,20,13,505.5,False,Exterior,DAS-W1,242.4,49.4
TILE_03341,032023169763634,40.8152041,-74.08,T-Mobile,80.78,2.0,38.7,38,24,505.5,False,Exterior,DAS-W1,242.4,49.4
TILE_03342,032023121677305,40.8152041,-74.0797551,AT&T,76.75,8.94,55.9,13,7,485.9,False,Exterior,DAS-W1,227.0,51.4
TILE_03343,032023187057310,40.8152041,-74.0795102,AT&T,109.44,10.47,50.8,86,26,466.5,False,Exterior,DAS-W1,212.4,53.4
TILE_03344,032023110502359,40.8152041,-74.0792653,Verizon,81.96,26.0,35.7,55,26,447.1,False,Exterior,DAS-W1,199.0,55.3
TILE_03345,032023191111358,40.8152041,-74.0790204,Verizon,114.97,30.63,29.5,21,12,427.8,False,Exterior,DAS-W1,186.9,57.2
TILE_03346,032023170061196,40.8152041,-74.0790204,T-Mobile,85.41,28.13,29.8,17,15,427.8,False,Exterior,DAS-W1,186.9,57.2
TILE_03347,032023193680363,40.8152041,-74.0787755,Verizon,147.65,14.7,33.7,55,39,408.7,False,Exterior,DAS-W1,176.3,59.1
TILE_03348,032023165293477,40.8152041,-74.0787755,AT&T,96.91,14.4,50.5,46,29,408.7,False,Exterior,DAS-W1,176.3,59.1
TILE_03349,032023151408737,40.8152041,-74.0787755,T-Mobile,155.58,10.41,34.0,57,22,408.7,False,Exterior,DAS-W1,176.3,59.1
TILE_03350,032023135177713,40.8152041,-74.0785306,AT&T,98.82,9.0,51.1,33,19,389.7,False,Exterior,DAS-W1,167.7,61.0
TILE_03351,032023195579129,40.8152041,-74.0782857,Verizon,182.56,13.7,30.1,54,33,370.9,False,Exterior,DAS-W1,161.2,62.9
TILE_03352,032023183253258,40.8152041,-74.0782857,AT&T,88.57,18.58,38.7,60,30,370.9,False,Exterior,DAS-W1,161.2,62.9
TILE_03353,032023145091093,40.8152041,-74.0782857,T-Mobile,201.38,18.65,32.0,51,21,370.9,False,Exterior,DAS-W1,161.2,62.9
TILE_03354,032023115278255,40.8152041,-74.0780408,Verizon,114.51,12.99,33.6,124,86,352.4,True,Concourse,DAS-W1,157.2,68.6
TILE_03355,032023198441446,40.8152041,-74.0777959,Verizon,30.06,2.0,24.6,95,55,334.0,True,Concourse,DAS-W1,155.9,68.8
TILE_03356,032023127891882,40.8152041,-74.0777959,T-Mobile,232.12,43.4,24.2,115,80,334.0,True,Concourse,DAS-W1,155.9,68.8
TILE_03357,032023167137989,40.8152041,-74.0777959,US Cellular,55.9,15.92,51.9,45,17,334.0,True,Concourse,DAS-W1,155.9,68.8
TILE_03358,032023177352517,40.8152041,-74.077551,Verizon,86.18,22.73,35.8,61,29,316.0,True,Concourse,DAS-N2,151.3,69.7
TILE_03359,032023110806638,40.8152041,-74.077551,T-Mobile,191.68,29.32,19.6,43,25,316.0,True,Concourse,DAS-N2,151.3,69.7
TILE_03360,032023149472254,40.8152041,-74.0773061,AT&T,160.98,9.1,34.5,85,35,298.3,True,Concourse,DAS-N2,131.3,73.7
TILE_03361,032023153249397,40.8152041,-74.0773061,T-Mobile,101.28,13.56,30.7,107,30,298.3,True,Concourse,DAS-N2,131.3,73.7
TILE_03362,032023125492845,40.8152041,-74.0770612,AT&T,142.93,5.46,32.0,73,34,281.0,True,Concourse,DAS-N2,111.4,77.7
TILE_03363,032023178882939,40.8152041,-74.0768163,Verizon,212.55,21.69,20.2,281,102,264.2,True,North_Upper,DAS-N2,91.8,81.6
TILE_03364,032023191153030,40.8152041,-74.0765714,Verizon,208.14,28.88,27.2,52,39,248.0,True,North_Upper,DAS-N2,72.9,85.4
TILE_03365,032023194246136,40.8152041,-74.0765714,AT&T,141.7,13.6,40.7,51,18,248.0,True,North_Upper,DAS-N2,72.9,85.4
TILE_03366,032023131297026,40.8152041,-74.0765714,T-Mobile,231.28,39.06,23.8,39,28,248.0,True,North_Upper,DAS-N2,72.9,85.4
TILE_03367,032023148293442,40.8152041,-74.0763265,AT&T,167.01,22.03,32.1,68,38,232.4,True,North_Upper,DAS-N2,55.3,88.9
TILE_03368,032023149426978,40.8152041,-74.0763265,T-Mobile,223.89,45.67,16.6,121,30,232.4,True,North_Upper,DAS-N2,55.3,88.9
TILE_03369,032023115524281,40.8152041,-74.0763265,US Cellular,147.7,15.24,36.8,32,9,232.4,True,North_Upper,DAS-N2,55.3,88.9
TILE_03370,032023151846316,40.8152041,-74.0760816,Verizon,290.24,32.11,31.8,183,83,217.8,True,North_Upper,DAS-N2,40.6,91.9
TILE_03371,032023191834320,40.8152041,-74.0760816,T-Mobile,132.31,49.47,11.1,114,41,217.8,True,North_Upper,DAS-N2,40.6,91.9
TILE_03372,032023139912011,40.8152041,-74.0758367,AT&T,147.57,16.87,30.1,166,91,204.1,True,North_Upper,DAS-N2,33.0,93.4
TILE_03373,032023135857574,40.8152041,-74.0755918,Verizon,196.31,26.72,26.1,79,20,191.8,True,North_Upper,DAS-N2,37.3,92.5
TILE_03374,032023110085617,40.8152041,-74.0755918,T-Mobile,271.46,45.27,17.3,42,26,191.8,True,North_Upper,DAS-N2,37.3,92.5
TILE_03375,032023199574325,40.8152041,-74.075102,Verizon,248.4,40.75,18.4,127,85,171.9,True,North_Upper,DAS-N2,67.4,86.5
TILE_03376,032023179933625,40.8152041,-74.075102,AT&T,109.31,21.45,23.8,103,55,171.9,True,North_Upper,DAS-N2,67.4,86.5
TILE_03377,032023187915318,40.8152041,-74.075102,US Cellular,96.75,16.41,45.6,14,16,171.9,True,North_Upper,DAS-N2,67.4,86.5
TILE_03378,032023135414128,40.8152041,-74.0748571,Verizon,177.89,29.01,21.2,149,56,165.0,True,North_Upper,DAS-N1,64.5,87.1
TILE_03379,032023176970084,40.8152041,-74.0748571,T-Mobile,270.06,54.03,30.3,89,60,165.0,True,North_Upper,DAS-N1,64.5,87.1
TILE_03380,032023190623295,40.8152041,-74.0746122,Verizon,258.56,26.25,21.8,86,64,160.4,True,North_Upper,DAS-N1,47.8,90.4
TILE_03381,032023179146937,40.8152041,-74.0746122,AT&T,191.02,22.74,36.8,199,58,160.4,True,North_Upper,DAS-N1,47.8,90.4
TILE_03382,032023120267460,40.8152041,-74.0743673,Verizon,214.86,27.47,13.2,149,38,158.4,True,North_Upper,DAS-N1,35.8,92.8
TILE_03383,032023154033392,40.8152041,-74.0743673,AT&T,178.18,27.19,32.2,90,53,158.4,True,North_Upper,DAS-N1,35.8,92.8
TILE_03384,032023134499827,40.8152041,-74.0743673,T-Mobile,220.92,42.67,24.5,93,54,158.4,True,North_Upper,DAS-N1,35.8,92.8
TILE_03385,032023155097708,40.8152041,-74.0743673,US Cellular,117.04,7.16,43.7,29,11,158.4,True,North_Upper,DAS-N1,35.8,92.8
TILE_03386,032023196953858,40.8152041,-74.0741224,Verizon,201.12,34.2,32.4,132,63,159.2,True,North_Upper,DAS-N1,33.5,93.3
TILE_03387,032023170986432,40.8152041,-74.0738776,Verizon,145.32,31.09,22.4,195,117,162.5,True,North_Upper,DAS-N1,42.7,91.5
TILE_03388,032023116739010,40.8152041,-74.0738776,AT&T,200.82,26.94,31.4,101,70,162.5,True,North_Upper,DAS-N1,42.7,91.5
TILE_03389,032023156674798,40.8152041,-74.0738776,T-Mobile,161.17,37.48,22.9,225,60,162.5,True,North_Upper,DAS-N1,42.7,91.5
TILE_03390,032023188024001,40.8152041,-74.0736327,Verizon,199.53,26.74,19.1,53,57,168.4,True,North_Upper,DAS-N1,58.1,88.4
TILE_03391,032023171798872,40.8152041,-74.0736327,AT&T,164.7,13.36,33.6,111,26,168.4,True,North_Upper,DAS-N1,58.1,88.4
TILE_03392,032023161216797,40.8152041,-74.0731429,Verizon,161.46,26.11,34.8,144,74,186.5,True,North_Upper,DAS-N1,95.1,81.0
TILE_03393,032023123666173,40.8152041,-74.0731429,T-Mobile,163.47,35.65,23.6,75,47,186.5,True,North_Upper,DAS-N1,95.1,81.0
TILE_03394,032023162962125,40.8152041,-74.0726531,Verizon,100.95,11.24,28.3,211,69,211.2,True,North_Upper,DAS-N1,134.6,73.1
TILE_03395,032023141968668,40.8152041,-74.0726531,AT&T,76.72,9.65,33.0,219,90,211.2,True,North_Upper,DAS-N1,134.6,73.1
TILE_03396,032023151578935,40.8152041,-74.0726531,T-Mobile,185.86,16.78,22.8,185,68,211.2,True,North_Upper,DAS-N1,134.6,73.1
TILE_03397,032023137990157,40.8152041,-74.0724082,Verizon,83.37,8.69,34.1,48,30,225.4,True,North_Upper,DAS-N1,154.7,69.1
TILE_03398,032023197098357,40.8152041,-74.0724082,AT&T,128.6,14.05,42.1,55,23,225.4,True,North_Upper,DAS-N1,154.7,69.1
TILE_03399,032023153798776,40.8152041,-74.0721633,AT&T,66.98,23.3,49.0,65,50,240.6,True,North_Upper,DAS-N1,175.0,65.0
TILE_03400,032023199564564,40.8152041,-74.0721633,T-Mobile,123.64,19.01,35.8,100,51,240.6,True,North_Upper,DAS-N1,175.0,65.0
TILE_03401,032023129701747,40.8152041,-74.0719184,Verizon,109.68,2.0,31.1,153,87,256.5,True,North_Upper,DAS-E1,182.3,63.5
TILE_03402,032023165409168,40.8152041,-74.0719184,AT&T,127.76,16.2,47.3,63,55,256.5,True,North_Upper,DAS-E1,182.3,63.5
TILE_03403,032023127416486,40.8152041,-74.0716735,AT&T,125.34,14.28,49.3,37,13,273.1,True,North_Upper,DAS-E1,172.5,65.5
TILE_03404,032023181709958,40.8152041,-74.0714286,Verizon,85.99,9.79,23.9,226,117,290.1,True,Concourse,DAS-E1,164.7,67.1
TILE_03405,032023195861688,40.8152041,-74.0714286,AT&T,126.97,16.12,37.3,266,139,290.1,True,Concourse,DAS-E1,164.7,67.1
TILE_03406,032023110651406,40.8152041,-74.0711837,T-Mobile,135.63,26.08,25.6,106,63,307.7,True,Concourse,DAS-E1,159.2,68.2
TILE_03407,032023174336326,40.8152041,-74.0709388,Verizon,150.46,27.29,33.7,110,27,325.5,True,Concourse,DAS-E1,156.4,68.7
TILE_03408,032023176550797,40.8152041,-74.0709388,AT&T,111.91,12.89,42.9,57,27,325.5,True,Concourse,DAS-E1,156.4,68.7
TILE_03409,032023180678437,40.8152041,-74.0706939,AT&T,109.3,2.0,40.2,165,50,343.7,True,Concourse,DAS-E1,156.2,68.8
TILE_03410,032023155808960,40.8152041,-74.0706939,T-Mobile,173.12,8.98,23.8,122,61,343.7,True,Concourse,DAS-E1,156.2,68.8
TILE_03411,032023111329693,40.8152041,-74.070449,Verizon,88.46,26.64,26.7,49,36,362.2,True,Concourse,DAS-E1,158.7,68.3
TILE_03412,032023121338959,40.8152041,-74.070449,AT&T,123.1,3.47,40.9,52,15,362.2,True,Concourse,DAS-E1,158.7,68.3
TILE_03413,032023142969801,40.8152041,-74.070449,T-Mobile,190.29,23.17,30.6,68,20,362.2,True,Concourse,DAS-E1,158.7,68.3
TILE_03414,032023192354262,40.8152041,-74.0702041,Verizon,117.11,35.21,39.3,39,24,380.9,False,Exterior,DAS-E1,163.8,61.9
TILE_03415,032023182688936,40.8152041,-74.0702041,AT&T,101.45,7.44,47.9,68,29,380.9,False,Exterior,DAS-E1,163.8,61.9
TILE_03416,032023140563082,40.8152041,-74.0702041,T-Mobile,127.18,18.04,34.1,34,15,380.9,False,Exterior,DAS-E1,163.8,61.9
TILE_03417,032023174035654,40.8152041,-74.0699592,AT&T,84.45,14.51,53.0,62,19,399.8,False,Exterior,DAS-E1,171.3,60.0
TILE_03418,032023116060149,40.8152041,-74.0699592,T-Mobile,126.5,31.48,41.1,28,20,399.8,False,Exterior,DAS-E1,171.3,60.0
TILE_03419,032023188064152,40.8152041,-74.0697143,Verizon,138.16,2.0,39.3,35,13,418.8,False,Exterior,DAS-E1,180.8,58.1
TILE_03420,032023152636495,40.8152041,-74.0697143,AT&T,58.05,2.0,46.2,25,16,418.8,False,Exterior,DAS-E1,180.8,58.1
TILE_03421,032023113453051,40.8152041,-74.0697143,T-Mobile,132.23,38.18,28.9,30,12,418.8,False,Exterior,DAS-E1,180.8,58.1
TILE_03422,032023128554537,40.8152041,-74.0694694,AT&T,98.19,20.53,47.5,28,25,438.0,False,Exterior,DAS-E1,192.1,56.2
TILE_03423,032023127311625,40.8152041,-74.0694694,T-Mobile,84.93,19.21,28.5,39,16,438.0,False,Exterior,DAS-E1,192.1,56.2
TILE_03424,032023119020068,40.8152041,-74.0694694,US Cellular,10.0,13.88,72.5,11,6,438.0,False,Exterior,DAS-E1,192.1,56.2
TILE_03425,032023116299469,40.8152041,-74.0692245,Verizon,96.41,19.48,32.7,18,6,457.4,False,Exterior,DAS-E1,204.9,54.3
TILE_03426,032023147565458,40.8152041,-74.0689796,T-Mobile,193.53,25.71,29.5,56,16,476.8,False,Exterior,DAS-E1,218.9,52.3
TILE_03427,032023185485617,40.8152041,-74.0687347,Verizon,53.97,14.56,46.1,82,47,496.3,False,Exterior,DAS-E1,233.8,50.4
TILE_03428,032023142889157,40.8152041,-74.0687347,AT&T,60.85,21.27,60.6,46,18,496.3,False,Exterior,DAS-E1,233.8,50.4
TILE_03429,032023180901785,40.8152041,-74.0687347,T-Mobile,155.38,22.41,43.0,69,32,496.3,False,Exterior,DAS-E1,233.8,50.4
TILE_03430,032023194718993,40.8152041,-74.0684898,AT&T,62.53,16.37,65.8,24,8,516.0,False,Exterior,DAS-E1,249.6,48.4
TILE_03431,032023116084437,40.8152041,-74.0684898,T-Mobile,146.8,20.23,34.3,19,14,516.0,False,Exterior,DAS-E1,249.6,48.4
TILE_03432,032023166387267,40.8152041,-74.0682449,Verizon,87.94,3.46,40.9,12,4,535.7,False,Exterior,DAS-E1,266.1,46.4
TILE_03433,032023155450515,40.8152041,-74.0682449,T-Mobile,123.32,18.6,32.9,15,4,535.7,False,Exterior,DAS-E1,266.1,46.4
TILE_03434,032023116029362,40.8152041,-74.068,Verizon,93.14,22.82,49.9,61,16,555.4,False,Exterior,DAS-E1,283.1,44.5
TILE_03435,032023113805896,40.8153571,-74.08,AT&T,115.98,2.0,56.8,12,5,511.1,False,Exterior,DAS-W1,253.7,48.9
TILE_03436,032023126258209,40.8153571,-74.08,T-Mobile,141.45,27.91,38.1,14,6,511.1,False,Exterior,DAS-W1,253.7,48.9
TILE_03437,032023135723727,40.8153571,-74.08,US Cellular,34.78,11.81,74.8,2,1,511.1,False,Exterior,DAS-W1,253.7,48.9
TILE_03438,032023162103214,40.8153571,-74.0797551,Verizon,105.28,2.95,37.7,19,13,491.7,False,Exterior,DAS-W1,239.0,50.8
TILE_03439,032023129494662,40.8153571,-74.0797551,US Cellular,76.56,5.25,77.0,7,2,491.7,False,Exterior,DAS-W1,239.0,50.8
TILE_03440,032023117148155,40.8153571,-74.0795102,AT&T,19.21,9.79,51.6,34,12,472.5,False,Exterior,DAS-W1,225.2,52.8
TILE_03441,032023161786436,40.8153571,-74.0795102,T-Mobile,79.16,28.35,34.8,17,14,472.5,False,Exterior,DAS-W1,225.2,52.8
TILE_03442,032023141991934,40.8153571,-74.0792653,T-Mobile,52.9,39.36,35.5,33,28,453.4,False,Exterior,DAS-W1,212.6,54.7
TILE_03443,032023131298178,40.8153571,-74.0790204,AT&T,102.49,2.0,44.2,42,16,434.4,False,Exterior,DAS-W1,201.3,56.6
TILE_03444,032023181268603,40.8153571,-74.0790204,T-Mobile,216.09,33.75,24.6,22,15,434.4,False,Exterior,DAS-W1,201.3,56.6
TILE_03445,032023121936644,40.8153571,-74.0787755,Verizon,120.04,17.44,39.3,77,28,415.6,False,Exterior,DAS-W1,191.5,58.4
TILE_03446,032023176161102,40.8153571,-74.0787755,AT&T,19.37,18.53,53.7,46,18,415.6,False,Exterior,DAS-W1,191.5,58.4
TILE_03447,032023173455523,40.8153571,-74.0787755,T-Mobile,20.34,7.26,23.8,33,17,415.6,False,Exterior,DAS-W1,191.5,58.4
TILE_03448,032023152105735,40.8153571,-74.0785306,Verizon,79.26,22.73,30.4,21,6,396.9,False,Exterior,DAS-W1,183.6,60.3
TILE_03449,032023185809971,40.8153571,-74.0785306,AT&T,37.64,16.79,34.5,12,8,396.9,False,Exterior,DAS-W1,183.6,60.3
TILE_03450,032023150154832,40.8153571,-74.0785306,T-Mobile,166.96,31.72,30.3,17,6,396.9,False,Exterior,DAS-W1,183.6,60.3
TILE_03451,032023167585448,40.8153571,-74.0782857,Verizon,93.39,17.74,40.8,26,14,378.5,False,Exterior,DAS-W1,177.7,62.1
TILE_03452,032023173266427,40.8153571,-74.0782857,AT&T,95.37,18.92,53.2,12,11,378.5,False,Exterior,DAS-W1,177.7,62.1
TILE_03453,032023175177468,40.8153571,-74.0777959,Verizon,144.8,18.69,38.2,90,87,342.4,True,Concourse,DAS-N2,169.1,66.2
TILE_03454,032023175913344,40.8153571,-74.0777959,T-Mobile,142.57,40.24,28.2,102,39,342.4,True,Concourse,DAS-N2,169.1,66.2
TILE_03455,032023129908218,40.8153571,-74.077551,T-Mobile,211.99,18.99,22.2,39,16,324.8,True,Concourse,DAS-N2,148.6,70.3
TILE_03456,032023167270433,40.8153571,-74.0773061,AT&T,80.63,22.63,36.1,240,133,307.7,True,Concourse,DAS-N2,128.1,74.4
TILE_03457,032023170641770,40.8153571,-74.0770612,Verizon,99.6,29.3,36.0,188,44,290.9,True,Concourse,DAS-N2,107.6,78.5
TILE_03458,032023159569560,40.8153571,-74.0770612,AT&T,150.68,28.25,37.5,146,74,290.9,True,Concourse,DAS-N2,107.6,78.5
TILE_03459,032023125895675,40.8153571,-74.0770612,T-Mobile,168.44,17.61,17.1,110,70,290.9,True,Concourse,DAS-N2,107.6,78.5
TILE_03460,032023122186625,40.8153571,-74.0768163,T-Mobile,214.56,38.22,18.7,154,90,274.7,True,North_Upper,DAS-N2,87.2,82.6
TILE_03461,032023195139514,40.8153571,-74.0765714,Verizon,165.8,16.89,23.6,91,73,259.1,True,North_Upper,DAS-N2,67.0,86.6
TILE_03462,032023183427285,40.8153571,-74.0765714,AT&T,155.2,12.69,25.2,67,36,259.1,True,North_Upper,DAS-N2,67.0,86.6
TILE_03463,032023143807666,40.8153571,-74.0765714,T-Mobile,235.93,29.97,22.9,151,68,259.1,True,North_Upper,DAS-N2,67.0,86.6
TILE_03464,032023172278887,40.8153571,-74.0763265,T-Mobile,226.79,45.07,15.6,126,50,244.3,True,North_Upper,DAS-N2,47.2,90.6
TILE_03465,032023130965700,40.8153571,-74.0763265,US Cellular,78.93,16.75,45.7,26,13,244.3,True,North_Upper,DAS-N2,47.2,90.6
TILE_03466,032023153565462,40.8153571,-74.0760816,Verizon,215.59,44.08,34.1,360,85,230.4,True,North_Upper,DAS-N2,28.6,94.3
TILE_03467,032023149207380,40.8153571,-74.0760816,AT&T,166.11,19.04,33.2,109,65,230.4,True,North_Upper,DAS-N2,28.6,94.3
TILE_03468,032023188320358,40.8153571,-74.0758367,AT&T,148.99,25.91,24.9,91,71,217.6,True,North_Upper,DAS-N2,16.2,96.8
TILE_03469,032023187494870,40.8153571,-74.0758367,T-Mobile,203.17,48.71,25.8,82,57,217.6,True,North_Upper,DAS-N2,16.2,96.8
TILE_03470,032023184622513,40.8153571,-74.0758367,US Cellular,141.81,10.59,33.0,42,12,217.6,True,North_Upper,DAS-N2,16.2,96.8
TILE_03471,032023149163187,40.8153571,-74.0755918,Verizon,207.53,42.58,12.4,92,68,206.0,True,North_Upper,DAS-N2,23.7,95.3
TILE_03472,032023183462669,40.8153571,-74.0753469,Verizon,254.17,30.95,17.4,403,128,196.0,True,North_Upper,DAS-N2,41.4,91.7
TILE_03473,032023149261572,40.8153571,-74.075102,Verizon,188.82,18.14,21.4,47,28,187.7,True,North_Upper,DAS-N2,61.0,87.8
TILE_03474,032023174687985,40.8153571,-74.075102,T-Mobile,233.95,36.59,22.7,33,34,187.7,True,North_Upper,DAS-N2,61.0,87.8
TILE_03475,032023113722640,40.8153571,-74.0748571,Verizon,128.02,22.96,22.5,322,70,181.3,True,North_Upper,DAS-N1,57.7,88.5
TILE_03476,032023135877961,40.8153571,-74.0748571,T-Mobile,216.62,34.15,19.8,158,111,181.3,True,North_Upper,DAS-N1,57.7,88.5
TILE_03477,032023156018470,40.8153571,-74.0748571,US Cellular,125.58,9.52,46.2,38,26,181.3,True,North_Upper,DAS-N1,57.7,88.5
TILE_03478,032023196993136,40.8153571,-74.0746122,Verizon,221.35,9.85,33.6,232,132,177.2,True,North_Upper,DAS-N1,38.2,92.4
TILE_03479,032023185607012,40.8153571,-74.0743673,Verizon,156.97,45.95,25.6,248,75,175.4,True,North_Upper,DAS-N1,21.2,95.8
TILE_03480,032023116592182,40.8153571,-74.0743673,AT&T,213.84,32.76,33.7,115,64,175.4,True,North_Upper,DAS-N1,21.2,95.8
TILE_03481,032023167597131,40.8153571,-74.0741224,Verizon,233.82,33.09,26.3,293,185,176.1,True,North_Upper,DAS-N1,17.2,96.6
TILE_03482,032023185790064,40.8153571,-74.0738776,Verizon,253.26,38.65,17.1,84,34,179.1,True,North_Upper,DAS-N1,31.5,93.7
TILE_03483,032023167675230,40.8153571,-74.0738776,AT&T,199.11,9.33,33.2,74,22,179.1,True,North_Upper,DAS-N1,31.5,93.7
TILE_03484,032023113227922,40.8153571,-74.0736327,Verizon,215.13,40.66,22.1,83,26,184.4,True,North_Upper,DAS-N1,50.4,89.9
TILE_03485,032023171229227,40.8153571,-74.0736327,AT&T,161.78,11.83,32.4,64,34,184.4,True,North_Upper,DAS-N1,50.4,89.9
TILE_03486,032023192717014,40.8153571,-74.0733878,Verizon,174.68,44.9,30.9,146,60,191.9,True,North_Upper,DAS-N1,70.3,85.9
TILE_03487,032023114480532,40.8153571,-74.0733878,T-Mobile,265.25,39.47,23.5,179,92,191.9,True,North_Upper,DAS-N1,70.3,85.9
TILE_03488,032023127352985,40.8153571,-74.0731429,Verizon,169.85,37.53,22.7,111,117,201.1,True,North_Upper,DAS-N1,90.6,81.9
TILE_03489,032023161421249,40.8153571,-74.0731429,T-Mobile,205.57,41.17,20.4,139,54,201.1,True,North_Upper,DAS-N1,90.6,81.9
TILE_03490,032023161977809,40.8153571,-74.072898,Verizon,89.18,16.56,24.7,45,26,212.0,True,North_Upper,DAS-N1,111.0,77.8
TILE_03491,032023111544597,40.8153571,-74.072898,AT&T,89.56,18.72,38.9,23,14,212.0,True,North_Upper,DAS-N1,111.0,77.8
TILE_03492,032023137533565,40.8153571,-74.072898,T-Mobile,167.22,19.91,25.0,24,23,212.0,True,North_Upper,DAS-N1,111.0,77.8
TILE_03493,032023190128942,40.8153571,-74.0726531,Verizon,130.69,17.05,24.0,115,76,224.3,True,North_Upper,DAS-N1,131.5,73.7
TILE_03494,032023131434326,40.8153571,-74.0726531,AT&T,117.63,18.99,35.7,158,65,224.3,True,North_Upper,DAS-N1,131.5,73.7
TILE_03495,032023154796415,40.8153571,-74.0724082,Verizon,95.04,14.56,34.8,142,63,237.7,True,North_Upper,DAS-N1,152.0,69.6
TILE_03496,032023117770774,40.8153571,-74.0724082,T-Mobile,187.5,28.64,27.2,74,46,237.7,True,North_Upper,DAS-N1,152.0,69.6
TILE_03497,032023178315429,40.8153571,-74.0721633,AT&T,94.19,18.46,35.3,166,99,252.1,True,North_Upper,DAS-N1,172.6,65.5
TILE_03498,032023182292812,40.8153571,-74.0719184,Verizon,60.41,19.55,47.5,251,140,267.3,True,North_Upper,DAS-N1,193.2,61.4
TILE_03499,032023194746574,40.8153571,-74.0719184,T-Mobile,159.45,2.0,24.0,229,97,267.3,True,North_Upper,DAS-N1,193.2,61.4
TILE_03500,032023118121909,40.8153571,-74.0716735,Verizon,182.44,17.18,39.4,96,57,283.3,True,North_Upper,DAS-E1,188.0,62.4
TILE_03501,032023192674126,40.8153571,-74.0716735,T-Mobile,135.93,21.43,33.5,58,52,283.3,True,North_Upper,DAS-E1,188.0,62.4
TILE_03502,032023190921355,40.8153571,-74.0714286,AT&T,93.06,2.0,40.0,232,129,299.8,True,Concourse,DAS-E1,180.9,63.8
TILE_03503,032023130647797,40.8153571,-74.0714286,T-Mobile,153.34,20.38,35.6,119,117,299.8,True,Concourse,DAS-E1,180.9,63.8
TILE_03504,032023146004497,40.8153571,-74.0711837,Verizon,142.91,18.8,34.8,187,86,316.7,True,Concourse,DAS-E1,175.9,64.8
TILE_03505,032023147039602,40.8153571,-74.0711837,AT&T,107.41,20.81,34.7,159,68,316.7,True,Concourse,DAS-E1,175.9,64.8
TILE_03506,032023154387153,40.8153571,-74.0711837,T-Mobile,253.84,30.99,28.1,122,67,316.7,True,Concourse,DAS-E1,175.9,64.8
TILE_03507,032023122445840,40.8153571,-74.0709388,T-Mobile,146.48,18.33,25.0,273,125,334.1,True,Concourse,DAS-E1,173.3,65.3
TILE_03508,032023149415147,40.8153571,-74.0706939,Verizon,149.97,14.64,35.1,178,116,351.9,True,Concourse,DAS-E1,173.2,65.4
TILE_03509,032023154040940,40.8153571,-74.070449,Verizon,112.27,2.0,25.0,186,87,370.0,True,Concourse,DAS-E1,175.4,64.9
TILE_03510,032023193502215,40.8153571,-74.070449,AT&T,155.8,16.27,40.7,135,46,370.0,True,Concourse,DAS-E1,175.4,64.9
TILE_03511,032023187960130,40.8153571,-74.0702041,Verizon,190.16,21.83,41.7,9,7,388.3,False,Exterior,DAS-E1,180.1,61.2
TILE_03512,032023141846744,40.8153571,-74.0702041,T-Mobile,108.49,22.86,23.9,12,3,388.3,False,Exterior,DAS-E1,180.1,61.2
TILE_03513,032023153983196,40.8153571,-74.0699592,Verizon,84.58,24.78,33.7,69,35,406.8,False,Exterior,DAS-E1,186.9,59.3
TILE_03514,032023157020786,40.8153571,-74.0699592,AT&T,109.12,9.2,47.7,43,22,406.8,False,Exterior,DAS-E1,186.9,59.3
TILE_03515,032023177843274,40.8153571,-74.0699592,US Cellular,33.48,9.81,59.8,10,6,406.8,False,Exterior,DAS-E1,186.9,59.3
TILE_03516,032023117058507,40.8153571,-74.0697143,Verizon,64.98,18.47,41.6,69,29,425.6,False,Exterior,DAS-E1,195.7,57.4
TILE_03517,032023121051783,40.8153571,-74.0697143,AT&T,97.25,18.78,50.2,67,21,425.6,False,Exterior,DAS-E1,195.7,57.4
TILE_03518,032023138774333,40.8153571,-74.0694694,Verizon,98.77,18.15,35.8,33,26,444.5,False,Exterior,DAS-E1,206.2,55.6
TILE_03519,032023131331293,40.8153571,-74.0694694,AT&T,112.07,18.49,62.6,38,10,444.5,False,Exterior,DAS-E1,206.2,55.6
TILE_03520,032023185249205,40.8153571,-74.0694694,T-Mobile,108.95,6.94,31.1,27,10,444.5,False,Exterior,DAS-E1,206.2,55.6
TILE_03521,032023162188125,40.8153571,-74.0692245,T-Mobile,231.29,3.0,30.4,14,9,463.5,False,Exterior,DAS-E1,218.1,53.6
TILE_03522,032023182375799,40.8153571,-74.0689796,Verizon,177.34,11.54,47.6,37,28,482.7,False,Exterior,DAS-E1,231.3,51.7
TILE_03523,032023185967224,40.8153571,-74.0689796,AT&T,126.07,4.48,49.8,59,24,482.7,False,Exterior,DAS-E1,231.3,51.7
TILE_03524,032023138361853,40.8153571,-74.0687347,Verizon,127.95,12.4,47.3,24,20,502.0,False,Exterior,DAS-E1,245.5,49.8
TILE_03525,032023173450740,40.8153571,-74.0684898,AT&T,86.84,27.43,60.1,19,5,521.4,False,Exterior,DAS-E1,260.6,47.9
TILE_03526,032023122425394,40.8153571,-74.0682449,AT&T,106.09,10.43,68.5,34,24,540.9,False,Exterior,DAS-E1,276.4,45.9
TILE_03527,032023189847180,40.8153571,-74.0682449,T-Mobile,96.11,30.45,39.2,65,22,540.9,False,Exterior,DAS-E1,276.4,45.9
TILE_03528,032023169075282,40.8153571,-74.0682449,US Cellular,59.41,13.93,74.0,13,5,540.9,False,Exterior,DAS-E1,276.4,45.9
TILE_03529,032023185679461,40.8153571,-74.068,Verizon,74.63,19.88,56.1,33,22,560.5,False,Exterior,DAS-E1,292.8,43.9
TILE_03530,032023113566086,40.8153571,-74.068,AT&T,115.38,12.55,62.5,40,12,560.5,False,Exterior,DAS-E1,292.8,43.9
TILE_03531,032023138800957,40.8155102,-74.08,Verizon,53.96,8.78,46.8,51,16,517.2,False,Exterior,DAS-W1,265.6,48.3
TILE_03532,032023170129351,40.8155102,-74.08,US Cellular,51.16,7.68,71.6,6,3,517.2,False,Exterior,DAS-W1,265.6,48.3
TILE_03533,032023191697011,40.8155102,-74.0797551,Verizon,94.58,32.55,42.0,23,11,498.1,False,Exterior,DAS-W1,251.6,50.2
TILE_03534,032023139811143,40.8155102,-74.0797551,AT&T,164.15,2.0,56.5,11,10,498.1,False,Exterior,DAS-W1,251.6,50.2
TILE_03535,032023193567156,40.8155102,-74.0792653,Verizon,130.58,11.16,44.9,15,15,460.2,False,Exterior,DAS-W1,226.6,54.0
TILE_03536,032023189717279,40.8155102,-74.0792653,AT&T,97.98,2.0,47.2,10,12,460.2,False,Exterior,DAS-W1,226.6,54.0
TILE_03537,032023163485617,40.8155102,-74.0792653,T-Mobile,191.11,24.05,26.7,11,12,460.2,False,Exterior,DAS-W1,226.6,54.0
TILE_03538,032023119214483,40.8155102,-74.0790204,Verizon,142.26,17.34,43.9,31,19,441.5,False,Exterior,DAS-W1,216.0,55.8
TILE_03539,032023137275406,40.8155102,-74.0787755,T-Mobile,56.99,8.67,34.2,21,9,423.0,False,Exterior,DAS-W1,207.0,57.7
TILE_03540,032023156909590,40.8155102,-74.0785306,Verizon,89.4,12.68,35.5,36,12,404.7,False,Exterior,DAS-W1,199.7,59.5
TILE_03541,032023199275872,40.8155102,-74.0785306,AT&T,73.14,12.34,45.7,15,14,404.7,False,Exterior,DAS-W1,199.7,59.5
TILE_03542,032023139584758,40.8155102,-74.0785306,T-Mobile,83.18,19.47,41.0,21,13,404.7,False,Exterior,DAS-W1,199.7,59.5
TILE_03543,032023180190108,40.8155102,-74.0782857,AT&T,92.88,14.24,54.8,40,21,386.7,False,Exterior,DAS-W1,194.3,61.3
TILE_03544,032023129239113,40.8155102,-74.0782857,T-Mobile,124.37,26.85,26.6,53,16,386.7,False,Exterior,DAS-W1,194.3,61.3
TILE_03545,032023176789107,40.8155102,-74.0780408,Verizon,10.0,15.82,44.5,60,32,368.9,True,Concourse,DAS-N2,189.1,62.2
TILE_03546,032023174962018,40.8155102,-74.0780408,AT&T,128.77,13.36,46.4,45,34,368.9,True,Concourse,DAS-N2,189.1,62.2
TILE_03547,032023143059619,40.8155102,-74.0780408,T-Mobile,185.36,33.91,31.2,56,29,368.9,True,Concourse,DAS-N2,189.1,62.2
TILE_03548,032023119559560,40.8155102,-74.0777959,AT&T,118.84,17.43,47.8,134,67,351.4,True,Concourse,DAS-N2,168.4,66.3
TILE_03549,032023175651075,40.8155102,-74.0777959,T-Mobile,110.81,9.26,23.5,233,105,351.4,True,Concourse,DAS-N2,168.4,66.3
TILE_03550,032023148610217,40.8155102,-74.077551,Verizon,153.65,7.54,33.5,57,52,334.3,True,Concourse,DAS-N2,147.7,70.5
TILE_03551,032023134502812,40.8155102,-74.077551,AT&T,87.15,10.4,42.2,112,42,334.3,True,Concourse,DAS-N2,147.7,70.5
TILE_03552,032023146672945,40.8155102,-74.0773061,T-Mobile,65.32,47.12,28.3,113,79,317.7,True,Concourse,DAS-N2,127.1,74.6
TILE_03553,032023146827867,40.8155102,-74.0770612,AT&T,149.19,21.36,30.7,57,37,301.5,True,Concourse,DAS-N2,106.4,78.7
TILE_03554,032023145526030,40.8155102,-74.0770612,T-Mobile,124.88,42.79,19.1,69,32,301.5,True,Concourse,DAS-N2,106.4,78.7
TILE_03555,032023157291914,40.8155102,-74.0768163,Verizon,165.44,26.8,26.7,94,63,285.9,True,North_Upper,DAS-N2,85.8,82.8
TILE_03556,032023152015237,40.8155102,-74.0768163,T-Mobile,231.59,26.37,18.1,77,34,285.9,True,North_Upper,DAS-N2,85.8,82.8
TILE_03557,032023119449323,40.8155102,-74.0765714,Verizon,222.25,38.55,25.5,125,92,270.9,True,North_Upper,DAS-N2,65.1,87.0
TILE_03558,032023183498496,40.8155102,-74.0765714,T-Mobile,332.92,33.18,22.0,181,57,270.9,True,North_Upper,DAS-N2,65.1,87.0
TILE_03559,032023161809528,40.8155102,-74.0763265,Verizon,253.3,38.37,22.0,105,48,256.8,True,North_Upper,DAS-N2,44.4,91.1
TILE_03560,032023196673406,40.8155102,-74.0763265,AT&T,207.72,19.97,35.7,148,45,256.8,True,North_Upper,DAS-N2,44.4,91.1
TILE_03561,032023183626350,40.8155102,-74.0760816,Verizon,198.52,30.47,26.2,199,61,243.6,True,North_Upper,DAS-N2,23.8,95.2
TILE_03562,032023172844345,40.8155102,-74.0760816,AT&T,138.62,18.88,28.1,120,80,243.6,True,North_Upper,DAS-N2,23.8,95.2
TILE_03563,032023132408584,40.8155102,-74.0760816,US Cellular,105.75,24.67,39.1,29,15,243.6,True,North_Upper,DAS-N2,23.8,95.2
TILE_03564,032023131764806,40.8155102,-74.0758367,T-Mobile,255.96,54.36,23.0,139,55,231.5,True,North_Upper,DAS-N2,3.3,99.3
TILE_03565,032023112727701,40.8155102,-74.0755918,Verizon,173.27,29.93,21.7,126,41,220.7,True,North_Upper,DAS-N2,17.6,96.5
TILE_03566,032023170164464,40.8155102,-74.0755918,AT&T,66.89,18.79,26.6,98,29,220.7,True,North_Upper,DAS-N2,17.6,96.5
TILE_03567,032023136359613,40.8155102,-74.0755918,T-Mobile,216.67,47.68,13.7,71,29,220.7,True,North_Upper,DAS-N2,17.6,96.5
TILE_03568,032023186626689,40.8155102,-74.0753469,AT&T,192.23,22.28,31.3,133,69,211.3,True,North_Upper,DAS-N2,38.2,92.4
TILE_03569,032023157136582,40.8155102,-74.075102,Verizon,160.03,39.12,23.1,130,46,203.6,True,North_Upper,DAS-N2,58.9,88.2
TILE_03570,032023196249136,40.8155102,-74.075102,T-Mobile,221.63,48.82,18.6,148,43,203.6,True,North_Upper,DAS-N2,58.9,88.2
TILE_03571,032023164133523,40.8155102,-74.0748571,Verizon,268.4,21.81,21.4,283,134,197.8,True,North_Upper,DAS-N1,55.5,88.9
TILE_03572,032023151907074,40.8155102,-74.0748571,AT&T,138.58,27.14,37.4,234,96,197.8,True,North_Upper,DAS-N1,55.5,88.9
TILE_03573,032023175465620,40.8155102,-74.0748571,T-Mobile,284.08,26.62,19.7,219,61,197.8,True,North_Upper,DAS-N1,55.5,88.9
TILE_03574,032023179591768,40.8155102,-74.0746122,Verizon,210.6,21.31,15.6,227,128,194.0,True,North_Upper,DAS-N1,34.8,93.0
TILE_03575,032023144617936,40.8155102,-74.0746122,AT&T,179.09,20.88,32.2,258,77,194.0,True,North_Upper,DAS-N1,34.8,93.0
TILE_03576,032023133499033,40.8155102,-74.0746122,US Cellular,106.37,15.44,37.8,59,27,194.0,True,North_Upper,DAS-N1,34.8,93.0
TILE_03577,032023198761882,40.8155102,-74.0743673,Verizon,164.82,28.81,29.1,149,64,192.4,True,North_Upper,DAS-N1,14.2,97.2
TILE_03578,032023175721547,40.8155102,-74.0743673,T-Mobile,230.71,37.39,22.2,89,59,192.4,True,North_Upper,DAS-N1,14.2,97.2
TILE_03579,032023197803454,40.8155102,-74.0741224,Verizon,264.92,41.91,25.6,96,55,193.0,True,North_Upper,DAS-N1,6.6,98.7
TILE_03580,032023121956706,40.8155102,-74.0741224,AT&T,210.61,23.54,29.9,102,53,193.0,True,North_Upper,DAS-N1,6.6,98.7
TILE_03581,032023119078893,40.8155102,-74.0741224,T-Mobile,219.44,42.57,23.5,90,59,193.0,True,North_Upper,DAS-N1,6.6,98.7
TILE_03582,032023186166285,40.8155102,-74.0738776,Verizon,185.34,37.85,19.9,330,110,195.8,True,North_Upper,DAS-N1,27.2,94.6
TILE_03583,032023159712242,40.8155102,-74.0738776,T-Mobile,252.35,41.9,22.0,192,62,195.8,True,North_Upper,DAS-N1,27.2,94.6
TILE_03584,032023117004228,40.8155102,-74.0736327,AT&T,262.39,29.0,37.9,72,43,200.7,True,North_Upper,DAS-N1,47.9,90.4
TILE_03585,032023140542980,40.8155102,-74.0733878,Verizon,220.54,21.49,18.5,169,111,207.5,True,North_Upper,DAS-N1,68.5,86.3
TILE_03586,032023129098039,40.8155102,-74.0733878,AT&T,225.2,18.03,30.7,142,53,207.5,True,North_Upper,DAS-N1,68.5,86.3
TILE_03587,032023163466441,40.8155102,-74.0733878,T-Mobile,287.01,30.05,25.4,135,56,207.5,True,North_Upper,DAS-N1,68.5,86.3
TILE_03588,032023171217892,40.8155102,-74.0731429,Verizon,232.51,12.67,22.3,124,69,216.1,True,North_Upper,DAS-N1,89.2,82.2
TILE_03589,032023137574057,40.8155102,-74.0731429,AT&T,181.05,17.04,31.2,79,87,216.1,True,North_Upper,DAS-N1,89.2,82.2
TILE_03590,032023183929678,40.8155102,-74.072898,AT&T,97.05,26.56,35.0,110,100,226.3,True,North_Upper,DAS-N1,109.9,78.0
TILE_03591,032023131781818,40.8155102,-74.072898,T-Mobile,147.28,22.42,24.3,178,76,226.3,True,North_Upper,DAS-N1,109.9,78.0
TILE_03592,032023155071315,40.8155102,-74.0726531,Verizon,103.28,9.21,23.2,249,99,237.8,True,North_Upper,DAS-N1,130.5,73.9
TILE_03593,032023186652322,40.8155102,-74.0726531,T-Mobile,157.38,19.65,28.9,111,101,237.8,True,North_Upper,DAS-N1,130.5,73.9
TILE_03594,032023139480434,40.8155102,-74.0724082,Verizon,168.71,15.17,20.7,179,54,250.5,True,North_Upper,DAS-N1,151.2,69.8
TILE_03595,032023112498383,40.8155102,-74.0724082,AT&T,139.05,19.05,40.3,203,66,250.5,True,North_Upper,DAS-N1,151.2,69.8
TILE_03596,032023136097568,40.8155102,-74.0724082,T-Mobile,128.01,21.29,37.3,160,98,250.5,True,North_Upper,DAS-N1,151.2,69.8
TILE_03597,032023119296273,40.8155102,-74.0721633,AT&T,82.04,13.35,51.1,201,103,264.2,True,North_Upper,DAS-N1,171.8,65.6
TILE_03598,032023153973362,40.8155102,-74.0721633,T-Mobile,118.41,25.41,35.9,198,72,264.2,True,North_Upper,DAS-N1,171.8,65.6
TILE_03599,032023158852966,40.8155102,-74.0716735,Verizon,126.44,8.05,33.4,122,49,294.1,True,North_Upper,DAS-E1,203.7,60.0
TILE_03600,032023161741253,40.8155102,-74.0716735,AT&T,159.92,16.7,44.6,165,67,294.1,True,North_Upper,DAS-E1,203.7,60.0
TILE_03601,032023144982134,40.8155102,-74.0716735,T-Mobile,157.07,28.37,28.7,87,69,294.1,True,North_Upper,DAS-E1,203.7,60.0
TILE_03602,032023175347593,40.8155102,-74.0714286,Verizon,64.83,22.6,40.5,187,116,310.0,True,Concourse,DAS-E1,197.2,60.6
TILE_03603,032023192620559,40.8155102,-74.0711837,AT&T,75.5,12.63,41.7,142,40,326.5,True,Concourse,DAS-E1,192.7,61.5
TILE_03604,032023110483114,40.8155102,-74.0709388,Verizon,166.5,15.43,38.0,169,67,343.4,True,Concourse,DAS-E1,190.3,61.9
TILE_03605,032023170701198,40.8155102,-74.0706939,AT&T,84.61,11.14,42.4,82,43,360.7,True,Concourse,DAS-E1,190.1,62.0
TILE_03606,032023172011691,40.8155102,-74.0706939,US Cellular,44.69,7.23,62.4,22,4,360.7,True,Concourse,DAS-E1,190.1,62.0
TILE_03607,032023176905388,40.8155102,-74.070449,T-Mobile,178.27,8.74,30.5,24,29,378.3,True,Concourse,DAS-E1,192.2,61.6
TILE_03608,032023165724126,40.8155102,-74.0702041,Verizon,108.12,8.43,39.5,12,13,396.2,False,Exterior,DAS-E1,196.5,60.4
TILE_03609,032023137051310,40.8155102,-74.0699592,T-Mobile,144.6,18.26,36.2,26,31,414.4,False,Exterior,DAS-E1,202.7,58.6
TILE_03610,032023115347344,40.8155102,-74.0697143,Verizon,118.44,19.86,40.3,33,11,432.8,False,Exterior,DAS-E1,210.9,56.7
TILE_03611,032023185606723,40.8155102,-74.0694694,Verizon,123.88,5.64,40.8,83,42,451.4,False,Exterior,DAS-E1,220.6,54.9
TILE_03612,032023115053962,40.8155102,-74.0694694,AT&T,90.25,10.42,54.6,69,34,451.4,False,Exterior,DAS-E1,220.6,54.9
TILE_03613,032023149894362,40.8155102,-74.0692245,AT&T,103.66,15.07,48.9,80,24,470.2,False,Exterior,DAS-E1,231.8,53.0
TILE_03614,032023191176728,40.8155102,-74.0692245,T-Mobile,10.0,24.05,36.5,75,30,470.2,False,Exterior,DAS-E1,231.8,53.0
TILE_03615,032023163598690,40.8155102,-74.0689796,AT&T,86.49,2.0,59.2,11,9,489.1,False,Exterior,DAS-E1,244.3,51.1
TILE_03616,032023110044178,40.8155102,-74.0687347,Verizon,77.1,28.38,41.9,43,23,508.2,False,Exterior,DAS-E1,257.7,49.2
TILE_03617,032023151030610,40.8155102,-74.0687347,AT&T,83.04,14.55,39.5,50,23,508.2,False,Exterior,DAS-E1,257.7,49.2
TILE_03618,032023119979888,40.8155102,-74.0687347,US Cellular,73.35,2.39,62.7,7,6,508.2,False,Exterior,DAS-E1,257.7,49.2
TILE_03619,032023189846704,40.8155102,-74.0684898,Verizon,54.15,2.0,48.1,34,16,527.4,False,Exterior,DAS-E1,272.1,47.3
TILE_03620,032023185159820,40.8155102,-74.0682449,Verizon,65.52,12.5,35.7,68,28,546.7,False,Exterior,DAS-E1,287.3,45.3
TILE_03621,032023120686260,40.8155102,-74.0682449,AT&T,67.2,17.19,63.4,56,18,546.7,False,Exterior,DAS-E1,287.3,45.3
TILE_03622,032023152264353,40.8155102,-74.0682449,US Cellular,71.09,5.69,71.9,13,3,546.7,False,Exterior,DAS-E1,287.3,45.3
TILE_03623,032023115469950,40.8155102,-74.068,AT&T,59.8,11.14,62.7,35,16,566.1,False,Exterior,DAS-E1,303.1,43.4
TILE_03624,032023145820007,40.8155102,-74.068,US Cellular,12.72,7.86,89.6,12,5,566.1,False,Exterior,DAS-E1,303.1,43.4
TILE_03625,032023157371835,40.8156633,-74.08,Verizon,109.81,27.94,36.2,60,33,523.7,False,Exterior,DAS-W1,278.0,47.6
TILE_03626,032023146694505,40.8156633,-74.0797551,Verizon,45.35,20.45,45.6,27,11,504.9,False,Exterior,DAS-W1,264.6,49.5
TILE_03627,032023162303544,40.8156633,-74.0795102,Verizon,107.34,18.37,44.5,30,10,486.1,False,Exterior,DAS-W1,252.3,51.4
TILE_03628,032023111657563,40.8156633,-74.0795102,T-Mobile,13.93,23.25,36.8,22,18,486.1,False,Exterior,DAS-W1,252.3,51.4
TILE_03629,032023144906909,40.8156633,-74.0792653,T-Mobile,92.94,14.16,26.1,25,7,467.6,False,Exterior,DAS-W1,241.0,53.2
TILE_03630,032023148187771,40.8156633,-74.0790204,Verizon,47.06,25.21,36.4,17,17,449.2,False,Exterior,DAS-W1,231.1,55.1
TILE_03631,032023155796273,40.8156633,-74.0787755,Verizon,113.72,2.0,30.9,18,14,431.0,False,Exterior,DAS-W1,222.7,56.9
TILE_03632,032023173843042,40.8156633,-74.0787755,AT&T,97.44,6.82,49.8,14,6,431.0,False,Exterior,DAS-W1,222.7,56.9
TILE_03633,032023122422508,40.8156633,-74.0787755,T-Mobile,69.1,24.77,36.5,12,7,431.0,False,Exterior,DAS-W1,222.7,56.9
TILE_03634,032023141096477,40.8156633,-74.0785306,Verizon,68.92,17.5,36.1,26,12,413.1,False,Exterior,DAS-W1,215.9,58.7
TILE_03635,032023150824654,40.8156633,-74.0785306,T-Mobile,212.44,43.72,25.8,17,5,413.1,False,Exterior,DAS-W1,215.9,58.7
TILE_03636,032023118293816,40.8156633,-74.0782857,Verizon,172.38,8.74,31.5,37,18,395.4,False,Exterior,DAS-N2,210.5,60.5
TILE_03637,032023171381512,40.8156633,-74.0782857,AT&T,142.51,16.86,42.2,16,16,395.4,False,Exterior,DAS-N2,210.5,60.5
TILE_03638,032023180708843,40.8156633,-74.0782857,T-Mobile,92.04,23.08,34.6,34,14,395.4,False,Exterior,DAS-N2,210.5,60.5
TILE_03639,032023188606202,40.8156633,-74.0780408,Verizon,106.08,12.05,36.4,188,61,378.0,True,Concourse,DAS-N2,189.9,62.0
TILE_03640,032023110544076,40.8156633,-74.0780408,T-Mobile,117.29,10.54,35.2,151,40,378.0,True,Concourse,DAS-N2,189.9,62.0
TILE_03641,032023133829633,40.8156633,-74.0777959,Verizon,70.91,12.74,39.1,85,68,361.0,True,Concourse,DAS-N2,169.4,66.1
TILE_03642,032023121080983,40.8156633,-74.0777959,AT&T,75.22,6.46,47.1,119,80,361.0,True,Concourse,DAS-N2,169.4,66.1
TILE_03643,032023195650186,40.8156633,-74.0777959,T-Mobile,169.21,23.69,31.4,77,39,361.0,True,Concourse,DAS-N2,169.4,66.1
TILE_03644,032023136051219,40.8156633,-74.0773061,Verizon,134.99,23.3,35.6,126,50,328.2,True,Concourse,DAS-N2,128.4,74.3
TILE_03645,032023169115662,40.8156633,-74.0770612,Verizon,148.67,8.09,21.4,266,173,312.6,True,Concourse,DAS-N2,107.9,78.4
TILE_03646,032023159656846,40.8156633,-74.0768163,AT&T,143.07,23.42,31.7,79,25,297.6,True,North_Upper,DAS-N2,87.6,82.5
TILE_03647,032023178238806,40.8156633,-74.0768163,T-Mobile,251.37,39.67,20.9,50,31,297.6,True,North_Upper,DAS-N2,87.6,82.5
TILE_03648,032023145229789,40.8156633,-74.0765714,Verizon,230.31,20.95,28.6,275,99,283.3,True,North_Upper,DAS-N2,67.6,86.5
TILE_03649,032023156830529,40.8156633,-74.0765714,AT&T,160.62,25.88,37.2,162,67,283.3,True,North_Upper,DAS-N2,67.6,86.5
TILE_03650,032023197571617,40.8156633,-74.0765714,T-Mobile,163.82,34.39,29.9,250,116,283.3,True,North_Upper,DAS-N2,67.6,86.5
TILE_03651,032023151966566,40.8156633,-74.0765714,US Cellular,126.98,21.13,37.5,55,16,283.3,True,North_Upper,DAS-N2,67.6,86.5
TILE_03652,032023151969448,40.8156633,-74.0763265,Verizon,160.33,23.75,31.1,320,98,269.8,True,North_Upper,DAS-N2,48.0,90.4
TILE_03653,032023153157291,40.8156633,-74.0760816,AT&T,154.22,26.4,28.9,68,40,257.2,True,North_Upper,DAS-N2,29.9,94.0
TILE_03654,032023157757097,40.8156633,-74.0760816,T-Mobile,310.81,64.06,20.5,93,34,257.2,True,North_Upper,DAS-N2,29.9,94.0
TILE_03655,032023135981851,40.8156633,-74.0758367,Verizon,193.65,33.94,27.8,127,69,245.8,True,North_Upper,DAS-N2,18.4,96.3
TILE_03656,032023113191666,40.8156633,-74.0758367,AT&T,132.15,28.74,31.1,223,86,245.8,True,North_Upper,DAS-N2,18.4,96.3
TILE_03657,032023119387875,40.8156633,-74.0755918,Verizon,230.27,28.92,24.5,49,16,235.6,True,North_Upper,DAS-N2,25.2,95.0
TILE_03658,032023162118041,40.8156633,-74.0755918,AT&T,173.64,17.72,31.3,28,20,235.6,True,North_Upper,DAS-N2,25.2,95.0
TILE_03659,032023191194680,40.8156633,-74.0753469,Verizon,267.71,20.81,16.6,172,74,226.9,True,North_Upper,DAS-N2,42.3,91.5
TILE_03660,032023193596988,40.8156633,-74.0753469,T-Mobile,226.55,39.59,8.3,110,67,226.9,True,North_Upper,DAS-N2,42.3,91.5
TILE_03661,032023179128060,40.8156633,-74.075102,Verizon,169.33,43.83,28.3,260,159,219.8,True,North_Upper,DAS-N2,61.6,87.7
TILE_03662,032023187606582,40.8156633,-74.075102,T-Mobile,209.32,51.3,18.2,169,123,219.8,True,North_Upper,DAS-N2,61.6,87.7
TILE_03663,032023128429393,40.8156633,-74.0748571,AT&T,186.32,22.5,39.0,74,30,214.4,True,North_Upper,DAS-N1,58.3,88.3
TILE_03664,032023170778477,40.8156633,-74.0746122,AT&T,243.99,26.0,28.1,105,49,210.9,True,North_Upper,DAS-N1,39.2,92.2
TILE_03665,032023113195351,40.8156633,-74.0746122,T-Mobile,224.14,34.98,29.1,83,45,210.9,True,North_Upper,DAS-N1,39.2,92.2
TILE_03666,032023172871090,40.8156633,-74.0743673,Verizon,234.37,39.1,23.1,51,33,209.4,True,North_Upper,DAS-N1,23.0,95.4
TILE_03667,032023193185216,40.8156633,-74.0743673,AT&T,236.92,23.1,24.6,73,49,209.4,True,North_Upper,DAS-N1,23.0,95.4
TILE_03668,032023159549111,40.8156633,-74.0743673,T-Mobile,269.34,43.68,12.9,89,24,209.4,True,North_Upper,DAS-N1,23.0,95.4
TILE_03669,032023157282033,40.8156633,-74.0741224,AT&T,295.79,19.78,30.4,164,78,210.0,True,North_Upper,DAS-N1,19.3,96.1
TILE_03670,032023125276218,40.8156633,-74.0738776,AT&T,201.15,22.72,27.4,78,62,212.5,True,North_Upper,DAS-N1,32.7,93.5
TILE_03671,032023193001598,40.8156633,-74.0736327,AT&T,211.46,20.75,34.5,209,55,217.0,True,North_Upper,DAS-N1,51.2,89.8
TILE_03672,032023175341304,40.8156633,-74.0733878,Verizon,260.43,31.06,26.6,108,123,223.4,True,North_Upper,DAS-N1,70.9,85.8
TILE_03673,032023120433237,40.8156633,-74.0731429,Verizon,176.75,31.11,28.5,50,24,231.4,True,North_Upper,DAS-N1,91.0,81.8
TILE_03674,032023198838277,40.8156633,-74.0731429,AT&T,82.03,18.61,27.5,40,20,231.4,True,North_Upper,DAS-N1,91.0,81.8
TILE_03675,032023152317747,40.8156633,-74.0731429,T-Mobile,203.75,46.41,14.4,24,14,231.4,True,North_Upper,DAS-N1,91.0,81.8
TILE_03676,032023156200644,40.8156633,-74.0731429,US Cellular,108.12,20.22,44.3,7,3,231.4,True,North_Upper,DAS-N1,91.0,81.8
TILE_03677,032023161104105,40.8156633,-74.072898,Verizon,144.32,21.22,35.7,147,107,240.9,True,North_Upper,DAS-N1,111.3,77.7
TILE_03678,032023123583103,40.8156633,-74.0726531,AT&T,125.85,17.17,45.9,54,40,251.7,True,North_Upper,DAS-N1,131.8,73.6
TILE_03679,032023190118619,40.8156633,-74.0724082,Verizon,128.59,29.24,32.6,216,74,263.8,True,North_Upper,DAS-N1,152.3,69.5
TILE_03680,032023147406587,40.8156633,-74.0724082,AT&T,129.2,12.88,37.5,169,91,263.8,True,North_Upper,DAS-N1,152.3,69.5
TILE_03681,032023145681745,40.8156633,-74.0721633,Verizon,97.95,10.84,30.2,57,46,276.8,True,North_Upper,DAS-N1,172.8,65.4
TILE_03682,032023150363473,40.8156633,-74.0721633,T-Mobile,138.54,28.87,40.1,94,24,276.8,True,North_Upper,DAS-N1,172.8,65.4
TILE_03683,032023147770003,40.8156633,-74.0719184,Verizon,135.06,10.64,36.8,149,82,290.8,True,North_Upper,DAS-N1,193.4,61.3
TILE_03684,032023115391055,40.8156633,-74.0719184,AT&T,82.65,19.25,43.2,131,33,290.8,True,North_Upper,DAS-N1,193.4,61.3
TILE_03685,032023196936084,40.8156633,-74.0716735,Verizon,142.33,11.42,50.0,97,50,305.5,True,North_Upper,DAS-N1,213.9,60.0
TILE_03686,032023116840458,40.8156633,-74.0716735,AT&T,117.84,5.39,44.4,96,49,305.5,True,North_Upper,DAS-N1,213.9,60.0
TILE_03687,032023138265076,40.8156633,-74.0716735,T-Mobile,159.95,29.59,33.3,108,31,305.5,True,North_Upper,DAS-N1,213.9,60.0
TILE_03688,032023128750350,40.8156633,-74.0714286,Verizon,119.89,10.74,41.8,175,39,320.8,True,Concourse,DAS-E1,213.6,60.0
TILE_03689,032023183701453,40.8156633,-74.0714286,T-Mobile,52.94,25.73,29.3,131,54,320.8,True,Concourse,DAS-E1,213.6,60.0
TILE_03690,032023136744315,40.8156633,-74.0711837,Verizon,103.09,11.41,43.1,128,76,336.8,True,Concourse,DAS-E1,209.4,60.0
TILE_03691,032023197313323,40.8156633,-74.0711837,AT&T,93.88,2.0,43.9,135,66,336.8,True,Concourse,DAS-E1,209.4,60.0
TILE_03692,032023137818840,40.8156633,-74.0711837,T-Mobile,182.13,30.89,33.0,185,52,336.8,True,Concourse,DAS-E1,209.4,60.0
TILE_03693,032023169662072,40.8156633,-74.0709388,Verizon,169.25,2.0,42.2,128,70,353.2,True,Concourse,DAS-E1,207.2,60.0
TILE_03694,032023184605322,40.8156633,-74.0709388,T-Mobile,116.33,22.92,25.4,128,67,353.2,True,Concourse,DAS-E1,207.2,60.0
TILE_03695,032023171484910,40.8156633,-74.070449,AT&T,123.5,2.0,46.8,177,65,387.2,True,Concourse,DAS-E1,209.0,60.0
TILE_03696,032023137603519,40.8156633,-74.0702041,Verizon,124.13,16.12,38.7,36,16,404.8,False,Exterior,DAS-E1,212.9,59.5
TILE_03697,032023168671984,40.8156633,-74.0702041,AT&T,78.59,16.05,44.6,15,7,404.8,False,Exterior,DAS-E1,212.9,59.5
TILE_03698,032023148059073,40.8156633,-74.0702041,T-Mobile,138.77,19.51,22.3,26,11,404.8,False,Exterior,DAS-E1,212.9,59.5
TILE_03699,032023153559855,40.8156633,-74.0699592,Verizon,49.34,16.49,32.0,74,30,422.6,False,Exterior,DAS-E1,218.7,57.7
TILE_03700,032023156016489,40.8156633,-74.0697143,AT&T,69.51,3.37,52.3,82,33,440.7,False,Exterior,DAS-E1,226.3,55.9
TILE_03701,032023166481980,40.8156633,-74.0697143,T-Mobile,129.58,12.49,30.7,33,27,440.7,False,Exterior,DAS-E1,226.3,55.9
TILE_03702,032023151774095,40.8156633,-74.0694694,Verizon,48.59,21.97,39.8,23,9,458.9,False,Exterior,DAS-E1,235.4,54.1
TILE_03703,032023169050464,40.8156633,-74.0694694,AT&T,81.24,15.76,52.1,18,11,458.9,False,Exterior,DAS-E1,235.4,54.1
TILE_03704,032023131235260,40.8156633,-74.0694694,T-Mobile,143.08,2.0,30.1,12,12,458.9,False,Exterior,DAS-E1,235.4,54.1
TILE_03705,032023178772903,40.8156633,-74.0692245,AT&T,51.32,5.44,47.2,20,13,477.4,False,Exterior,DAS-E1,245.9,52.3
TILE_03706,032023195718536,40.8156633,-74.0689796,AT&T,10.0,9.48,60.6,15,11,496.1,False,Exterior,DAS-E1,257.7,50.4
TILE_03707,032023145348934,40.8156633,-74.0687347,Verizon,54.92,15.11,41.8,11,7,514.9,False,Exterior,DAS-E1,270.5,48.5
TILE_03708,032023112628037,40.8156633,-74.0687347,US Cellular,32.92,6.02,79.7,5,2,514.9,False,Exterior,DAS-E1,270.5,48.5
TILE_03709,032023133352806,40.8156633,-74.0684898,US Cellular,17.42,2.0,68.5,3,1,533.8,False,Exterior,DAS-E1,284.3,46.6
TILE_03710,032023122460672,40.8156633,-74.0682449,Verizon,54.55,19.41,50.0,29,16,552.9,False,Exterior,DAS-E1,298.8,44.7
TILE_03711,032023112929537,40.8156633,-74.068,Verizon,65.94,10.86,58.0,40,23,572.1,False,Exterior,DAS-E1,314.0,42.8
TILE_03712,032023129509267,40.8156633,-74.068,AT&T,137.7,10.46,61.3,17,9,572.1,False,Exterior,DAS-E1,314.0,42.8
TILE_03713,032023150492726,40.8158163,-74.0797551,Verizon,129.84,8.85,45.3,30,10,512.1,False,Exterior,DAS-W1,278.1,48.8
TILE_03714,032023172524235,40.8158163,-74.0797551,T-Mobile,10.0,23.17,45.0,17,8,512.1,False,Exterior,DAS-W1,278.1,48.8
TILE_03715,032023149527540,40.8158163,-74.0795102,Verizon,115.71,10.55,41.2,96,31,493.7,False,Exterior,DAS-W1,266.4,50.6
TILE_03716,032023172224317,40.8158163,-74.0795102,T-Mobile,144.01,21.08,36.6,51,26,493.7,False,Exterior,DAS-W1,266.4,50.6
TILE_03717,032023197058256,40.8158163,-74.0792653,Verizon,145.86,11.17,40.2,40,13,475.4,False,Exterior,DAS-W1,255.8,52.5
TILE_03718,032023156383292,40.8158163,-74.0792653,AT&T,31.55,9.38,59.5,19,13,475.4,False,Exterior,DAS-W1,255.8,52.5
TILE_03719,032023191945154,40.8158163,-74.0792653,T-Mobile,94.96,2.0,38.4,39,13,475.4,False,Exterior,DAS-W1,255.8,52.5
TILE_03720,032023129024800,40.8158163,-74.0790204,AT&T,137.79,16.39,47.1,57,33,457.4,False,Exterior,DAS-W1,246.5,54.3
TILE_03721,032023184762002,40.8158163,-74.0787755,Verizon,71.95,9.41,35.9,25,13,439.5,False,Exterior,DAS-W1,238.6,56.0
TILE_03722,032023176776585,40.8158163,-74.0785306,Verizon,117.44,19.88,43.8,17,4,421.9,False,Exterior,DAS-W1,232.2,57.8
TILE_03723,032023141813657,40.8158163,-74.0785306,T-Mobile,72.95,20.61,31.8,15,6,421.9,False,Exterior,DAS-W1,232.2,57.8
TILE_03724,032023183694529,40.8158163,-74.0782857,Verizon,69.98,19.36,38.1,6,2,404.7,False,Exterior,DAS-N2,212.6,59.5
TILE_03725,032023184955541,40.8158163,-74.0782857,AT&T,124.19,17.17,47.3,6,1,404.7,False,Exterior,DAS-N2,212.6,59.5
TILE_03726,032023195286252,40.8158163,-74.0780408,Verizon,115.55,6.46,41.0,76,78,387.7,True,Concourse,DAS-N2,192.3,61.5
TILE_03727,032023143439181,40.8158163,-74.0780408,AT&T,104.53,11.14,54.1,108,39,387.7,True,Concourse,DAS-N2,192.3,61.5
TILE_03728,032023152280078,40.8158163,-74.0777959,Verizon,83.82,28.75,28.7,170,78,371.1,True,Concourse,DAS-N2,172.0,65.6
TILE_03729,032023177744830,40.8158163,-74.077551,T-Mobile,143.85,30.45,20.0,144,116,355.0,True,Concourse,DAS-N2,151.9,69.6
TILE_03730,032023121658487,40.8158163,-74.0773061,Verizon,115.38,19.64,19.8,200,72,339.3,True,Concourse,DAS-N2,131.8,73.6
TILE_03731,032023198380204,40.8158163,-74.0773061,AT&T,97.46,2.0,39.9,161,62,339.3,True,Concourse,DAS-N2,131.8,73.6
TILE_03732,032023151482640,40.8158163,-74.0773061,US Cellular,79.01,16.23,33.0,17,12,339.3,True,Concourse,DAS-N2,131.8,73.6
TILE_03733,032023120266382,40.8158163,-74.0770612,AT&T,98.13,13.56,25.3,164,66,324.2,True,Concourse,DAS-N2,112.1,77.6
TILE_03734,032023119343530,40.8158163,-74.0768163,Verizon,213.52,11.97,22.3,167,54,309.8,True,North_Upper,DAS-N2,92.7,81.5
TILE_03735,032023130383649,40.8158163,-74.0768163,T-Mobile,211.23,36.97,22.4,67,64,309.8,True,North_Upper,DAS-N2,92.7,81.5
TILE_03736,032023125141673,40.8158163,-74.0765714,Verizon,191.28,25.89,24.2,289,103,296.0,True,North_Upper,DAS-N2,74.0,85.2
TILE_03737,032023180975552,40.8158163,-74.0765714,T-Mobile,219.04,50.63,21.9,255,86,296.0,True,North_Upper,DAS-N2,74.0,85.2
TILE_03738,032023146562618,40.8158163,-74.0763265,Verizon,225.63,19.34,32.8,253,168,283.2,True,North_Upper,DAS-N2,56.6,88.7
TILE_03739,032023170531816,40.8158163,-74.0763265,US Cellular,114.79,14.32,40.2,47,24,283.2,True,North_Upper,DAS-N2,56.6,88.7
TILE_03740,032023194500399,40.8158163,-74.0760816,T-Mobile,255.2,37.37,16.2,62,20,271.3,True,North_Upper,DAS-N2,42.4,91.5
TILE_03741,032023170947031,40.8158163,-74.0760816,US Cellular,106.41,17.49,48.6,9,7,271.3,True,North_Upper,DAS-N2,42.4,91.5
TILE_03742,032023163215624,40.8158163,-74.0758367,Verizon,202.25,33.39,20.9,135,66,260.4,True,North_Upper,DAS-N2,35.3,92.9
TILE_03743,032023180819525,40.8158163,-74.0758367,AT&T,218.15,20.69,40.8,78,55,260.4,True,North_Upper,DAS-N2,35.3,92.9
TILE_03744,032023154477692,40.8158163,-74.0755918,Verizon,238.35,26.4,23.7,119,73,250.9,True,North_Upper,DAS-N2,39.3,92.1
TILE_03745,032023126648080,40.8158163,-74.0755918,US Cellular,121.93,17.26,44.0,16,12,250.9,True,North_Upper,DAS-N2,39.3,92.1
TILE_03746,032023171380514,40.8158163,-74.0753469,Verizon,177.23,27.89,22.5,91,34,242.7,True,North_Upper,DAS-N2,51.9,89.6
TILE_03747,032023139171816,40.8158163,-74.0753469,AT&T,183.93,13.22,29.8,72,45,242.7,True,North_Upper,DAS-N2,51.9,89.6
TILE_03748,032023186204542,40.8158163,-74.075102,Verizon,165.35,22.8,29.9,316,146,236.0,True,North_Upper,DAS-N2,68.6,86.3
TILE_03749,032023141031935,40.8158163,-74.075102,AT&T,149.2,27.99,37.1,162,128,236.0,True,North_Upper,DAS-N2,68.6,86.3
TILE_03750,032023129000042,40.8158163,-74.075102,US Cellular,107.23,11.74,43.8,78,19,236.0,True,North_Upper,DAS-N2,68.6,86.3
TILE_03751,032023146799610,40.8158163,-74.0748571,Verizon,186.09,37.18,38.0,75,27,231.0,True,North_Upper,DAS-N1,65.6,86.9
TILE_03752,032023120779807,40.8158163,-74.0748571,T-Mobile,231.2,40.54,22.7,73,30,231.0,True,North_Upper,DAS-N1,65.6,86.9
TILE_03753,032023138241697,40.8158163,-74.0748571,US Cellular,126.88,29.57,38.5,11,6,231.0,True,North_Upper,DAS-N1,65.6,86.9
TILE_03754,032023125001014,40.8158163,-74.0746122,Verizon,188.19,34.82,20.0,134,99,227.8,True,North_Upper,DAS-N1,49.4,90.1
TILE_03755,032023148827541,40.8158163,-74.0746122,AT&T,165.41,28.24,38.9,214,107,227.8,True,North_Upper,DAS-N1,49.4,90.1
TILE_03756,032023199603148,40.8158163,-74.0746122,T-Mobile,381.09,19.43,19.4,284,123,227.8,True,North_Upper,DAS-N1,49.4,90.1
TILE_03757,032023145029748,40.8158163,-74.0743673,Verizon,227.33,23.32,28.1,156,87,226.4,True,North_Upper,DAS-N1,37.9,92.4
TILE_03758,032023172125625,40.8158163,-74.0741224,Verizon,259.58,32.43,31.6,117,88,226.9,True,North_Upper,DAS-N1,35.7,92.9
TILE_03759,032023180050636,40.8158163,-74.0741224,T-Mobile,320.33,29.15,25.6,97,99,226.9,True,North_Upper,DAS-N1,35.7,92.9
TILE_03760,032023199062628,40.8158163,-74.0736327,Verizon,224.67,25.86,22.6,59,27,233.5,True,North_Upper,DAS-N1,59.4,88.1
TILE_03761,032023169650531,40.8158163,-74.0736327,T-Mobile,256.6,33.51,12.5,33,18,233.5,True,North_Upper,DAS-N1,59.4,88.1
TILE_03762,032023129605589,40.8158163,-74.0733878,Verizon,179.53,26.78,24.5,118,50,239.4,True,North_Upper,DAS-N1,77.0,84.6
TILE_03763,032023195722340,40.8158163,-74.0733878,AT&T,145.48,14.72,32.3,62,32,239.4,True,North_Upper,DAS-N1,77.0,84.6
TILE_03764,032023122251991,40.8158163,-74.0731429,Verizon,211.01,32.54,36.1,149,58,246.8,True,North_Upper,DAS-N1,95.9,80.8
TILE_03765,032023133664760,40.8158163,-74.0731429,AT&T,179.91,17.85,39.3,51,50,246.8,True,North_Upper,DAS-N1,95.9,80.8
TILE_03766,032023118107188,40.8158163,-74.072898,AT&T,99.09,10.92,42.2,150,112,255.8,True,North_Upper,DAS-N1,115.3,76.9
TILE_03767,032023142804377,40.8158163,-74.0726531,Verizon,123.03,11.49,34.3,55,50,266.0,True,North_Upper,DAS-N1,135.2,73.0
TILE_03768,032023172975092,40.8158163,-74.0726531,AT&T,22.72,13.6,39.2,74,32,266.0,True,North_Upper,DAS-N1,135.2,73.0
TILE_03769,032023174747559,40.8158163,-74.0726531,T-Mobile,133.25,26.53,31.3,111,37,266.0,True,North_Upper,DAS-N1,135.2,73.0
TILE_03770,032023184825371,40.8158163,-74.0724082,Verizon,95.0,16.66,33.8,185,76,277.5,True,North_Upper,DAS-N1,155.2,69.0
TILE_03771,032023181826483,40.8158163,-74.0724082,T-Mobile,161.42,26.6,31.3,134,45,277.5,True,North_Upper,DAS-N1,155.2,69.0
TILE_03772,032023114277680,40.8158163,-74.0721633,Verizon,125.55,13.9,37.0,106,64,289.9,True,North_Upper,DAS-N1,175.4,64.9
TILE_03773,032023159354759,40.8158163,-74.0721633,AT&T,163.9,10.38,42.8,62,40,289.9,True,North_Upper,DAS-N1,175.4,64.9
TILE_03774,032023141947018,40.8158163,-74.0719184,Verizon,118.53,6.74,36.7,57,27,303.2,True,North_Upper,DAS-N1,195.7,60.9
TILE_03775,032023123397839,40.8158163,-74.0719184,AT&T,10.0,12.4,49.3,40,15,303.2,True,North_Upper,DAS-N1,195.7,60.9
TILE_03776,032023157529377,40.8158163,-74.0719184,T-Mobile,82.92,32.06,30.0,44,18,303.2,True,North_Upper,DAS-N1,195.7,60.9
TILE_03777,032023113507851,40.8158163,-74.0716735,T-Mobile,150.95,25.79,23.5,78,37,317.4,True,North_Upper,DAS-N1,216.0,60.0
TILE_03778,032023123362154,40.8158163,-74.0714286,AT&T,122.09,10.25,42.4,100,88,332.2,True,Concourse,DAS-E1,230.1,60.0
TILE_03779,032023134784078,40.8158163,-74.0714286,T-Mobile,160.45,8.5,27.8,217,78,332.2,True,Concourse,DAS-E1,230.1,60.0
TILE_03780,032023194585621,40.8158163,-74.0711837,Verizon,115.15,6.53,41.2,221,83,347.6,True,Concourse,DAS-E1,226.2,60.0
TILE_03781,032023156565669,40.8158163,-74.0711837,AT&T,101.78,18.57,42.4,223,64,347.6,True,Concourse,DAS-E1,226.2,60.0
TILE_03782,032023126594879,40.8158163,-74.0709388,Verizon,30.89,11.74,43.6,145,68,363.5,True,Concourse,DAS-E1,224.2,60.0
TILE_03783,032023146480569,40.8158163,-74.0709388,AT&T,71.44,6.66,48.8,178,72,363.5,True,Concourse,DAS-E1,224.2,60.0
TILE_03784,032023152748097,40.8158163,-74.0709388,T-Mobile,104.63,18.58,33.6,196,55,363.5,True,Concourse,DAS-E1,224.2,60.0
TILE_03785,032023195188901,40.8158163,-74.0706939,AT&T,84.63,15.21,54.1,85,50,379.9,True,Concourse,DAS-E1,224.1,60.0
TILE_03786,032023133635768,40.8158163,-74.070449,Verizon,94.28,8.93,27.1,100,56,396.7,True,Concourse,DAS-E1,225.9,60.0
TILE_03787,032023155331094,40.8158163,-74.070449,AT&T,55.11,18.03,37.6,103,60,396.7,True,Concourse,DAS-E1,225.9,60.0
TILE_03788,032023191203404,40.8158163,-74.070449,T-Mobile,98.87,14.44,30.8,86,45,396.7,True,Concourse,DAS-E1,225.9,60.0
TILE_03789,032023150439957,40.8158163,-74.0702041,T-Mobile,147.96,10.36,40.5,15,9,413.8,False,Exterior,DAS-E1,229.5,58.6
TILE_03790,032023111317169,40.8158163,-74.0699592,Verizon,61.46,9.92,37.6,5,4,431.3,False,Exterior,DAS-E1,234.9,56.9
TILE_03791,032023133416812,40.8158163,-74.0699592,AT&T,88.73,7.82,57.0,7,2,431.3,False,Exterior,DAS-E1,234.9,56.9
TILE_03792,032023196808525,40.8158163,-74.0697143,T-Mobile,88.26,15.88,26.0,72,23,449.0,False,Exterior,DAS-E1,241.9,55.1
TILE_03793,032023198105714,40.8158163,-74.0694694,Verizon,103.42,11.92,43.7,11,4,466.9,False,Exterior,DAS-E1,250.5,53.3
TILE_03794,032023163262412,40.8158163,-74.0689796,AT&T,136.98,4.36,56.6,22,16,503.5,False,Exterior,DAS-E1,271.5,49.7
TILE_03795,032023156993654,40.8158163,-74.0689796,T-Mobile,88.74,15.34,38.8,47,17,503.5,False,Exterior,DAS-E1,271.5,49.7
TILE_03796,032023189999139,40.8158163,-74.0687347,Verizon,69.43,14.92,46.0,36,21,522.0,False,Exterior,DAS-E1,283.7,47.8
TILE_03797,032023150224774,40.8158163,-74.0687347,T-Mobile,169.68,12.88,44.0,42,9,522.0,False,Exterior,DAS-E1,283.7,47.8
TILE_03798,032023178280981,40.8158163,-74.0684898,Verizon,56.89,17.75,47.3,42,25,540.7,False,Exterior,DAS-E1,296.9,45.9
TILE_03799,032023135406446,40.8158163,-74.0684898,T-Mobile,35.75,14.3,37.1,24,24,540.7,False,Exterior,DAS-E1,296.9,45.9
TILE_03800,032023186420340,40.8158163,-74.068,Verizon,49.63,13.5,50.7,36,35,578.5,False,Exterior,DAS-E1,325.5,42.2
TILE_03801,032023189737540,40.8159694,-74.08,Verizon,74.45,8.81,42.5,24,8,538.2,False,Exterior,DAS-W1,304.1,46.2
TILE_03802,032023195909581,40.8159694,-74.08,AT&T,18.89,7.57,56.2,10,6,538.2,False,Exterior,DAS-W1,304.1,46.2
TILE_03803,032023197474726,40.8159694,-74.0797551,Verizon,114.75,12.95,44.7,33,21,519.9,False,Exterior,DAS-W1,292.0,48.0
TILE_03804,032023185281731,40.8159694,-74.0797551,AT&T,78.8,2.0,56.6,52,22,519.9,False,Exterior,DAS-W1,292.0,48.0
TILE_03805,032023142951962,40.8159694,-74.0797551,T-Mobile,74.97,18.6,39.2,46,12,519.9,False,Exterior,DAS-W1,292.0,48.0
TILE_03806,032023159439720,40.8159694,-74.0795102,Verizon,77.51,3.54,49.0,24,12,501.7,False,Exterior,DAS-W1,280.8,49.8
TILE_03807,032023146557969,40.8159694,-74.0792653,T-Mobile,45.58,20.34,35.1,41,12,483.7,False,Exterior,DAS-W1,270.8,51.6
TILE_03808,032023181947446,40.8159694,-74.0790204,Verizon,53.79,18.64,44.3,40,15,466.0,False,Exterior,DAS-W1,262.0,53.4
TILE_03809,032023163764284,40.8159694,-74.0790204,AT&T,95.27,19.77,61.1,27,16,466.0,False,Exterior,DAS-W1,262.0,53.4
TILE_03810,032023176468329,40.8159694,-74.0790204,US Cellular,73.63,7.9,68.4,4,3,466.0,False,Exterior,DAS-W1,262.0,53.4
TILE_03811,032023152462945,40.8159694,-74.0787755,Verizon,159.48,7.6,40.1,86,43,448.5,False,Exterior,DAS-W1,254.6,55.1
TILE_03812,032023116403812,40.8159694,-74.0785306,Verizon,34.92,5.24,35.4,74,17,431.3,False,Exterior,DAS-N2,236.2,56.9
TILE_03813,032023182953547,40.8159694,-74.0785306,T-Mobile,165.62,18.41,26.4,48,14,431.3,False,Exterior,DAS-N2,236.2,56.9
TILE_03814,032023160715665,40.8159694,-74.0782857,Verizon,102.34,20.26,39.2,52,19,414.4,False,Exterior,DAS-N2,216.1,58.6
TILE_03815,032023196268664,40.8159694,-74.0780408,AT&T,159.84,7.37,51.0,53,18,397.9,False,Exterior,DAS-N2,196.1,60.2
TILE_03816,032023156160837,40.8159694,-74.0780408,T-Mobile,154.62,20.61,30.1,53,23,397.9,False,Exterior,DAS-N2,196.1,60.2
TILE_03817,032023198405716,40.8159694,-74.0777959,AT&T,110.52,15.73,45.2,10,6,381.7,False,Exterior,DAS-N2,176.3,61.8
TILE_03818,032023140870209,40.8159694,-74.0777959,T-Mobile,154.8,18.36,26.0,16,7,381.7,False,Exterior,DAS-N2,176.3,61.8
TILE_03819,032023166891832,40.8159694,-74.077551,AT&T,88.58,4.02,42.8,81,20,366.1,False,Exterior,DAS-N2,156.7,63.4
TILE_03820,032023151405858,40.8159694,-74.077551,T-Mobile,192.35,36.98,16.7,41,17,366.1,False,Exterior,DAS-N2,156.7,63.4
TILE_03821,032023150603139,40.8159694,-74.0773061,T-Mobile,84.88,29.22,27.6,26,17,350.9,False,Exterior,DAS-N2,137.3,64.9
TILE_03822,032023181775846,40.8159694,-74.0773061,US Cellular,87.87,5.39,56.2,12,4,350.9,False,Exterior,DAS-N2,137.3,64.9
TILE_03823,032023128041665,40.8159694,-74.0770612,AT&T,74.92,12.16,39.9,26,10,336.3,False,Exterior,DAS-N2,118.5,66.4
TILE_03824,032023133301012,40.8159694,-74.0770612,T-Mobile,134.52,13.46,23.4,37,11,336.3,False,Exterior,DAS-N2,118.5,66.4
TILE_03825,032023158782979,40.8159694,-74.0768163,Verizon,122.34,14.63,32.7,40,12,322.4,False,Exterior,DAS-N2,100.3,67.8
TILE_03826,032023170576532,40.8159694,-74.0768163,AT&T,68.91,7.39,42.3,18,11,322.4,False,Exterior,DAS-N2,100.3,67.8
TILE_03827,032023188568167,40.8159694,-74.0765714,Verizon,124.82,22.19,19.2,85,36,309.2,False,Exterior,DAS-N2,83.4,69.1
TILE_03828,032023172588616,40.8159694,-74.0765714,AT&T,59.42,14.66,35.3,37,28,309.2,False,Exterior,DAS-N2,83.4,69.1
TILE_03829,032023136656146,40.8159694,-74.0758367,AT&T,146.01,5.53,32.5,60,39,275.3,False,Exterior,DAS-N2,52.2,72.5
TILE_03830,032023135700674,40.8159694,-74.0755918,Verizon,127.43,14.25,32.0,10,10,266.3,False,Exterior,DAS-N2,55.0,73.4
TILE_03831,032023190916882,40.8159694,-74.0755918,AT&T,201.43,12.22,43.3,20,8,266.3,False,Exterior,DAS-N2,55.0,73.4
TILE_03832,032023185317725,40.8159694,-74.0753469,AT&T,127.42,2.05,29.6,20,21,258.6,False,Exterior,DAS-N2,64.6,74.1
TILE_03833,032023128357870,40.8159694,-74.0753469,T-Mobile,157.93,20.02,22.1,27,15,258.6,False,Exterior,DAS-N2,64.6,74.1
TILE_03834,032023156722048,40.8159694,-74.0753469,US Cellular,79.31,16.11,46.4,8,3,258.6,False,Exterior,DAS-N2,64.6,74.1
TILE_03835,032023157276858,40.8159694,-74.075102,AT&T,110.7,16.57,46.0,14,5,252.4,False,Exterior,DAS-N2,78.6,74.8
TILE_03836,032023145655090,40.8159694,-74.075102,T-Mobile,91.27,26.46,30.4,16,7,252.4,False,Exterior,DAS-N2,78.6,74.8
TILE_03837,032023156522592,40.8159694,-74.0748571,Verizon,190.06,14.0,24.0,12,2,247.7,False,Exterior,DAS-N1,76.1,75.2
TILE_03838,032023137932380,40.8159694,-74.0748571,AT&T,91.17,18.69,49.1,4,2,247.7,False,Exterior,DAS-N1,76.1,75.2
TILE_03839,032023146611818,40.8159694,-74.0746122,Verizon,67.57,16.18,27.6,6,4,244.7,False,Exterior,DAS-N1,62.7,75.5
TILE_03840,032023168969082,40.8159694,-74.0746122,T-Mobile,112.1,29.56,16.4,7,3,244.7,False,Exterior,DAS-N1,62.7,75.5
TILE_03841,032023176396559,40.8159694,-74.0741224,Verizon,95.33,38.64,35.0,24,9,243.9,False,Exterior,DAS-N1,52.5,75.6
TILE_03842,032023158610628,40.8159694,-74.0741224,US Cellular,126.38,19.65,43.4,5,2,243.9,False,Exterior,DAS-N1,52.5,75.6
TILE_03843,032023176849243,40.8159694,-74.0738776,Verizon,70.82,19.02,31.9,47,22,246.1,False,Exterior,DAS-N1,58.8,75.4
TILE_03844,032023122336340,40.8159694,-74.0738776,AT&T,56.12,19.15,34.3,28,17,246.1,False,Exterior,DAS-N1,58.8,75.4
TILE_03845,032023139750187,40.8159694,-74.0736327,Verizon,111.57,21.95,22.4,83,40,250.0,False,Exterior,DAS-N1,70.8,75.0
TILE_03846,032023169094130,40.8159694,-74.0736327,AT&T,113.66,18.08,33.8,64,25,250.0,False,Exterior,DAS-N1,70.8,75.0
TILE_03847,032023141525580,40.8159694,-74.0733878,Verizon,145.74,14.03,33.7,65,32,255.5,False,Exterior,DAS-N1,86.1,74.5
TILE_03848,032023136979766,40.8159694,-74.0733878,AT&T,144.43,17.23,40.3,68,23,255.5,False,Exterior,DAS-N1,86.1,74.5
TILE_03849,032023195055571,40.8159694,-74.0733878,T-Mobile,200.72,32.82,26.7,57,24,255.5,False,Exterior,DAS-N1,86.1,74.5
TILE_03850,032023184361358,40.8159694,-74.0733878,US Cellular,103.77,21.18,52.9,16,5,255.5,False,Exterior,DAS-N1,86.1,74.5
TILE_03851,032023136064775,40.8159694,-74.0731429,Verizon,125.61,26.3,28.3,66,34,262.5,False,Exterior,DAS-N1,103.3,73.7
TILE_03852,032023165184822,40.8159694,-74.0731429,AT&T,81.93,25.0,28.9,38,27,262.5,False,Exterior,DAS-N1,103.3,73.7
TILE_03853,032023166603947,40.8159694,-74.0731429,T-Mobile,88.73,36.18,23.6,65,15,262.5,False,Exterior,DAS-N1,103.3,73.7
TILE_03854,032023151806137,40.8159694,-74.0731429,US Cellular,58.08,6.16,37.5,7,8,262.5,False,Exterior,DAS-N1,103.3,73.7
TILE_03855,032023133994118,40.8159694,-74.072898,Verizon,134.73,16.78,25.8,15,11,271.0,False,Exterior,DAS-N1,121.6,72.9
TILE_03856,032023110477576,40.8159694,-74.072898,AT&T,143.52,14.2,38.7,33,12,271.0,False,Exterior,DAS-N1,121.6,72.9
TILE_03857,032023177867214,40.8159694,-74.072898,T-Mobile,186.73,26.2,20.2,31,13,271.0,False,Exterior,DAS-N1,121.6,72.9
TILE_03858,032023132350678,40.8159694,-74.0726531,Verizon,133.21,20.16,30.2,26,22,280.6,False,Exterior,DAS-N1,140.5,71.9
TILE_03859,032023176655599,40.8159694,-74.0726531,AT&T,76.76,13.36,34.6,34,18,280.6,False,Exterior,DAS-N1,140.5,71.9
TILE_03860,032023133622702,40.8159694,-74.0726531,T-Mobile,42.48,18.43,19.4,18,15,280.6,False,Exterior,DAS-N1,140.5,71.9
TILE_03861,032023194042227,40.8159694,-74.0724082,Verizon,137.34,21.05,20.6,83,34,291.5,False,Exterior,DAS-N1,159.9,70.9
TILE_03862,032023135918550,40.8159694,-74.0724082,AT&T,111.19,16.19,36.7,36,21,291.5,False,Exterior,DAS-N1,159.9,70.9
TILE_03863,032023124615948,40.8159694,-74.0724082,T-Mobile,121.05,50.1,24.3,49,23,291.5,False,Exterior,DAS-N1,159.9,70.9
TILE_03864,032023120392440,40.8159694,-74.0721633,AT&T,83.46,16.85,36.5,30,14,303.4,False,Exterior,DAS-N1,179.6,69.7
TILE_03865,032023114638447,40.8159694,-74.0721633,T-Mobile,136.51,43.82,17.2,42,10,303.4,False,Exterior,DAS-N1,179.6,69.7
TILE_03866,032023180589148,40.8159694,-74.0719184,T-Mobile,87.54,19.0,24.0,50,25,316.1,False,Exterior,DAS-N1,199.4,68.4
TILE_03867,032023199034399,40.8159694,-74.0716735,Verizon,180.85,12.5,25.6,41,28,329.7,False,Exterior,DAS-N1,219.4,67.0
TILE_03868,032023126890455,40.8159694,-74.0716735,AT&T,97.27,20.46,36.4,38,18,329.7,False,Exterior,DAS-N1,219.4,67.0
TILE_03869,032023198449456,40.8159694,-74.0716735,T-Mobile,36.35,26.07,28.5,34,14,329.7,False,Exterior,DAS-N1,219.4,67.0
TILE_03870,032023166930126,40.8159694,-74.0716735,US Cellular,68.95,12.96,50.2,10,5,329.7,False,Exterior,DAS-N1,219.4,67.0
TILE_03871,032023128827553,40.8159694,-74.0714286,Verizon,76.48,4.19,34.2,33,24,344.0,False,Exterior,DAS-N1,239.6,65.6
TILE_03872,032023189322952,40.8159694,-74.0714286,T-Mobile,176.6,19.9,24.1,36,30,344.0,False,Exterior,DAS-N1,239.6,65.6
TILE_03873,032023113778329,40.8159694,-74.0711837,Verizon,85.23,26.84,34.5,23,19,358.9,False,Exterior,DAS-E1,243.1,64.1
TILE_03874,032023145983875,40.8159694,-74.0711837,T-Mobile,126.7,30.16,37.9,44,12,358.9,False,Exterior,DAS-E1,243.1,64.1
TILE_03875,032023151188222,40.8159694,-74.0709388,Verizon,153.05,17.55,40.3,28,12,374.3,False,Exterior,DAS-E1,241.2,62.6
TILE_03876,032023196948549,40.8159694,-74.0709388,AT&T,101.17,11.78,49.5,30,23,374.3,False,Exterior,DAS-E1,241.2,62.6
TILE_03877,032023199125954,40.8159694,-74.0706939,Verizon,111.6,24.78,39.8,30,17,390.3,False,Exterior,DAS-E1,241.1,61.0
TILE_03878,032023185438832,40.8159694,-74.070449,Verizon,139.28,18.69,37.3,15,8,406.6,False,Exterior,DAS-E1,242.7,59.3
TILE_03879,032023151234369,40.8159694,-74.070449,T-Mobile,149.21,28.92,26.8,12,8,406.6,False,Exterior,DAS-E1,242.7,59.3
TILE_03880,032023121845261,40.8159694,-74.0702041,Verizon,143.73,2.0,39.0,21,10,423.4,False,Exterior,DAS-E1,246.1,57.7
TILE_03881,032023114285428,40.8159694,-74.0702041,AT&T,82.65,6.77,49.5,31,10,423.4,False,Exterior,DAS-E1,246.1,57.7
TILE_03882,032023160431353,40.8159694,-74.0702041,T-Mobile,111.38,22.97,29.3,23,8,423.4,False,Exterior,DAS-E1,246.1,57.7
TILE_03883,032023161342749,40.8159694,-74.0699592,Verizon,132.99,22.89,41.8,64,32,440.4,False,Exterior,DAS-E1,251.1,56.0
TILE_03884,032023143628531,40.8159694,-74.0699592,AT&T,69.67,11.46,47.1,49,13,440.4,False,Exterior,DAS-E1,251.1,56.0
TILE_03885,032023183835613,40.8159694,-74.0697143,Verizon,84.33,2.06,34.9,34,18,457.8,False,Exterior,DAS-E1,257.7,54.2
TILE_03886,032023114825507,40.8159694,-74.0697143,AT&T,68.02,9.26,53.6,16,19,457.8,False,Exterior,DAS-E1,257.7,54.2
TILE_03887,032023169793696,40.8159694,-74.0697143,T-Mobile,103.19,2.0,25.8,41,14,457.8,False,Exterior,DAS-E1,257.7,54.2
TILE_03888,032023127566837,40.8159694,-74.0694694,Verizon,158.69,9.41,48.6,74,30,475.4,False,Exterior,DAS-E1,265.8,52.5
TILE_03889,032023150470726,40.8159694,-74.0694694,AT&T,38.2,10.71,56.6,51,33,475.4,False,Exterior,DAS-E1,265.8,52.5
TILE_03890,032023186886909,40.8159694,-74.0694694,T-Mobile,10.0,9.46,35.3,72,22,475.4,False,Exterior,DAS-E1,265.8,52.5
TILE_03891,032023155142003,40.8159694,-74.0694694,US Cellular,10.0,6.07,61.7,15,6,475.4,False,Exterior,DAS-E1,265.8,52.5
TILE_03892,032023189570126,40.8159694,-74.0692245,Verizon,98.56,10.07,43.2,31,13,493.3,False,Exterior,DAS-E1,275.2,50.7
TILE_03893,032023112291423,40.8159694,-74.0689796,Verizon,104.83,13.81,50.1,34,10,511.3,False,Exterior,DAS-E1,285.7,48.9
TILE_03894,032023111588215,40.8159694,-74.0689796,AT&T,120.43,19.13,55.5,23,8,511.3,False,Exterior,DAS-E1,285.7,48.9
TILE_03895,032023129559900,40.8159694,-74.0689796,T-Mobile,36.19,22.37,40.6,25,8,511.3,False,Exterior,DAS-E1,285.7,48.9
TILE_03896,032023173223115,40.8159694,-74.0687347,Verizon,59.57,21.12,37.5,21,8,529.6,False,Exterior,DAS-E1,297.3,47.0
TILE_03897,032023191179648,40.8159694,-74.0687347,AT&T,99.91,5.94,51.5,7,4,529.6,False,Exterior,DAS-E1,297.3,47.0
TILE_03898,032023172418111,40.8159694,-74.0687347,T-Mobile,10.0,2.13,48.8,17,7,529.6,False,Exterior,DAS-E1,297.3,47.0
TILE_03899,032023118344799,40.8159694,-74.0687347,US Cellular,37.81,17.89,77.4,3,1,529.6,False,Exterior,DAS-E1,297.3,47.0
TILE_03900,032023147497190,40.8159694,-74.0684898,Verizon,95.65,17.05,42.2,73,19,548.0,False,Exterior,DAS-E1,309.9,45.2
TILE_03901,032023135091209,40.8159694,-74.0684898,AT&T,88.27,14.25,61.3,62,28,548.0,False,Exterior,DAS-E1,309.9,45.2
TILE_03902,032023175089168,40.8159694,-74.0684898,T-Mobile,134.68,6.52,36.5,53,30,548.0,False,Exterior,DAS-E1,309.9,45.2
TILE_03903,032023139778143,40.8159694,-74.0682449,Verizon,176.14,9.87,38.5,23,16,566.6,False,Exterior,DAS-E1,323.3,43.3
TILE_03904,032023116727400,40.8159694,-74.0682449,AT&T,116.53,10.3,65.0,18,14,566.6,False,Exterior,DAS-E1,323.3,43.3
TILE_03905,032023128473240,40.8159694,-74.0682449,T-Mobile,138.34,14.61,41.4,31,14,566.6,False,Exterior,DAS-E1,323.3,43.3
TILE_03906,032023119861458,40.8159694,-74.068,Verizon,68.86,8.41,50.9,21,12,585.4,False,Exterior,DAS-E1,337.4,41.5
TILE_03907,032023134414775,40.8159694,-74.068,AT&T,51.48,2.0,62.3,24,7,585.4,False,Exterior,DAS-E1,337.4,41.5
TILE_03908,032023195473392,40.8159694,-74.068,T-Mobile,85.32,7.52,38.5,23,10,585.4,False,Exterior,DAS-E1,337.4,41.5
TILE_03909,032023166926874,40.8161224,-74.0797551,Verizon,110.35,13.93,50.4,24,23,528.0,False,Exterior,DAS-W1,306.1,47.2
TILE_03910,032023150535264,40.8161224,-74.0795102,Verizon,27.83,14.18,43.3,41,16,510.2,False,Exterior,DAS-W1,295.5,49.0
TILE_03911,032023142989509,40.8161224,-74.0795102,AT&T,96.71,3.85,53.1,21,13,510.2,False,Exterior,DAS-W1,295.5,49.0
TILE_03912,032023114251512,40.8161224,-74.0795102,US Cellular,34.38,9.38,70.9,3,3,510.2,False,Exterior,DAS-W1,295.5,49.0
TILE_03913,032023127492911,40.8161224,-74.0792653,AT&T,90.57,10.04,58.4,31,30,492.5,False,Exterior,DAS-W1,286.0,50.7
TILE_03914,032023151053685,40.8161224,-74.0792653,T-Mobile,47.15,27.77,29.1,45,23,492.5,False,Exterior,DAS-W1,286.0,50.7
TILE_03915,032023112058772,40.8161224,-74.0790204,Verizon,72.87,2.0,35.1,27,7,475.1,False,Exterior,DAS-W1,277.7,52.5
TILE_03916,032023188717343,40.8161224,-74.0787755,AT&T,53.45,23.58,56.0,16,7,458.0,False,Exterior,DAS-N2,260.4,54.2
TILE_03917,032023175769635,40.8161224,-74.0787755,T-Mobile,162.38,24.57,28.9,10,3,458.0,False,Exterior,DAS-N2,260.4,54.2
TILE_03918,032023159619589,40.8161224,-74.0785306,Verizon,73.13,14.77,47.7,36,24,441.1,False,Exterior,DAS-N2,240.5,55.9
TILE_03919,032023191308174,40.8161224,-74.0785306,AT&T,75.34,5.01,55.8,42,24,441.1,False,Exterior,DAS-N2,240.5,55.9
TILE_03920,032023129773953,40.8161224,-74.0785306,T-Mobile,28.36,10.18,38.3,40,11,441.1,False,Exterior,DAS-N2,240.5,55.9
TILE_03921,032023191773655,40.8161224,-74.0782857,Verizon,116.0,5.79,33.6,39,15,424.6,False,Exterior,DAS-N2,220.8,57.5
TILE_03922,032023158397078,40.8161224,-74.0780408,AT&T,75.56,16.93,49.5,29,8,408.5,False,Exterior,DAS-N2,201.3,59.2
TILE_03923,032023174498919,40.8161224,-74.0777959,AT&T,117.3,11.05,47.7,33,22,392.8,False,Exterior,DAS-N2,182.0,60.7
TILE_03924,032023162763104,40.8161224,-74.0777959,T-Mobile,63.0,14.21,34.3,30,21,392.8,False,Exterior,DAS-N2,182.0,60.7
TILE_03925,032023124737665,40.8161224,-74.0777959,US Cellular,68.7,9.1,58.4,4,5,392.8,False,Exterior,DAS-N2,182.0,60.7
TILE_03926,032023119997472,40.8161224,-74.077551,Verizon,158.77,23.52,30.6,14,14,377.6,False,Exterior,DAS-N2,163.1,62.2
TILE_03927,032023164564630,40.8161224,-74.0773061,AT&T,124.64,14.42,37.1,47,9,362.9,False,Exterior,DAS-N2,144.7,63.7
TILE_03928,032023116070376,40.8161224,-74.0773061,T-Mobile,170.06,37.75,31.5,29,9,362.9,False,Exterior,DAS-N2,144.7,63.7
TILE_03929,032023118488701,40.8161224,-74.0773061,US Cellular,71.77,12.93,47.6,5,3,362.9,False,Exterior,DAS-N2,144.7,63.7
TILE_03930,032023193224196,40.8161224,-74.0770612,Verizon,182.74,9.71,34.5,14,12,348.8,False,Exterior,DAS-N2,126.9,65.1
TILE_03931,032023142974504,40.8161224,-74.0768163,AT&T,105.82,20.2,40.5,49,28,335.4,False,Exterior,DAS-N2,110.1,66.5
TILE_03932,032023180022768,40.8161224,-74.0765714,Verizon,42.96,8.08,45.8,9,6,322.8,False,Exterior,DAS-N2,94.9,67.7
TILE_03933,032023181835275,40.8161224,-74.0765714,AT&T,73.37,4.92,32.6,9,6,322.8,False,Exterior,DAS-N2,94.9,67.7
TILE_03934,032023169485550,40.8161224,-74.0765714,T-Mobile,143.98,32.34,19.0,11,5,322.8,False,Exterior,DAS-N2,94.9,67.7
TILE_03935,032023113857100,40.8161224,-74.0763265,Verizon,97.76,4.95,32.0,40,19,311.0,False,Exterior,DAS-N2,82.2,68.9
TILE_03936,032023141778576,40.8161224,-74.0763265,T-Mobile,86.14,18.71,33.1,21,8,311.0,False,Exterior,DAS-N2,82.2,68.9
TILE_03937,032023121092826,40.8161224,-74.0760816,AT&T,125.68,19.41,31.8,33,18,300.2,False,Exterior,DAS-N2,73.1,70.0
TILE_03938,032023179469044,40.8161224,-74.0758367,Verizon,119.5,29.21,30.3,8,5,290.5,False,Exterior,DAS-N2,69.2,71.0
TILE_03939,032023112135886,40.8161224,-74.0758367,T-Mobile,160.86,39.99,28.4,10,3,290.5,False,Exterior,DAS-N2,69.2,71.0
TILE_03940,032023199932128,40.8161224,-74.0755918,Verizon,73.9,12.87,29.6,20,6,281.9,False,Exterior,DAS-N2,71.3,71.8
TILE_03941,032023140315908,40.8161224,-74.0755918,AT&T,74.6,15.91,39.4,7,6,281.9,False,Exterior,DAS-N2,71.3,71.8
TILE_03942,032023193388717,40.8161224,-74.0755918,T-Mobile,90.29,34.7,28.1,17,8,281.9,False,Exterior,DAS-N2,71.3,71.8
TILE_03943,032023171211832,40.8161224,-74.0755918,US Cellular,73.69,21.07,44.0,3,2,281.9,False,Exterior,DAS-N2,71.3,71.8
TILE_03944,032023123045438,40.8161224,-74.0753469,Verizon,117.83,18.22,36.7,58,39,274.7,False,Exterior,DAS-N2,79.0,72.5
TILE_03945,032023130864461,40.8161224,-74.0753469,AT&T,115.72,19.02,40.0,48,31,274.7,False,Exterior,DAS-N2,79.0,72.5
TILE_03946,032023187405016,40.8161224,-74.0753469,T-Mobile,96.97,29.31,28.4,42,27,274.7,False,Exterior,DAS-N2,79.0,72.5
TILE_03947,032023162652471,40.8161224,-74.075102,AT&T,144.05,15.75,32.9,49,21,268.8,False,Exterior,DAS-N2,90.8,73.1
TILE_03948,032023148000645,40.8161224,-74.0748571,Verizon,103.11,12.84,26.3,23,14,264.4,False,Exterior,DAS-N1,88.6,73.6
TILE_03949,032023154803603,40.8161224,-74.0748571,US Cellular,66.34,12.73,41.3,6,2,264.4,False,Exterior,DAS-N1,88.6,73.6
TILE_03950,032023170428580,40.8161224,-74.0746122,T-Mobile,117.71,23.9,34.1,11,5,261.6,False,Exterior,DAS-N1,77.4,73.8
TILE_03951,032023161201073,40.8161224,-74.0743673,Verizon,100.84,20.79,28.9,44,16,260.4,False,Exterior,DAS-N1,70.6,74.0
TILE_03952,032023176656566,40.8161224,-74.0743673,AT&T,111.73,12.67,40.6,26,11,260.4,False,Exterior,DAS-N1,70.6,74.0
TILE_03953,032023177826393,40.8161224,-74.0743673,T-Mobile,233.04,27.55,23.1,26,17,260.4,False,Exterior,DAS-N1,70.6,74.0
TILE_03954,032023136995781,40.8161224,-74.0741224,Verizon,203.75,31.95,25.2,63,19,260.8,False,Exterior,DAS-N1,69.4,73.9
TILE_03955,032023111806140,40.8161224,-74.0741224,AT&T,61.64,13.03,37.3,63,20,260.8,False,Exterior,DAS-N1,69.4,73.9
TILE_03956,032023156265616,40.8161224,-74.0741224,T-Mobile,161.51,22.44,27.5,42,20,260.8,False,Exterior,DAS-N1,69.4,73.9
TILE_03957,032023194389882,40.8161224,-74.0738776,Verizon,233.07,2.0,28.1,30,15,262.9,False,Exterior,DAS-N1,74.3,73.7
TILE_03958,032023159193641,40.8161224,-74.0738776,AT&T,55.49,9.95,42.3,22,10,262.9,False,Exterior,DAS-N1,74.3,73.7
TILE_03959,032023114543205,40.8161224,-74.0738776,T-Mobile,153.81,20.7,23.7,19,7,262.9,False,Exterior,DAS-N1,74.3,73.7
TILE_03960,032023187933125,40.8161224,-74.0733878,Verizon,144.97,24.38,17.7,30,28,271.7,False,Exterior,DAS-N1,97.3,72.8
TILE_03961,032023142264870,40.8161224,-74.0733878,AT&T,88.79,11.78,40.8,25,33,271.7,False,Exterior,DAS-N1,97.3,72.8
TILE_03962,032023138710838,40.8161224,-74.0733878,T-Mobile,99.15,42.71,22.9,57,14,271.7,False,Exterior,DAS-N1,97.3,72.8
TILE_03963,032023145805417,40.8161224,-74.0731429,Verizon,170.41,19.48,36.8,17,9,278.4,False,Exterior,DAS-N1,112.8,72.2
TILE_03964,032023118172651,40.8161224,-74.0731429,AT&T,165.94,5.97,38.6,32,10,278.4,False,Exterior,DAS-N1,112.8,72.2
TILE_03965,032023115376053,40.8161224,-74.0731429,T-Mobile,125.74,33.2,29.0,10,9,278.4,False,Exterior,DAS-N1,112.8,72.2
TILE_03966,032023169676851,40.8161224,-74.072898,AT&T,134.46,24.03,31.3,50,24,286.3,False,Exterior,DAS-N1,129.8,71.4
TILE_03967,032023181901804,40.8161224,-74.0726531,Verizon,136.73,17.02,41.2,18,8,295.5,False,Exterior,DAS-N1,147.7,70.4
TILE_03968,032023187211050,40.8161224,-74.0726531,AT&T,101.15,19.89,40.6,6,5,295.5,False,Exterior,DAS-N1,147.7,70.4
TILE_03969,032023199355109,40.8161224,-74.0724082,AT&T,128.92,4.46,43.7,47,18,305.8,False,Exterior,DAS-N1,166.2,69.4
TILE_03970,032023177476569,40.8161224,-74.0721633,Verizon,166.88,5.8,35.3,36,7,317.2,False,Exterior,DAS-N1,185.2,68.3
TILE_03971,032023111103815,40.8161224,-74.0721633,AT&T,91.16,16.94,42.7,14,8,317.2,False,Exterior,DAS-N1,185.2,68.3
TILE_03972,032023155779321,40.8161224,-74.0719184,Verizon,81.97,23.24,36.1,82,32,329.4,False,Exterior,DAS-N1,204.5,67.1
TILE_03973,032023145193187,40.8161224,-74.0719184,AT&T,77.92,20.71,45.6,52,28,329.4,False,Exterior,DAS-N1,204.5,67.1
TILE_03974,032023182656161,40.8161224,-74.0719184,T-Mobile,244.82,37.27,23.0,59,35,329.4,False,Exterior,DAS-N1,204.5,67.1
TILE_03975,032023142708034,40.8161224,-74.0719184,US Cellular,60.41,9.82,48.3,6,4,329.4,False,Exterior,DAS-N1,204.5,67.1
TILE_03976,032023190301509,40.8161224,-74.0716735,Verizon,185.39,21.84,35.3,10,10,342.4,False,Exterior,DAS-N1,224.1,65.8
TILE_03977,032023130093333,40.8161224,-74.0716735,US Cellular,106.45,13.73,54.6,5,2,342.4,False,Exterior,DAS-N1,224.1,65.8
TILE_03978,032023182677426,40.8161224,-74.0714286,Verizon,128.25,17.01,36.3,15,4,356.2,False,Exterior,DAS-N1,243.8,64.4
TILE_03979,032023195404451,40.8161224,-74.0714286,AT&T,32.93,8.33,40.7,9,3,356.2,False,Exterior,DAS-N1,243.8,64.4
TILE_03980,032023161996240,40.8161224,-74.0714286,T-Mobile,97.84,20.54,27.2,14,3,356.2,False,Exterior,DAS-N1,243.8,64.4
TILE_03981,032023144006843,40.8161224,-74.0711837,Verizon,56.99,19.84,32.4,26,20,370.6,False,Exterior,DAS-E1,259.9,62.9
TILE_03982,032023161142185,40.8161224,-74.0711837,AT&T,88.68,7.28,47.1,36,13,370.6,False,Exterior,DAS-E1,259.9,62.9
TILE_03983,032023135810609,40.8161224,-74.0711837,T-Mobile,72.26,4.99,34.6,35,10,370.6,False,Exterior,DAS-E1,259.9,62.9
TILE_03984,032023190351029,40.8161224,-74.0711837,US Cellular,73.58,16.37,58.1,8,4,370.6,False,Exterior,DAS-E1,259.9,62.9
TILE_03985,032023123625273,40.8161224,-74.0709388,Verizon,100.84,14.61,40.4,34,23,385.6,False,Exterior,DAS-E1,258.2,61.4
TILE_03986,032023125490473,40.8161224,-74.0709388,AT&T,79.09,15.5,41.8,47,27,385.6,False,Exterior,DAS-E1,258.2,61.4
TILE_03987,032023121159182,40.8161224,-74.0709388,US Cellular,48.52,10.45,57.6,15,6,385.6,False,Exterior,DAS-E1,258.2,61.4
TILE_03988,032023168448394,40.8161224,-74.0706939,Verizon,115.06,2.5,39.4,16,5,401.1,False,Exterior,DAS-E1,258.1,59.9
TILE_03989,032023176666362,40.8161224,-74.0706939,AT&T,84.89,9.57,48.8,12,4,401.1,False,Exterior,DAS-E1,258.1,59.9
TILE_03990,032023177400223,40.8161224,-74.0706939,T-Mobile,61.45,23.72,25.8,14,4,401.1,False,Exterior,DAS-E1,258.1,59.9
TILE_03991,032023130098190,40.8161224,-74.070449,Verizon,124.43,15.14,40.7,74,28,417.0,False,Exterior,DAS-E1,259.6,58.3
TILE_03992,032023193503462,40.8161224,-74.070449,T-Mobile,67.65,11.74,33.8,45,25,417.0,False,Exterior,DAS-E1,259.6,58.3
TILE_03993,032023153940776,40.8161224,-74.0702041,Verizon,114.0,23.77,38.1,31,27,433.3,False,Exterior,DAS-E1,262.8,56.7
TILE_03994,032023123700732,40.8161224,-74.0702041,T-Mobile,128.34,10.53,28.3,26,23,433.3,False,Exterior,DAS-E1,262.8,56.7
TILE_03995,032023169580327,40.8161224,-74.0699592,Verizon,56.91,15.47,40.5,15,6,450.0,False,Exterior,DAS-E1,267.5,55.0
TILE_03996,032023139209377,40.8161224,-74.0699592,T-Mobile,89.56,39.12,26.5,10,2,450.0,False,Exterior,DAS-E1,267.5,55.0
TILE_03997,032023142213090,40.8161224,-74.0697143,Verizon,23.95,10.63,35.6,28,17,467.0,False,Exterior,DAS-E1,273.7,53.3
TILE_03998,032023161692061,40.8161224,-74.0697143,AT&T,25.05,11.19,49.1,33,13,467.0,False,Exterior,DAS-E1,273.7,53.3
TILE_03999,032023191415707,40.8161224,-74.0694694,Verizon,79.77,2.0,30.8,53,19,484.3,False,Exterior,DAS-E1,281.3,51.6
TILE_04000,032023114590421,40.8161224,-74.0694694,AT&T,115.06,13.57,50.7,26,16,484.3,False,Exterior,DAS-E1,281.3,51.6
TILE_04001,032023148798345,40.8161224,-74.0694694,US Cellular,39.95,11.0,65.2,4,4,484.3,False,Exterior,DAS-E1,281.3,51.6
TILE_04002,032023132411486,40.8161224,-74.0692245,T-Mobile,31.05,24.77,34.7,4,2,501.9,False,Exterior,DAS-E1,290.1,49.8
TILE_04003,032023113406452,40.8161224,-74.0689796,Verizon,70.01,11.12,40.5,68,18,519.7,False,Exterior,DAS-E1,300.2,48.0
TILE_04004,032023147362438,40.8161224,-74.0689796,AT&T,10.0,14.55,50.9,24,31,519.7,False,Exterior,DAS-E1,300.2,48.0
TILE_04005,032023149369844,40.8161224,-74.0687347,Verizon,64.58,16.62,47.6,75,27,537.6,False,Exterior,DAS-E1,311.3,46.2
TILE_04006,032023112564965,40.8161224,-74.0684898,AT&T,88.97,21.93,62.5,21,20,555.8,False,Exterior,DAS-E1,323.3,44.4
TILE_04007,032023162822474,40.8161224,-74.0682449,Verizon,105.96,7.5,52.6,69,33,574.1,False,Exterior,DAS-E1,336.1,42.6
TILE_04008,032023155640051,40.8161224,-74.0682449,AT&T,39.13,4.36,56.1,53,19,574.1,False,Exterior,DAS-E1,336.1,42.6
TILE_04009,032023198519521,40.8161224,-74.0682449,T-Mobile,97.36,11.56,45.5,53,18,574.1,False,Exterior,DAS-E1,336.1,42.6
TILE_04010,032023114816779,40.8161224,-74.068,T-Mobile,10.0,23.68,46.6,34,22,592.6,False,Exterior,DAS-E1,349.7,40.7
TILE_04011,032023114328937,40.8162755,-74.08,Verizon,113.35,14.69,52.2,80,40,554.4,False,Exterior,DAS-W1,331.7,44.6
TILE_04012,032023139098690,40.8162755,-74.08,AT&T,107.74,13.52,68.4,56,25,554.4,False,Exterior,DAS-W1,331.7,44.6
TILE_04013,032023139119866,40.8162755,-74.0797551,Verizon,34.92,12.38,53.3,25,21,536.6,False,Exterior,DAS-W1,320.6,46.3
TILE_04014,032023152801833,40.8162755,-74.0797551,AT&T,29.53,15.01,53.9,15,21,536.6,False,Exterior,DAS-W1,320.6,46.3
TILE_04015,032023132748902,40.8162755,-74.0797551,T-Mobile,85.59,26.13,36.5,25,19,536.6,False,Exterior,DAS-W1,320.6,46.3
TILE_04016,032023181668326,40.8162755,-74.0795102,Verizon,45.29,13.72,42.7,13,5,519.1,False,Exterior,DAS-W1,310.5,48.1
TILE_04017,032023168975264,40.8162755,-74.0795102,AT&T,120.44,6.11,62.6,11,5,519.1,False,Exterior,DAS-W1,310.5,48.1
TILE_04018,032023170545143,40.8162755,-74.0795102,T-Mobile,94.3,3.59,39.2,10,6,519.1,False,Exterior,DAS-W1,310.5,48.1
TILE_04019,032023147751590,40.8162755,-74.0795102,US Cellular,38.31,11.38,70.9,2,1,519.1,False,Exterior,DAS-W1,310.5,48.1
TILE_04020,032023183862303,40.8162755,-74.0792653,AT&T,28.2,2.82,50.1,8,4,501.7,False,Exterior,DAS-W1,301.4,49.8
TILE_04021,032023192867442,40.8162755,-74.0790204,AT&T,122.68,11.46,57.0,25,7,484.6,False,Exterior,DAS-N2,285.0,51.5
TILE_04022,032023173262356,40.8162755,-74.0790204,T-Mobile,155.1,16.77,39.0,17,7,484.6,False,Exterior,DAS-N2,285.0,51.5
TILE_04023,032023187314906,40.8162755,-74.0787755,Verizon,132.21,13.52,42.0,10,3,467.8,False,Exterior,DAS-N2,265.4,53.2
TILE_04024,032023139648007,40.8162755,-74.0785306,AT&T,53.27,9.85,45.2,51,14,451.4,False,Exterior,DAS-N2,245.9,54.9
TILE_04025,032023167987108,40.8162755,-74.0785306,T-Mobile,163.8,7.15,27.1,60,18,451.4,False,Exterior,DAS-N2,245.9,54.9
TILE_04026,032023151671206,40.8162755,-74.0782857,T-Mobile,106.45,26.66,26.6,20,20,435.2,False,Exterior,DAS-N2,226.7,56.5
TILE_04027,032023170204656,40.8162755,-74.0780408,AT&T,67.05,14.51,51.0,42,21,419.5,False,Exterior,DAS-N2,207.7,58.0
TILE_04028,032023121662353,40.8162755,-74.0777959,Verizon,80.31,2.42,37.7,26,10,404.3,False,Exterior,DAS-N2,189.1,59.6
TILE_04029,032023123130465,40.8162755,-74.0777959,AT&T,123.08,13.8,44.9,15,10,404.3,False,Exterior,DAS-N2,189.1,59.6
TILE_04030,032023131560741,40.8162755,-74.0777959,T-Mobile,35.83,12.74,26.9,25,6,404.3,False,Exterior,DAS-N2,189.1,59.6
TILE_04031,032023167857483,40.8162755,-74.077551,AT&T,44.84,12.97,43.3,36,16,389.5,False,Exterior,DAS-N2,171.0,61.1
TILE_04032,032023190922985,40.8162755,-74.0773061,Verizon,97.49,13.05,42.3,66,36,375.3,False,Exterior,DAS-N2,153.5,62.5
TILE_04033,032023188048424,40.8162755,-74.0773061,AT&T,149.93,13.19,37.9,71,32,375.3,False,Exterior,DAS-N2,153.5,62.5
TILE_04034,032023139254901,40.8162755,-74.0773061,US Cellular,87.82,8.46,51.3,13,6,375.3,False,Exterior,DAS-N2,153.5,62.5
TILE_04035,032023154686114,40.8162755,-74.0770612,Verizon,55.98,11.28,30.3,16,6,361.7,False,Exterior,DAS-N2,136.9,63.8
TILE_04036,032023179740270,40.8162755,-74.0770612,AT&T,90.82,11.17,39.0,15,7,361.7,False,Exterior,DAS-N2,136.9,63.8
TILE_04037,032023161532097,40.8162755,-74.0770612,T-Mobile,190.67,18.47,34.0,10,5,361.7,False,Exterior,DAS-N2,136.9,63.8
TILE_04038,032023173348559,40.8162755,-74.0765714,Verizon,101.77,24.33,23.7,46,14,336.6,False,Exterior,DAS-N2,107.9,66.3
TILE_04039,032023123713847,40.8162755,-74.0765714,US Cellular,51.04,2.0,48.2,9,5,336.6,False,Exterior,DAS-N2,107.9,66.3
TILE_04040,032023139387536,40.8162755,-74.0763265,Verizon,164.16,10.36,35.3,34,14,325.4,False,Exterior,DAS-N2,96.9,67.5
TILE_04041,032023159223932,40.8162755,-74.0763265,AT&T,117.24,12.61,43.3,16,16,325.4,False,Exterior,DAS-N2,96.9,67.5
TILE_04042,032023182591091,40.8162755,-74.0763265,T-Mobile,131.7,20.56,23.3,28,12,325.4,False,Exterior,DAS-N2,96.9,67.5
TILE_04043,032023195326085,40.8162755,-74.0760816,Verizon,181.49,2.86,25.3,40,32,315.1,False,Exterior,DAS-N2,89.3,68.5
TILE_04044,032023152335488,40.8162755,-74.0760816,AT&T,83.78,17.09,40.8,26,13,315.1,False,Exterior,DAS-N2,89.3,68.5
TILE_04045,032023159655902,40.8162755,-74.0760816,T-Mobile,139.82,28.88,32.3,53,22,315.1,False,Exterior,DAS-N2,89.3,68.5
TILE_04046,032023195801502,40.8162755,-74.0760816,US Cellular,54.32,20.27,50.2,11,5,315.1,False,Exterior,DAS-N2,89.3,68.5
TILE_04047,032023167447620,40.8162755,-74.0758367,Verizon,112.95,15.74,36.1,11,2,305.8,False,Exterior,DAS-N2,86.2,69.4
TILE_04048,032023135918607,40.8162755,-74.0758367,T-Mobile,114.49,30.43,23.4,9,4,305.8,False,Exterior,DAS-N2,86.2,69.4
TILE_04049,032023130582346,40.8162755,-74.0755918,Verizon,89.63,10.01,29.4,29,20,297.7,False,Exterior,DAS-N2,87.9,70.2
TILE_04050,032023156786349,40.8162755,-74.0755918,AT&T,135.07,21.36,42.6,26,13,297.7,False,Exterior,DAS-N2,87.9,70.2
TILE_04051,032023164534295,40.8162755,-74.0753469,Verizon,82.34,14.14,39.7,25,15,290.8,False,Exterior,DAS-N2,94.2,70.9
TILE_04052,032023113922331,40.8162755,-74.0753469,AT&T,143.31,16.51,37.1,33,11,290.8,False,Exterior,DAS-N2,94.2,70.9
TILE_04053,032023146052819,40.8162755,-74.0753469,US Cellular,125.43,9.74,45.1,6,2,290.8,False,Exterior,DAS-N2,94.2,70.9
TILE_04054,032023169905645,40.8162755,-74.075102,Verizon,108.2,15.68,37.2,77,23,285.3,False,Exterior,DAS-N2,104.3,71.5
TILE_04055,032023159125860,40.8162755,-74.075102,AT&T,108.85,18.56,36.9,56,33,285.3,False,Exterior,DAS-N2,104.3,71.5
TILE_04056,032023117801869,40.8162755,-74.0748571,Verizon,110.2,17.2,24.6,27,17,281.2,False,Exterior,DAS-N1,102.4,71.9
TILE_04057,032023189929225,40.8162755,-74.0746122,Verizon,228.04,27.94,35.4,12,12,278.5,False,Exterior,DAS-N1,92.9,72.1
TILE_04058,032023199144488,40.8162755,-74.0743673,AT&T,149.04,11.23,48.9,9,5,277.4,False,Exterior,DAS-N1,87.3,72.3
TILE_04059,032023170694961,40.8162755,-74.0743673,T-Mobile,80.82,25.22,24.0,9,3,277.4,False,Exterior,DAS-N1,87.3,72.3
TILE_04060,032023130559151,40.8162755,-74.0741224,Verizon,167.0,17.55,26.8,74,21,277.8,False,Exterior,DAS-N1,86.4,72.2
TILE_04061,032023185265445,40.8162755,-74.0741224,AT&T,122.94,24.9,43.1,38,32,277.8,False,Exterior,DAS-N1,86.4,72.2
TILE_04062,032023130484528,40.8162755,-74.0741224,T-Mobile,185.29,13.25,19.7,47,30,277.8,False,Exterior,DAS-N1,86.4,72.2
TILE_04063,032023167785152,40.8162755,-74.0738776,Verizon,174.56,25.01,26.8,71,39,279.7,False,Exterior,DAS-N1,90.3,72.0
TILE_04064,032023112826434,40.8162755,-74.0738776,AT&T,116.45,9.4,40.2,83,29,279.7,False,Exterior,DAS-N1,90.3,72.0
TILE_04065,032023191951626,40.8162755,-74.0738776,T-Mobile,160.86,16.15,24.0,75,16,279.7,False,Exterior,DAS-N1,90.3,72.0
TILE_04066,032023153520942,40.8162755,-74.0736327,T-Mobile,160.56,9.53,22.8,20,9,283.2,False,Exterior,DAS-N1,98.5,71.7
TILE_04067,032023189526355,40.8162755,-74.0733878,Verizon,139.71,12.9,32.5,12,15,288.1,False,Exterior,DAS-N1,110.1,71.2
TILE_04068,032023142580403,40.8162755,-74.0733878,T-Mobile,82.33,24.61,28.8,11,7,288.1,False,Exterior,DAS-N1,110.1,71.2
TILE_04069,032023140242063,40.8162755,-74.0733878,US Cellular,37.66,5.7,53.0,2,1,288.1,False,Exterior,DAS-N1,110.1,71.2
TILE_04070,032023170620807,40.8162755,-74.072898,Verizon,136.07,2.0,36.2,16,4,301.9,False,Exterior,DAS-N1,139.6,69.8
TILE_04071,032023189561372,40.8162755,-74.072898,AT&T,119.45,17.68,35.9,11,3,301.9,False,Exterior,DAS-N1,139.6,69.8
TILE_04072,032023196904035,40.8162755,-74.0726531,Verizon,94.37,22.25,28.6,49,27,310.6,False,Exterior,DAS-N1,156.4,68.9
TILE_04073,032023117050958,40.8162755,-74.0724082,Verizon,125.85,6.75,34.0,56,29,320.4,False,Exterior,DAS-N1,174.0,68.0
TILE_04074,032023167753834,40.8162755,-74.0724082,AT&T,145.73,8.63,43.9,61,25,320.4,False,Exterior,DAS-N1,174.0,68.0
TILE_04075,032023160894883,40.8162755,-74.0724082,T-Mobile,102.94,43.71,27.6,55,19,320.4,False,Exterior,DAS-N1,174.0,68.0
TILE_04076,032023181314946,40.8162755,-74.0721633,AT&T,126.43,15.2,48.5,21,11,331.3,False,Exterior,DAS-N1,192.2,66.9
TILE_04077,032023146639848,40.8162755,-74.0721633,T-Mobile,152.36,27.79,33.2,45,20,331.3,False,Exterior,DAS-N1,192.2,66.9
TILE_04078,032023162014189,40.8162755,-74.0719184,Verizon,100.67,10.01,33.3,32,38,343.0,False,Exterior,DAS-N1,210.9,65.7
TILE_04079,032023143002541,40.8162755,-74.0719184,T-Mobile,129.75,34.97,18.9,64,21,343.0,False,Exterior,DAS-N1,210.9,65.7
TILE_04080,032023118060525,40.8162755,-74.0716735,Verizon,129.08,31.15,36.0,22,25,355.5,False,Exterior,DAS-N1,229.9,64.4
TILE_04081,032023169316193,40.8162755,-74.0716735,T-Mobile,230.44,22.61,23.8,34,23,355.5,False,Exterior,DAS-N1,229.9,64.4
TILE_04082,032023153000999,40.8162755,-74.0714286,Verizon,10.0,32.58,29.6,18,20,368.8,False,Exterior,DAS-N1,249.2,63.1
TILE_04083,032023155974939,40.8162755,-74.0714286,AT&T,35.07,17.46,32.4,17,9,368.8,False,Exterior,DAS-N1,249.2,63.1
TILE_04084,032023127014216,40.8162755,-74.0711837,Verizon,79.27,2.73,36.0,42,20,382.7,False,Exterior,DAS-N1,268.7,61.7
TILE_04085,032023161605509,40.8162755,-74.0711837,T-Mobile,105.55,2.0,28.2,26,18,382.7,False,Exterior,DAS-N1,268.7,61.7
TILE_04086,032023179803106,40.8162755,-74.0711837,US Cellular,57.02,11.38,49.0,9,4,382.7,False,Exterior,DAS-N1,268.7,61.7
TILE_04087,032023117689590,40.8162755,-74.0709388,AT&T,112.99,19.93,50.2,17,5,397.3,False,Exterior,DAS-E1,275.2,60.3
TILE_04088,032023189606770,40.8162755,-74.0709388,T-Mobile,68.66,32.67,37.8,19,4,397.3,False,Exterior,DAS-E1,275.2,60.3
TILE_04089,032023158521539,40.8162755,-74.0706939,Verizon,71.23,8.99,47.0,41,30,412.3,False,Exterior,DAS-E1,275.1,58.8
TILE_04090,032023117079384,40.8162755,-74.0706939,AT&T,70.53,13.26,51.8,27,22,412.3,False,Exterior,DAS-E1,275.1,58.8
TILE_04091,032023165699552,40.8162755,-74.0706939,T-Mobile,196.19,5.08,30.4,44,22,412.3,False,Exterior,DAS-E1,275.1,58.8
TILE_04092,032023164870767,40.8162755,-74.070449,Verizon,133.13,16.4,35.4,72,33,427.8,False,Exterior,DAS-E1,276.5,57.2
TILE_04093,032023127210520,40.8162755,-74.070449,T-Mobile,155.13,10.92,27.4,55,24,427.8,False,Exterior,DAS-E1,276.5,57.2
TILE_04094,032023142776804,40.8162755,-74.0702041,Verizon,70.6,16.66,41.1,8,5,443.8,False,Exterior,DAS-E1,279.5,55.6
TILE_04095,032023142383317,40.8162755,-74.0702041,AT&T,79.57,17.78,51.4,9,4,443.8,False,Exterior,DAS-E1,279.5,55.6
TILE_04096,032023128212477,40.8162755,-74.0702041,T-Mobile,123.78,7.67,33.7,3,3,443.8,False,Exterior,DAS-E1,279.5,55.6
TILE_04097,032023139990353,40.8162755,-74.0699592,Verizon,96.5,24.8,46.5,33,19,460.1,False,Exterior,DAS-E1,283.9,54.0
TILE_04098,032023179046934,40.8162755,-74.0699592,AT&T,68.42,2.0,44.1,54,20,460.1,False,Exterior,DAS-E1,283.9,54.0
TILE_04099,032023140709621,40.8162755,-74.0697143,Verizon,134.92,10.69,41.9,25,18,476.7,False,Exterior,DAS-E1,289.8,52.3
TILE_04100,032023163911010,40.8162755,-74.0697143,AT&T,55.85,13.99,64.3,42,22,476.7,False,Exterior,DAS-E1,289.8,52.3
TILE_04101,032023193502491,40.8162755,-74.0697143,T-Mobile,204.29,17.27,29.3,41,10,476.7,False,Exterior,DAS-E1,289.8,52.3
TILE_04102,032023155217542,40.8162755,-74.0694694,Verizon,50.86,3.35,49.3,21,12,493.7,False,Exterior,DAS-E1,296.9,50.6
TILE_04103,032023194573666,40.8162755,-74.0694694,AT&T,100.6,16.44,55.0,21,8,493.7,False,Exterior,DAS-E1,296.9,50.6
TILE_04104,032023128980236,40.8162755,-74.0689796,Verizon,167.38,15.03,49.6,42,30,528.4,False,Exterior,DAS-E1,314.9,47.2
TILE_04105,032023142281056,40.8162755,-74.0689796,AT&T,90.72,20.33,49.6,29,26,528.4,False,Exterior,DAS-E1,314.9,47.2
TILE_04106,032023146541744,40.8162755,-74.0687347,AT&T,10.0,12.82,68.1,13,12,546.1,False,Exterior,DAS-E1,325.5,45.4
TILE_04107,032023136335527,40.8162755,-74.0684898,Verizon,129.12,15.8,44.7,88,33,564.0,False,Exterior,DAS-E1,337.0,43.6
TILE_04108,032023155823044,40.8162755,-74.0684898,AT&T,66.86,10.2,64.9,60,27,564.0,False,Exterior,DAS-E1,337.0,43.6
TILE_04109,032023189441957,40.8162755,-74.0684898,T-Mobile,29.11,8.5,41.2,43,19,564.0,False,Exterior,DAS-E1,337.0,43.6
TILE_04110,032023136778373,40.8162755,-74.0684898,US Cellular,82.78,4.74,91.6,12,9,564.0,False,Exterior,DAS-E1,337.0,43.6
TILE_04111,032023183393415,40.8162755,-74.0682449,Verizon,73.63,17.54,57.5,8,3,582.0,False,Exterior,DAS-E1,349.4,41.8
TILE_04112,032023116526885,40.8162755,-74.0682449,AT&T,123.7,5.54,67.9,10,6,582.0,False,Exterior,DAS-E1,349.4,41.8
TILE_04113,032023137188971,40.8162755,-74.0682449,US Cellular,61.34,6.66,80.6,2,1,582.0,False,Exterior,DAS-E1,349.4,41.8
TILE_04114,032023151984078,40.8164286,-74.08,Verizon,108.98,6.6,52.0,50,17,563.1,False,Exterior,DAS-W1,345.9,43.7
TILE_04115,032023136053762,40.8164286,-74.08,T-Mobile,39.33,32.4,41.3,42,14,563.1,False,Exterior,DAS-W1,345.9,43.7
TILE_04116,032023168779898,40.8164286,-74.08,US Cellular,76.12,6.95,81.5,6,3,563.1,False,Exterior,DAS-W1,345.9,43.7
TILE_04117,032023191073312,40.8164286,-74.0797551,AT&T,14.46,3.2,64.1,11,3,545.6,False,Exterior,DAS-W1,335.3,45.4
TILE_04118,032023166550436,40.8164286,-74.0795102,Verizon,84.49,4.63,50.6,11,10,528.3,False,Exterior,DAS-W1,325.6,47.2
TILE_04119,032023168037981,40.8164286,-74.0790204,Verizon,29.1,7.98,45.8,26,17,494.6,False,Exterior,DAS-N2,290.6,50.5
TILE_04120,032023162321472,40.8164286,-74.0790204,AT&T,104.65,11.25,53.1,17,13,494.6,False,Exterior,DAS-N2,290.6,50.5
TILE_04121,032023121788134,40.8164286,-74.0790204,T-Mobile,73.59,8.56,35.7,21,12,494.6,False,Exterior,DAS-N2,290.6,50.5
TILE_04122,032023117103993,40.8164286,-74.0787755,Verizon,175.15,6.32,37.0,27,8,478.1,False,Exterior,DAS-N2,271.4,52.2
TILE_04123,032023160169102,40.8164286,-74.0787755,AT&T,98.12,2.0,50.2,14,11,478.1,False,Exterior,DAS-N2,271.4,52.2
TILE_04124,032023168106002,40.8164286,-74.0787755,T-Mobile,118.33,41.04,37.9,27,6,478.1,False,Exterior,DAS-N2,271.4,52.2
TILE_04125,032023194698240,40.8164286,-74.0782857,Verizon,128.74,11.21,44.1,59,13,446.3,False,Exterior,DAS-N2,233.7,55.4
TILE_04126,032023186136608,40.8164286,-74.0782857,T-Mobile,154.85,19.21,35.3,21,16,446.3,False,Exterior,DAS-N2,233.7,55.4
TILE_04127,032023184671170,40.8164286,-74.0780408,Verizon,66.85,16.43,37.1,79,17,431.0,False,Exterior,DAS-N2,215.3,56.9
TILE_04128,032023189951203,40.8164286,-74.0780408,T-Mobile,130.83,25.84,27.6,51,28,431.0,False,Exterior,DAS-N2,215.3,56.9
TILE_04129,032023153947013,40.8164286,-74.0777959,T-Mobile,102.19,37.89,25.8,46,17,416.1,False,Exterior,DAS-N2,197.5,58.4
TILE_04130,032023149502733,40.8164286,-74.077551,Verizon,87.29,10.97,35.6,32,15,401.8,False,Exterior,DAS-N2,180.2,59.8
TILE_04131,032023156532554,40.8164286,-74.0773061,Verizon,145.55,2.0,38.9,23,20,388.0,False,Exterior,DAS-N2,163.6,61.2
TILE_04132,032023132306617,40.8164286,-74.0773061,AT&T,101.47,14.52,47.9,22,8,388.0,False,Exterior,DAS-N2,163.6,61.2
TILE_04133,032023136852850,40.8164286,-74.0773061,T-Mobile,183.04,24.18,30.8,35,15,388.0,False,Exterior,DAS-N2,163.6,61.2
TILE_04134,032023133217182,40.8164286,-74.0773061,US Cellular,47.48,9.3,61.5,4,3,388.0,False,Exterior,DAS-N2,163.6,61.2
TILE_04135,032023140044964,40.8164286,-74.0770612,Verizon,99.35,21.52,37.6,27,14,374.9,False,Exterior,DAS-N2,148.2,62.5
TILE_04136,032023157054284,40.8164286,-74.0770612,AT&T,59.61,14.51,40.3,31,13,374.9,False,Exterior,DAS-N2,148.2,62.5
TILE_04137,032023172269096,40.8164286,-74.0768163,Verizon,76.68,14.41,34.4,38,24,362.4,False,Exterior,DAS-N2,134.1,63.8
TILE_04138,032023124626969,40.8164286,-74.0768163,AT&T,55.35,4.16,36.9,49,16,362.4,False,Exterior,DAS-N2,134.1,63.8
TILE_04139,032023131125811,40.8164286,-74.0768163,T-Mobile,174.25,25.92,33.6,32,13,362.4,False,Exterior,DAS-N2,134.1,63.8
TILE_04140,032023190404371,40.8164286,-74.0765714,Verizon,99.12,17.35,39.8,11,11,350.8,False,Exterior,DAS-N2,121.9,64.9
TILE_04141,032023122143398,40.8164286,-74.0765714,AT&T,75.72,10.53,53.7,10,7,350.8,False,Exterior,DAS-N2,121.9,64.9
TILE_04142,032023141191707,40.8164286,-74.0763265,Verizon,102.47,24.77,37.0,36,40,340.0,False,Exterior,DAS-N2,112.3,66.0
TILE_04143,032023179280117,40.8164286,-74.0763265,AT&T,102.63,14.21,43.2,77,32,340.0,False,Exterior,DAS-N2,112.3,66.0
TILE_04144,032023112857690,40.8164286,-74.0760816,Verizon,137.9,11.63,34.5,53,11,330.1,False,Exterior,DAS-N2,105.8,67.0
TILE_04145,032023166113858,40.8164286,-74.0758367,Verizon,136.74,18.49,26.3,52,28,321.3,False,Exterior,DAS-N2,103.2,67.9
TILE_04146,032023151357506,40.8164286,-74.0755918,AT&T,79.54,11.44,38.8,6,5,313.6,False,Exterior,DAS-N2,104.6,68.6
TILE_04147,032023117869049,40.8164286,-74.0755918,T-Mobile,142.4,13.12,28.7,14,7,313.6,False,Exterior,DAS-N2,104.6,68.6
TILE_04148,032023196233311,40.8164286,-74.0753469,Verizon,117.05,23.1,28.5,16,17,307.1,False,Exterior,DAS-N2,110.0,69.3
TILE_04149,032023111907902,40.8164286,-74.0753469,T-Mobile,193.2,13.04,29.1,33,12,307.1,False,Exterior,DAS-N2,110.0,69.3
TILE_04150,032023172231972,40.8164286,-74.075102,AT&T,112.15,18.37,43.6,51,33,301.8,False,Exterior,DAS-N2,118.7,69.8
TILE_04151,032023131521875,40.8164286,-74.075102,T-Mobile,117.75,22.67,30.0,42,19,301.8,False,Exterior,DAS-N2,118.7,69.8
TILE_04152,032023196741639,40.8164286,-74.0748571,Verizon,103.95,15.37,37.8,31,30,297.9,False,Exterior,DAS-N1,117.1,70.2
TILE_04153,032023154571427,40.8164286,-74.0748571,T-Mobile,124.12,21.79,26.5,42,19,297.9,False,Exterior,DAS-N1,117.1,70.2
TILE_04154,032023171864298,40.8164286,-74.0746122,Verizon,154.76,11.93,43.4,41,21,295.4,False,Exterior,DAS-N1,108.8,70.5
TILE_04155,032023185764720,40.8164286,-74.0746122,AT&T,29.29,14.04,37.0,68,30,295.4,False,Exterior,DAS-N1,108.8,70.5
TILE_04156,032023162022150,40.8164286,-74.0743673,AT&T,114.0,21.02,35.3,43,23,294.4,False,Exterior,DAS-N1,104.1,70.6
TILE_04157,032023174491663,40.8164286,-74.0743673,T-Mobile,176.62,26.69,22.3,34,28,294.4,False,Exterior,DAS-N1,104.1,70.6
TILE_04158,032023118359944,40.8164286,-74.0743673,US Cellular,67.84,11.13,43.4,8,7,294.4,False,Exterior,DAS-N1,104.1,70.6
TILE_04159,032023177596302,40.8164286,-74.0741224,T-Mobile,138.01,29.81,18.6,6,4,294.8,False,Exterior,DAS-N1,103.3,70.5
TILE_04160,032023135589106,40.8164286,-74.0738776,Verizon,80.65,27.5,30.2,8,3,296.6,False,Exterior,DAS-N1,106.6,70.3
TILE_04161,032023114204691,40.8164286,-74.0736327,AT&T,36.43,17.73,38.0,46,24,299.8,False,Exterior,DAS-N1,113.7,70.0
TILE_04162,032023163665964,40.8164286,-74.0736327,T-Mobile,206.46,21.93,37.2,49,26,299.8,False,Exterior,DAS-N1,113.7,70.0
TILE_04163,032023196088827,40.8164286,-74.0736327,US Cellular,70.23,14.81,50.8,11,6,299.8,False,Exterior,DAS-N1,113.7,70.0
TILE_04164,032023146045639,40.8164286,-74.0733878,Verizon,87.88,2.0,27.5,28,12,304.5,False,Exterior,DAS-N1,123.8,69.6
TILE_04165,032023181414709,40.8164286,-74.0733878,AT&T,101.53,7.51,42.5,19,7,304.5,False,Exterior,DAS-N1,123.8,69.6
TILE_04166,032023155301843,40.8164286,-74.0733878,T-Mobile,115.97,2.06,30.1,17,7,304.5,False,Exterior,DAS-N1,123.8,69.6
TILE_04167,032023177774651,40.8164286,-74.072898,Verizon,147.92,21.48,35.0,9,10,317.5,False,Exterior,DAS-N1,150.7,68.2
TILE_04168,032023147782497,40.8164286,-74.072898,AT&T,106.32,12.9,40.5,12,8,317.5,False,Exterior,DAS-N1,150.7,68.2
TILE_04169,032023110309795,40.8164286,-74.072898,US Cellular,33.14,9.35,52.5,2,1,317.5,False,Exterior,DAS-N1,150.7,68.2
TILE_04170,032023190178476,40.8164286,-74.0726531,Verizon,167.11,20.31,42.9,65,42,325.9,False,Exterior,DAS-N1,166.3,67.4
TILE_04171,032023115505394,40.8164286,-74.0726531,T-Mobile,81.81,2.0,20.9,63,19,325.9,False,Exterior,DAS-N1,166.3,67.4
TILE_04172,032023159559009,40.8164286,-74.0724082,Verizon,206.55,17.87,32.6,21,14,335.2,False,Exterior,DAS-N1,183.0,66.5
TILE_04173,032023173479249,40.8164286,-74.0724082,T-Mobile,94.84,15.47,23.7,25,10,335.2,False,Exterior,DAS-N1,183.0,66.5
TILE_04174,032023167628131,40.8164286,-74.0721633,Verizon,118.96,13.01,29.3,12,7,345.6,False,Exterior,DAS-N1,200.4,65.4
TILE_04175,032023183476981,40.8164286,-74.0721633,AT&T,88.92,6.36,48.5,5,7,345.6,False,Exterior,DAS-N1,200.4,65.4
TILE_04176,032023188560987,40.8164286,-74.0721633,US Cellular,46.13,20.9,56.3,2,1,345.6,False,Exterior,DAS-N1,200.4,65.4
TILE_04177,032023145924626,40.8164286,-74.0719184,Verizon,89.39,12.06,30.7,47,18,356.9,False,Exterior,DAS-N1,218.4,64.3
TILE_04178,032023149441585,40.8164286,-74.0719184,T-Mobile,70.12,7.77,25.5,39,11,356.9,False,Exterior,DAS-N1,218.4,64.3
TILE_04179,032023198011875,40.8164286,-74.0716735,Verizon,97.76,29.4,43.0,45,32,368.9,False,Exterior,DAS-N1,236.8,63.1
TILE_04180,032023156786214,40.8164286,-74.0716735,T-Mobile,121.83,38.31,27.1,57,17,368.9,False,Exterior,DAS-N1,236.8,63.1
TILE_04181,032023142130101,40.8164286,-74.0714286,T-Mobile,159.51,28.55,28.7,35,10,381.8,False,Exterior,DAS-N1,255.6,61.8
TILE_04182,032023131142136,40.8164286,-74.0711837,Verizon,110.64,15.64,36.5,35,25,395.2,False,Exterior,DAS-N1,274.6,60.5
TILE_04183,032023134790021,40.8164286,-74.0709388,Verizon,26.38,2.7,38.1,36,21,409.3,False,Exterior,DAS-E1,292.1,59.1
TILE_04184,032023139206845,40.8164286,-74.0706939,Verizon,81.67,13.49,43.2,34,10,423.9,False,Exterior,DAS-E1,292.0,57.6
TILE_04185,032023116168473,40.8164286,-74.0706939,AT&T,49.72,18.94,48.5,26,12,423.9,False,Exterior,DAS-E1,292.0,57.6
TILE_04186,032023156604372,40.8164286,-74.070449,Verizon,56.55,13.7,43.8,9,5,439.0,False,Exterior,DAS-E1,293.4,56.1
TILE_04187,032023155472941,40.8164286,-74.070449,AT&T,77.9,2.0,44.1,5,3,439.0,False,Exterior,DAS-E1,293.4,56.1
TILE_04188,032023187180344,40.8164286,-74.070449,T-Mobile,110.51,26.81,43.2,6,3,439.0,False,Exterior,DAS-E1,293.4,56.1
TILE_04189,032023151180056,40.8164286,-74.0702041,Verizon,89.91,24.19,31.8,57,21,454.6,False,Exterior,DAS-E1,296.2,54.5
TILE_04190,032023130655569,40.8164286,-74.0702041,AT&T,110.05,15.53,45.7,67,19,454.6,False,Exterior,DAS-E1,296.2,54.5
TILE_04191,032023188545591,40.8164286,-74.0702041,US Cellular,53.61,5.1,61.6,14,7,454.6,False,Exterior,DAS-E1,296.2,54.5
TILE_04192,032023199406105,40.8164286,-74.0699592,AT&T,93.04,15.4,49.1,41,13,470.5,False,Exterior,DAS-E1,300.4,52.9
TILE_04193,032023151102612,40.8164286,-74.0699592,T-Mobile,66.38,7.17,39.4,21,13,470.5,False,Exterior,DAS-E1,300.4,52.9
TILE_04194,032023138830619,40.8164286,-74.0697143,AT&T,76.42,16.96,53.1,45,13,486.8,False,Exterior,DAS-E1,305.9,51.3
TILE_04195,032023141944572,40.8164286,-74.0697143,T-Mobile,174.14,10.75,43.5,32,25,486.8,False,Exterior,DAS-E1,305.9,51.3
TILE_04196,032023124379237,40.8164286,-74.0694694,Verizon,126.55,10.77,50.6,50,39,503.4,False,Exterior,DAS-E1,312.7,49.7
TILE_04197,032023175901237,40.8164286,-74.0694694,AT&T,62.31,17.72,63.9,35,24,503.4,False,Exterior,DAS-E1,312.7,49.7
TILE_04198,032023169765007,40.8164286,-74.0694694,T-Mobile,117.43,2.0,37.8,64,34,503.4,False,Exterior,DAS-E1,312.7,49.7
TILE_04199,032023196176520,40.8164286,-74.0692245,Verizon,104.42,6.95,44.5,79,40,520.3,False,Exterior,DAS-E1,320.7,48.0
TILE_04200,032023118105851,40.8164286,-74.0692245,AT&T,28.14,10.34,64.6,41,33,520.3,False,Exterior,DAS-E1,320.7,48.0
TILE_04201,032023178440135,40.8164286,-74.0692245,T-Mobile,10.0,16.06,41.7,63,29,520.3,False,Exterior,DAS-E1,320.7,48.0
TILE_04202,032023137945071,40.8164286,-74.0689796,Verizon,90.8,14.7,55.4,20,7,537.5,False,Exterior,DAS-E1,329.8,46.3
TILE_04203,032023182803609,40.8164286,-74.0689796,AT&T,57.78,3.77,60.7,21,6,537.5,False,Exterior,DAS-E1,329.8,46.3
TILE_04204,032023180536493,40.8164286,-74.0689796,T-Mobile,58.38,17.22,42.2,14,7,537.5,False,Exterior,DAS-E1,329.8,46.3
TILE_04205,032023131618606,40.8164286,-74.0687347,AT&T,70.24,12.84,54.4,19,9,554.9,False,Exterior,DAS-E1,340.0,44.5
TILE_04206,032023142060601,40.8164286,-74.0687347,T-Mobile,102.02,22.59,43.5,7,9,554.9,False,Exterior,DAS-E1,340.0,44.5
TILE_04207,032023158358694,40.8164286,-74.0684898,Verizon,154.81,2.0,49.0,53,23,572.5,False,Exterior,DAS-E1,351.0,42.7
TILE_04208,032023111850374,40.8164286,-74.0684898,T-Mobile,10.0,27.32,46.8,21,18,572.5,False,Exterior,DAS-E1,351.0,42.7
TILE_04209,032023174592158,40.8164286,-74.0682449,Verizon,103.44,19.98,63.9,59,37,590.3,False,Exterior,DAS-E1,362.9,41.0
TILE_04210,032023192334472,40.8164286,-74.0682449,AT&T,177.75,7.85,68.2,30,18,590.3,False,Exterior,DAS-E1,362.9,41.0
TILE_04211,032023132836359,40.8164286,-74.0682449,T-Mobile,44.11,10.76,45.2,28,26,590.3,False,Exterior,DAS-E1,362.9,41.0
TILE_04212,032023112813013,40.8165816,-74.08,T-Mobile,48.67,14.36,45.8,44,17,572.2,False,Exterior,DAS-W1,360.4,42.8
TILE_04213,032023197451340,40.8165816,-74.08,US Cellular,72.86,3.71,79.9,5,3,572.2,False,Exterior,DAS-W1,360.4,42.8
TILE_04214,032023176123489,40.8165816,-74.0797551,AT&T,120.74,7.9,59.4,40,20,555.0,False,Exterior,DAS-W1,350.2,44.5
TILE_04215,032023133278143,40.8165816,-74.0797551,T-Mobile,84.59,7.72,37.5,35,23,555.0,False,Exterior,DAS-W1,350.2,44.5
TILE_04216,032023182578613,40.8165816,-74.0795102,Verizon,136.27,8.93,40.8,42,24,538.0,False,Exterior,DAS-N2,335.3,46.2
TILE_04217,032023164325776,40.8165816,-74.0795102,AT&T,52.47,11.56,61.6,37,13,538.0,False,Exterior,DAS-N2,335.3,46.2
TILE_04218,032023148275385,40.8165816,-74.0795102,T-Mobile,152.69,17.96,41.2,40,14,538.0,False,Exterior,DAS-N2,335.3,46.2
TILE_04219,032023184390148,40.8165816,-74.0792653,Verizon,125.11,15.57,51.3,29,18,521.3,False,Exterior,DAS-N2,316.1,47.9
TILE_04220,032023172933094,40.8165816,-74.0792653,AT&T,48.76,7.3,57.9,38,13,521.3,False,Exterior,DAS-N2,316.1,47.9
TILE_04221,032023120743921,40.8165816,-74.0792653,US Cellular,20.11,15.74,73.1,3,2,521.3,False,Exterior,DAS-N2,316.1,47.9
TILE_04222,032023188748204,40.8165816,-74.0790204,Verizon,92.16,29.27,42.6,18,14,504.9,False,Exterior,DAS-N2,297.1,49.5
TILE_04223,032023122296873,40.8165816,-74.0790204,AT&T,77.74,10.33,50.9,23,13,504.9,False,Exterior,DAS-N2,297.1,49.5
TILE_04224,032023164494821,40.8165816,-74.0790204,T-Mobile,209.47,9.37,37.9,22,13,504.9,False,Exterior,DAS-N2,297.1,49.5
TILE_04225,032023149334948,40.8165816,-74.0787755,AT&T,46.14,5.95,53.3,16,8,488.8,False,Exterior,DAS-N2,278.3,51.1
TILE_04226,032023149218235,40.8165816,-74.0785306,Verizon,104.44,14.51,47.3,9,4,473.0,False,Exterior,DAS-N2,259.8,52.7
TILE_04227,032023153163433,40.8165816,-74.0785306,AT&T,141.63,13.89,49.8,14,3,473.0,False,Exterior,DAS-N2,259.8,52.7
TILE_04228,032023156861306,40.8165816,-74.0782857,Verizon,104.54,9.46,47.8,19,7,457.7,False,Exterior,DAS-N2,241.7,54.2
TILE_04229,032023166832969,40.8165816,-74.0782857,AT&T,85.69,2.0,54.0,20,11,457.7,False,Exterior,DAS-N2,241.7,54.2
TILE_04230,032023145164393,40.8165816,-74.0782857,T-Mobile,125.72,29.23,15.5,16,8,457.7,False,Exterior,DAS-N2,241.7,54.2
TILE_04231,032023185830241,40.8165816,-74.0780408,Verizon,16.89,6.33,44.7,55,27,442.7,False,Exterior,DAS-N2,224.0,55.7
TILE_04232,032023196430464,40.8165816,-74.0780408,US Cellular,83.73,2.0,64.7,7,5,442.7,False,Exterior,DAS-N2,224.0,55.7
TILE_04233,032023176940189,40.8165816,-74.0777959,Verizon,188.2,10.87,32.1,17,7,428.3,False,Exterior,DAS-N2,206.8,57.2
TILE_04234,032023148318378,40.8165816,-74.0777959,AT&T,85.17,15.99,55.6,25,9,428.3,False,Exterior,DAS-N2,206.8,57.2
TILE_04235,032023178541901,40.8165816,-74.077551,AT&T,81.98,15.3,50.0,21,7,414.4,False,Exterior,DAS-N2,190.4,58.6
TILE_04236,032023198284998,40.8165816,-74.077551,T-Mobile,28.09,29.76,27.3,16,9,414.4,False,Exterior,DAS-N2,190.4,58.6
TILE_04237,032023139013798,40.8165816,-74.0773061,AT&T,82.31,8.05,45.9,31,15,401.0,False,Exterior,DAS-N2,174.9,59.9
TILE_04238,032023164906911,40.8165816,-74.0770612,Verizon,124.31,7.7,34.3,73,39,388.3,False,Exterior,DAS-N2,160.5,61.2
TILE_04239,032023164092265,40.8165816,-74.0770612,US Cellular,42.72,12.77,64.8,16,8,388.3,False,Exterior,DAS-N2,160.5,61.2
TILE_04240,032023187628953,40.8165816,-74.0768163,Verizon,62.13,2.0,29.4,24,19,376.4,False,Exterior,DAS-N2,147.6,62.4
TILE_04241,032023111483520,40.8165816,-74.0768163,AT&T,79.25,6.14,45.6,13,9,376.4,False,Exterior,DAS-N2,147.6,62.4
TILE_04242,032023120211204,40.8165816,-74.0768163,T-Mobile,107.4,9.1,20.0,19,14,376.4,False,Exterior,DAS-N2,147.6,62.4
TILE_04243,032023194579051,40.8165816,-74.0765714,Verizon,95.76,24.12,29.8,15,9,365.2,False,Exterior,DAS-N2,136.6,63.5
TILE_04244,032023199081222,40.8165816,-74.0765714,T-Mobile,147.59,30.71,26.4,20,8,365.2,False,Exterior,DAS-N2,136.6,63.5
TILE_04245,032023190671018,40.8165816,-74.0763265,AT&T,70.32,12.69,42.9,67,19,354.8,False,Exterior,DAS-N2,128.1,64.5
TILE_04246,032023183062685,40.8165816,-74.0760816,Verizon,85.14,24.26,33.8,25,11,345.4,False,Exterior,DAS-N2,122.4,65.5
TILE_04247,032023186746025,40.8165816,-74.0760816,AT&T,75.11,16.64,47.8,11,9,345.4,False,Exterior,DAS-N2,122.4,65.5
TILE_04248,032023122497573,40.8165816,-74.0760816,T-Mobile,233.82,21.2,31.9,19,7,345.4,False,Exterior,DAS-N2,122.4,65.5
TILE_04249,032023188089129,40.8165816,-74.0758367,Verizon,115.86,2.0,47.1,4,4,336.9,False,Exterior,DAS-N2,120.2,66.3
TILE_04250,032023136274598,40.8165816,-74.0758367,AT&T,102.28,9.23,34.0,6,2,336.9,False,Exterior,DAS-N2,120.2,66.3
TILE_04251,032023138677730,40.8165816,-74.0755918,Verizon,110.8,23.55,30.9,13,9,329.6,False,Exterior,DAS-N2,121.4,67.0
TILE_04252,032023113148386,40.8165816,-74.0755918,AT&T,25.83,15.36,34.5,21,8,329.6,False,Exterior,DAS-N2,121.4,67.0
TILE_04253,032023164599454,40.8165816,-74.0755918,T-Mobile,111.35,18.84,37.9,14,9,329.6,False,Exterior,DAS-N2,121.4,67.0
TILE_04254,032023128159884,40.8165816,-74.0753469,Verizon,113.14,11.57,33.8,97,25,323.4,False,Exterior,DAS-N2,126.1,67.7
TILE_04255,032023176660147,40.8165816,-74.0753469,AT&T,88.83,3.76,46.2,73,36,323.4,False,Exterior,DAS-N2,126.1,67.7
TILE_04256,032023188240206,40.8165816,-74.075102,Verizon,161.04,19.17,25.7,43,32,318.4,False,Exterior,DAS-N2,133.8,68.2
TILE_04257,032023146828288,40.8165816,-74.0748571,Verizon,90.7,13.35,29.6,60,39,314.7,False,Exterior,DAS-N1,132.3,68.5
TILE_04258,032023121413951,40.8165816,-74.0748571,AT&T,106.33,11.51,36.4,61,29,314.7,False,Exterior,DAS-N1,132.3,68.5
TILE_04259,032023141953317,40.8165816,-74.0748571,T-Mobile,214.8,22.77,23.2,57,23,314.7,False,Exterior,DAS-N1,132.3,68.5
TILE_04260,032023121097275,40.8165816,-74.0746122,Verizon,197.52,29.81,23.3,49,29,312.4,False,Exterior,DAS-N1,125.0,68.8
TILE_04261,032023191090105,40.8165816,-74.0746122,T-Mobile,133.23,18.45,32.7,34,16,312.4,False,Exterior,DAS-N1,125.0,68.8
TILE_04262,032023145629146,40.8165816,-74.0743673,Verizon,104.93,24.14,31.9,39,44,311.4,False,Exterior,DAS-N1,120.9,68.9
TILE_04263,032023158952857,40.8165816,-74.0743673,US Cellular,50.26,11.36,54.2,12,8,311.4,False,Exterior,DAS-N1,120.9,68.9
TILE_04264,032023159901040,40.8165816,-74.0741224,Verizon,124.5,25.61,35.0,40,8,311.7,False,Exterior,DAS-N1,120.3,68.8
TILE_04265,032023158005068,40.8165816,-74.0741224,T-Mobile,94.83,20.89,28.4,21,7,311.7,False,Exterior,DAS-N1,120.3,68.8
TILE_04266,032023123399990,40.8165816,-74.0738776,Verizon,162.26,13.38,32.6,23,13,313.5,False,Exterior,DAS-N1,123.2,68.7
TILE_04267,032023119786827,40.8165816,-74.0738776,AT&T,147.43,10.21,46.4,38,10,313.5,False,Exterior,DAS-N1,123.2,68.7
TILE_04268,032023184581760,40.8165816,-74.0736327,Verizon,132.77,14.1,43.8,39,26,316.5,False,Exterior,DAS-N1,129.3,68.3
TILE_04269,032023146408578,40.8165816,-74.0733878,AT&T,94.82,10.05,38.3,10,5,320.9,False,Exterior,DAS-N1,138.3,67.9
TILE_04270,032023166066407,40.8165816,-74.0731429,US Cellular,92.75,12.98,58.7,6,4,326.5,False,Exterior,DAS-N1,149.6,67.3
TILE_04271,032023120359785,40.8165816,-74.072898,Verizon,76.32,6.32,40.4,27,18,333.4,False,Exterior,DAS-N1,162.8,66.7
TILE_04272,032023183636157,40.8165816,-74.072898,T-Mobile,104.83,13.47,32.1,26,10,333.4,False,Exterior,DAS-N1,162.8,66.7
TILE_04273,032023163898485,40.8165816,-74.0726531,AT&T,126.18,9.93,33.1,58,12,341.3,False,Exterior,DAS-N1,177.4,65.9
TILE_04274,032023168489376,40.8165816,-74.0726531,US Cellular,40.33,5.06,59.5,4,3,341.3,False,Exterior,DAS-N1,177.4,65.9
TILE_04275,032023124041428,40.8165816,-74.0724082,AT&T,122.85,7.79,42.2,14,5,350.3,False,Exterior,DAS-N1,193.1,65.0
TILE_04276,032023181044673,40.8165816,-74.0724082,T-Mobile,125.1,30.9,16.2,13,7,350.3,False,Exterior,DAS-N1,193.1,65.0
TILE_04277,032023159517075,40.8165816,-74.0721633,Verizon,159.04,22.56,38.9,12,4,360.2,False,Exterior,DAS-N1,209.7,64.0
TILE_04278,032023143595594,40.8165816,-74.0721633,T-Mobile,162.9,37.71,23.5,7,6,360.2,False,Exterior,DAS-N1,209.7,64.0
TILE_04279,032023164550128,40.8165816,-74.0719184,Verizon,161.13,26.72,40.0,60,15,371.0,False,Exterior,DAS-N1,226.9,62.9
TILE_04280,032023118738739,40.8165816,-74.0714286,Verizon,129.04,16.9,32.7,48,21,395.0,False,Exterior,DAS-N1,262.9,60.5
TILE_04281,032023172115120,40.8165816,-74.0714286,AT&T,89.48,5.2,40.0,40,21,395.0,False,Exterior,DAS-N1,262.9,60.5
TILE_04282,032023165700553,40.8165816,-74.0711837,AT&T,125.16,10.81,49.5,33,15,408.1,False,Exterior,DAS-N1,281.4,59.2
TILE_04283,032023121218162,40.8165816,-74.0711837,T-Mobile,123.18,27.18,30.7,65,29,408.1,False,Exterior,DAS-N1,281.4,59.2
TILE_04284,032023135786873,40.8165816,-74.0709388,Verizon,83.86,22.17,39.8,60,23,421.7,False,Exterior,DAS-N1,300.2,57.8
TILE_04285,032023157034912,40.8165816,-74.0709388,T-Mobile,136.61,8.42,35.1,41,23,421.7,False,Exterior,DAS-N1,300.2,57.8
TILE_04286,032023147602625,40.8165816,-74.0709388,US Cellular,33.65,14.19,58.7,12,4,421.7,False,Exterior,DAS-N1,300.2,57.8
TILE_04287,032023176015376,40.8165816,-74.0706939,Verizon,52.93,23.27,46.7,17,5,435.9,False,Exterior,DAS-E1,309.0,56.4
TILE_04288,032023117942634,40.8165816,-74.0706939,AT&T,55.83,24.39,53.8,6,6,435.9,False,Exterior,DAS-E1,309.0,56.4
TILE_04289,032023194485526,40.8165816,-74.0706939,T-Mobile,30.24,9.42,40.4,10,4,435.9,False,Exterior,DAS-E1,309.0,56.4
TILE_04290,032023196161676,40.8165816,-74.070449,AT&T,67.6,4.74,44.1,39,12,450.6,False,Exterior,DAS-E1,310.3,54.9
TILE_04291,032023115479116,40.8165816,-74.0702041,Verizon,49.25,18.78,38.6,22,12,465.8,False,Exterior,DAS-E1,313.0,53.4
TILE_04292,032023118300593,40.8165816,-74.0699592,Verizon,89.91,2.83,44.8,78,34,481.3,False,Exterior,DAS-E1,316.9,51.9
TILE_04293,032023144445183,40.8165816,-74.0699592,AT&T,69.33,5.5,50.3,62,24,481.3,False,Exterior,DAS-E1,316.9,51.9
TILE_04294,032023189803695,40.8165816,-74.0699592,T-Mobile,112.3,20.9,40.1,62,16,481.3,False,Exterior,DAS-E1,316.9,51.9
TILE_04295,032023113415830,40.8165816,-74.0697143,Verizon,128.13,2.0,38.3,29,17,497.3,False,Exterior,DAS-E1,322.2,50.3
TILE_04296,032023175833276,40.8165816,-74.0697143,AT&T,56.26,11.64,53.9,31,18,497.3,False,Exterior,DAS-E1,322.2,50.3
TILE_04297,032023138489701,40.8165816,-74.0697143,T-Mobile,128.3,8.61,40.6,28,8,497.3,False,Exterior,DAS-E1,322.2,50.3
TILE_04298,032023152917216,40.8165816,-74.0694694,AT&T,52.92,9.13,63.5,11,4,513.5,False,Exterior,DAS-E1,328.7,48.6
TILE_04299,032023157603461,40.8165816,-74.0694694,T-Mobile,10.0,22.26,40.4,7,3,513.5,False,Exterior,DAS-E1,328.7,48.6
TILE_04300,032023177011885,40.8165816,-74.0692245,Verizon,10.58,7.58,39.1,23,27,530.1,False,Exterior,DAS-E1,336.3,47.0
TILE_04301,032023132323127,40.8165816,-74.0692245,AT&T,43.23,4.8,52.0,48,14,530.1,False,Exterior,DAS-E1,336.3,47.0
TILE_04302,032023119206460,40.8165816,-74.0689796,T-Mobile,10.0,13.09,37.7,27,28,547.0,False,Exterior,DAS-E1,345.0,45.3
TILE_04303,032023142789553,40.8165816,-74.0687347,Verizon,93.57,2.85,50.5,69,24,564.1,False,Exterior,DAS-E1,354.7,43.6
TILE_04304,032023119317706,40.8165816,-74.0687347,T-Mobile,10.0,27.25,39.3,33,25,564.1,False,Exterior,DAS-E1,354.7,43.6
TILE_04305,032023177701791,40.8165816,-74.0684898,Verizon,79.5,18.05,53.7,50,16,581.4,False,Exterior,DAS-E1,365.3,41.9
TILE_04306,032023144311322,40.8165816,-74.0684898,AT&T,101.45,7.65,72.2,34,22,581.4,False,Exterior,DAS-E1,365.3,41.9
TILE_04307,032023198095700,40.8165816,-74.0684898,T-Mobile,85.02,15.91,37.3,46,21,581.4,False,Exterior,DAS-E1,365.3,41.9
TILE_04308,032023195111624,40.8165816,-74.0682449,AT&T,30.12,2.0,68.3,15,12,599.0,False,Exterior,DAS-E1,376.7,40.1
TILE_04309,032023140948682,40.8165816,-74.0682449,T-Mobile,15.67,2.0,41.4,17,7,599.0,False,Exterior,DAS-E1,376.7,40.1
TILE_04310,032023197626838,40.8167347,-74.08,Verizon,97.72,15.53,50.2,31,24,581.6,False,Exterior,DAS-W1,375.0,41.8
TILE_04311,032023181502264,40.8167347,-74.08,AT&T,14.22,14.84,74.4,37,15,581.6,False,Exterior,DAS-W1,375.0,41.8
TILE_04312,032023128640081,40.8167347,-74.08,T-Mobile,88.03,3.95,42.2,42,14,581.6,False,Exterior,DAS-W1,375.0,41.8
TILE_04313,032023149743591,40.8167347,-74.0797551,Verizon,96.72,2.0,45.1,61,19,564.7,False,Exterior,DAS-N2,360.8,43.5
TILE_04314,032023142274023,40.8167347,-74.0797551,AT&T,156.29,17.47,68.1,24,21,564.7,False,Exterior,DAS-N2,360.8,43.5
TILE_04315,032023129434901,40.8167347,-74.0797551,T-Mobile,72.0,17.46,41.6,49,11,564.7,False,Exterior,DAS-N2,360.8,43.5
TILE_04316,032023149336645,40.8167347,-74.0795102,AT&T,76.85,10.56,63.5,53,24,548.0,False,Exterior,DAS-N2,341.7,45.2
TILE_04317,032023113612029,40.8167347,-74.0795102,T-Mobile,54.28,22.81,40.6,21,13,548.0,False,Exterior,DAS-N2,341.7,45.2
TILE_04318,032023171447196,40.8167347,-74.0792653,Verizon,10.0,6.65,39.1,16,6,531.6,False,Exterior,DAS-N2,322.9,46.8
TILE_04319,032023151288443,40.8167347,-74.0790204,AT&T,31.23,2.0,62.7,21,10,515.5,False,Exterior,DAS-N2,304.3,48.4
TILE_04320,032023154432441,40.8167347,-74.0790204,T-Mobile,35.77,3.12,36.0,13,6,515.5,False,Exterior,DAS-N2,304.3,48.4
TILE_04321,032023158705240,40.8167347,-74.0787755,T-Mobile,135.17,2.74,44.1,8,2,499.8,False,Exterior,DAS-N2,286.0,50.0
TILE_04322,032023183888850,40.8167347,-74.0787755,US Cellular,47.09,6.96,71.7,2,0,499.8,False,Exterior,DAS-N2,286.0,50.0
TILE_04323,032023186186105,40.8167347,-74.0782857,Verizon,83.56,28.67,40.7,20,12,469.4,False,Exterior,DAS-N2,250.6,53.1
TILE_04324,032023180239118,40.8167347,-74.0782857,AT&T,91.16,3.2,58.5,9,10,469.4,False,Exterior,DAS-N2,250.6,53.1
TILE_04325,032023112252748,40.8167347,-74.0780408,Verizon,50.13,2.0,40.2,23,12,454.8,False,Exterior,DAS-N2,233.5,54.5
TILE_04326,032023139532042,40.8167347,-74.0780408,AT&T,90.16,9.3,50.1,31,12,454.8,False,Exterior,DAS-N2,233.5,54.5
TILE_04327,032023174489583,40.8167347,-74.0780408,T-Mobile,116.87,35.68,29.4,37,11,454.8,False,Exterior,DAS-N2,233.5,54.5
TILE_04328,032023153150107,40.8167347,-74.0777959,Verizon,81.0,7.22,31.8,25,12,440.8,False,Exterior,DAS-N2,217.2,55.9
TILE_04329,032023192269625,40.8167347,-74.0777959,T-Mobile,109.26,5.98,38.8,16,20,440.8,False,Exterior,DAS-N2,217.2,55.9
TILE_04330,032023168586486,40.8167347,-74.077551,Verizon,161.96,14.54,37.2,16,10,427.3,False,Exterior,DAS-N2,201.6,57.3
TILE_04331,032023142187230,40.8167347,-74.077551,T-Mobile,79.49,18.06,31.8,21,11,427.3,False,Exterior,DAS-N2,201.6,57.3
TILE_04332,032023134570073,40.8167347,-74.0773061,Verizon,104.74,26.67,34.2,83,39,414.4,False,Exterior,DAS-N2,186.9,58.6
TILE_04333,032023193349569,40.8167347,-74.0770612,Verizon,88.82,18.26,37.6,33,23,402.1,False,Exterior,DAS-N2,173.6,59.8
TILE_04334,032023151084662,40.8167347,-74.0770612,AT&T,90.16,2.0,52.9,49,19,402.1,False,Exterior,DAS-N2,173.6,59.8
TILE_04335,032023113671578,40.8167347,-74.0770612,T-Mobile,160.07,27.78,23.4,40,25,402.1,False,Exterior,DAS-N2,173.6,59.8
TILE_04336,032023117380810,40.8167347,-74.0768163,Verizon,48.5,27.31,28.3,24,11,390.5,False,Exterior,DAS-N2,161.7,60.9
TILE_04337,032023195726525,40.8167347,-74.0765714,Verizon,147.86,25.14,30.2,83,38,379.8,False,Exterior,DAS-N2,151.8,62.0
TILE_04338,032023153658568,40.8167347,-74.0765714,AT&T,147.5,7.24,45.3,70,26,379.8,False,Exterior,DAS-N2,151.8,62.0
TILE_04339,032023113102916,40.8167347,-74.0765714,T-Mobile,121.21,22.36,37.1,36,34,379.8,False,Exterior,DAS-N2,151.8,62.0
TILE_04340,032023193597443,40.8167347,-74.0763265,Verizon,114.34,14.93,37.6,52,18,369.8,False,Exterior,DAS-N2,144.1,63.0
TILE_04341,032023122935383,40.8167347,-74.0763265,AT&T,109.17,24.83,32.7,40,18,369.8,False,Exterior,DAS-N2,144.1,63.0
TILE_04342,032023196829182,40.8167347,-74.0763265,T-Mobile,83.64,31.31,23.5,32,10,369.8,False,Exterior,DAS-N2,144.1,63.0
TILE_04343,032023185065783,40.8167347,-74.0763265,US Cellular,46.36,17.55,55.2,7,2,369.8,False,Exterior,DAS-N2,144.1,63.0
TILE_04344,032023191430195,40.8167347,-74.0760816,Verizon,122.41,28.58,41.5,15,10,360.8,False,Exterior,DAS-N2,139.2,63.9
TILE_04345,032023173999395,40.8167347,-74.0760816,AT&T,50.87,21.37,40.7,10,11,360.8,False,Exterior,DAS-N2,139.2,63.9
TILE_04346,032023112598191,40.8167347,-74.0758367,Verizon,90.8,19.61,40.1,32,16,352.7,False,Exterior,DAS-N2,137.1,64.7
TILE_04347,032023145850186,40.8167347,-74.0758367,AT&T,139.83,22.17,52.1,17,13,352.7,False,Exterior,DAS-N2,137.1,64.7
TILE_04348,032023192633646,40.8167347,-74.0755918,Verizon,116.45,9.24,26.8,54,36,345.7,False,Exterior,DAS-N2,138.2,65.4
TILE_04349,032023127968871,40.8167347,-74.0755918,AT&T,77.31,14.17,45.4,47,29,345.7,False,Exterior,DAS-N2,138.2,65.4
TILE_04350,032023185509672,40.8167347,-74.0755918,T-Mobile,145.4,28.68,28.5,35,16,345.7,False,Exterior,DAS-N2,138.2,65.4
TILE_04351,032023134001383,40.8167347,-74.0753469,Verizon,177.69,21.14,31.7,38,10,339.8,False,Exterior,DAS-N2,142.3,66.0
TILE_04352,032023121840106,40.8167347,-74.0753469,AT&T,69.09,19.33,48.4,37,13,339.8,False,Exterior,DAS-N2,142.3,66.0
TILE_04353,032023123074708,40.8167347,-74.075102,AT&T,63.19,8.4,39.9,22,27,335.1,False,Exterior,DAS-N2,149.2,66.5
TILE_04354,032023195856063,40.8167347,-74.075102,T-Mobile,44.65,20.29,37.2,45,14,335.1,False,Exterior,DAS-N2,149.2,66.5
TILE_04355,032023143411476,40.8167347,-74.0748571,AT&T,152.87,19.96,51.3,18,14,331.6,False,Exterior,DAS-N1,147.9,66.8
TILE_04356,032023137873366,40.8167347,-74.0748571,T-Mobile,100.05,26.52,21.0,19,9,331.6,False,Exterior,DAS-N1,147.9,66.8
TILE_04357,032023173730763,40.8167347,-74.0746122,Verizon,157.99,8.63,34.5,52,22,329.3,False,Exterior,DAS-N1,141.5,67.1
TILE_04358,032023136961131,40.8167347,-74.0746122,AT&T,67.5,10.3,48.9,37,23,329.3,False,Exterior,DAS-N1,141.5,67.1
TILE_04359,032023131647280,40.8167347,-74.0743673,Verizon,102.87,22.25,28.7,25,14,328.4,False,Exterior,DAS-N1,137.8,67.2
TILE_04360,032023193151234,40.8167347,-74.0743673,AT&T,134.72,18.2,41.0,22,10,328.4,False,Exterior,DAS-N1,137.8,67.2
TILE_04361,032023152533734,40.8167347,-74.0743673,T-Mobile,89.9,4.51,29.4,23,12,328.4,False,Exterior,DAS-N1,137.8,67.2
TILE_04362,032023148769076,40.8167347,-74.0743673,US Cellular,82.68,21.31,54.6,7,2,328.4,False,Exterior,DAS-N1,137.8,67.2
TILE_04363,032023152753774,40.8167347,-74.0741224,Verizon,113.43,14.45,30.7,42,10,328.7,False,Exterior,DAS-N1,137.3,67.1
TILE_04364,032023140548949,40.8167347,-74.0741224,AT&T,70.04,10.46,36.9,32,10,328.7,False,Exterior,DAS-N1,137.3,67.1
TILE_04365,032023138488065,40.8167347,-74.0738776,Verizon,90.29,18.67,20.5,55,12,330.4,False,Exterior,DAS-N1,139.8,67.0
TILE_04366,032023190155489,40.8167347,-74.0738776,AT&T,177.2,20.09,45.6,36,21,330.4,False,Exterior,DAS-N1,139.8,67.0
TILE_04367,032023128646501,40.8167347,-74.0738776,T-Mobile,162.57,24.85,27.1,18,16,330.4,False,Exterior,DAS-N1,139.8,67.0
TILE_04368,032023118888221,40.8167347,-74.0736327,Verizon,145.72,19.99,36.1,20,8,333.3,False,Exterior,DAS-N1,145.2,66.7
TILE_04369,032023135502084,40.8167347,-74.0736327,T-Mobile,126.92,15.81,32.4,13,9,333.3,False,Exterior,DAS-N1,145.2,66.7
TILE_04370,032023181065023,40.8167347,-74.0733878,Verizon,122.69,15.11,36.5,29,21,337.4,False,Exterior,DAS-N1,153.3,66.3
TILE_04371,032023154530536,40.8167347,-74.0733878,AT&T,58.15,12.86,37.7,43,20,337.4,False,Exterior,DAS-N1,153.3,66.3
TILE_04372,032023161039205,40.8167347,-74.0733878,US Cellular,56.61,5.66,58.4,4,2,337.4,False,Exterior,DAS-N1,153.3,66.3
TILE_04373,032023152474857,40.8167347,-74.0731429,Verizon,121.74,13.48,29.2,11,6,342.8,False,Exterior,DAS-N1,163.6,65.7
TILE_04374,032023127294461,40.8167347,-74.0731429,AT&T,95.1,13.38,46.8,9,4,342.8,False,Exterior,DAS-N1,163.6,65.7
TILE_04375,032023167178375,40.8167347,-74.072898,AT&T,95.18,20.31,38.2,45,21,349.3,False,Exterior,DAS-N1,175.7,65.1
TILE_04376,032023147199807,40.8167347,-74.072898,T-Mobile,94.65,20.34,32.4,49,33,349.3,False,Exterior,DAS-N1,175.7,65.1
TILE_04377,032023123921592,40.8167347,-74.072898,US Cellular,39.39,10.92,49.9,13,6,349.3,False,Exterior,DAS-N1,175.7,65.1
TILE_04378,032023127069232,40.8167347,-74.0726531,T-Mobile,135.93,12.22,28.0,41,28,356.9,False,Exterior,DAS-N1,189.3,64.3
TILE_04379,032023146857051,40.8167347,-74.0724082,Verizon,148.9,23.81,39.1,20,5,365.5,False,Exterior,DAS-N1,204.1,63.5
TILE_04380,032023191499371,40.8167347,-74.0724082,AT&T,194.19,10.46,40.1,6,4,365.5,False,Exterior,DAS-N1,204.1,63.5
TILE_04381,032023152994341,40.8167347,-74.0721633,AT&T,100.18,14.26,44.4,71,29,375.0,False,Exterior,DAS-N1,219.8,62.5
TILE_04382,032023151788892,40.8167347,-74.0721633,T-Mobile,143.02,15.41,26.1,54,20,375.0,False,Exterior,DAS-N1,219.8,62.5
TILE_04383,032023167497014,40.8167347,-74.0719184,Verizon,142.25,11.86,27.0,52,26,385.4,False,Exterior,DAS-N1,236.3,61.5
TILE_04384,032023132791573,40.8167347,-74.0719184,US Cellular,68.87,5.77,58.4,14,4,385.4,False,Exterior,DAS-N1,236.3,61.5
TILE_04385,032023153381679,40.8167347,-74.0716735,Verizon,122.71,3.57,29.8,45,22,396.6,False,Exterior,DAS-N1,253.5,60.3
TILE_04386,032023145634488,40.8167347,-74.0716735,AT&T,107.68,10.64,50.1,40,22,396.6,False,Exterior,DAS-N1,253.5,60.3
TILE_04387,032023187572417,40.8167347,-74.0714286,Verizon,110.57,11.85,40.1,29,15,408.5,False,Exterior,DAS-N1,271.1,59.1
TILE_04388,032023170994174,40.8167347,-74.0714286,T-Mobile,112.29,2.0,33.8,25,14,408.5,False,Exterior,DAS-N1,271.1,59.1
TILE_04389,032023120575535,40.8167347,-74.0714286,US Cellular,88.07,9.62,61.1,4,2,408.5,False,Exterior,DAS-N1,271.1,59.1
TILE_04390,032023166819097,40.8167347,-74.0711837,T-Mobile,63.18,8.85,38.8,34,21,421.2,False,Exterior,DAS-N1,289.1,57.9
TILE_04391,032023120137502,40.8167347,-74.0709388,AT&T,52.05,6.69,47.0,50,24,434.4,False,Exterior,DAS-N1,307.4,56.6
TILE_04392,032023115189892,40.8167347,-74.0709388,T-Mobile,174.31,7.52,33.2,58,19,434.4,False,Exterior,DAS-N1,307.4,56.6
TILE_04393,032023133578945,40.8167347,-74.0706939,AT&T,75.12,10.43,44.9,19,5,448.2,False,Exterior,DAS-E1,326.0,55.2
TILE_04394,032023125988211,40.8167347,-74.070449,T-Mobile,65.74,22.9,29.8,10,10,462.5,False,Exterior,DAS-E1,327.2,53.7
TILE_04395,032023170236250,40.8167347,-74.0702041,Verizon,19.81,16.78,41.1,35,13,477.3,False,Exterior,DAS-E1,329.8,52.3
TILE_04396,032023111810504,40.8167347,-74.0702041,T-Mobile,76.04,17.79,36.1,28,14,477.3,False,Exterior,DAS-E1,329.8,52.3
TILE_04397,032023189006214,40.8167347,-74.0702041,US Cellular,82.43,4.7,65.7,6,3,477.3,False,Exterior,DAS-E1,329.8,52.3
TILE_04398,032023196347511,40.8167347,-74.0697143,Verizon,94.37,3.83,35.2,18,15,508.1,False,Exterior,DAS-E1,338.5,49.2
TILE_04399,032023139981123,40.8167347,-74.0694694,Verizon,62.33,20.01,46.5,79,37,524.0,False,Exterior,DAS-E1,344.7,47.6
TILE_04400,032023130490354,40.8167347,-74.0694694,T-Mobile,47.22,20.62,39.0,50,16,524.0,False,Exterior,DAS-E1,344.7,47.6
TILE_04401,032023147718571,40.8167347,-74.0692245,T-Mobile,115.3,8.94,41.2,51,19,540.3,False,Exterior,DAS-E1,352.0,46.0
TILE_04402,032023160731031,40.8167347,-74.0689796,Verizon,49.19,11.15,51.9,35,9,556.8,False,Exterior,DAS-E1,360.3,44.3
TILE_04403,032023131265619,40.8167347,-74.0689796,T-Mobile,74.77,31.09,44.6,28,8,556.8,False,Exterior,DAS-E1,360.3,44.3
TILE_04404,032023153909926,40.8167347,-74.0687347,AT&T,47.01,14.95,63.0,39,16,573.6,False,Exterior,DAS-E1,369.6,42.6
TILE_04405,032023110093605,40.8167347,-74.0687347,T-Mobile,63.63,20.1,45.5,23,15,573.6,False,Exterior,DAS-E1,369.6,42.6
TILE_04406,032023157337714,40.8167347,-74.0684898,AT&T,89.1,22.0,64.2,32,34,590.7,False,Exterior,DAS-E1,379.7,40.9
TILE_04407,032023196655237,40.8167347,-74.0684898,T-Mobile,122.97,47.88,37.3,60,33,590.7,False,Exterior,DAS-E1,379.7,40.9
TILE_04408,032023198898948,40.8168878,-74.08,Verizon,111.96,23.47,56.2,18,8,591.4,False,Exterior,DAS-N2,386.4,40.9
TILE_04409,032023154478077,40.8168878,-74.08,T-Mobile,128.09,4.87,36.8,20,7,591.4,False,Exterior,DAS-N2,386.4,40.9
TILE_04410,032023155428011,40.8168878,-74.0797551,Verizon,42.45,18.21,48.1,50,19,574.7,False,Exterior,DAS-N2,367.6,42.5
TILE_04411,032023180270412,40.8168878,-74.0797551,AT&T,10.0,11.06,64.0,37,19,574.7,False,Exterior,DAS-N2,367.6,42.5
TILE_04412,032023127240044,40.8168878,-74.0795102,AT&T,98.98,12.23,66.7,46,29,558.3,False,Exterior,DAS-N2,348.9,44.2
TILE_04413,032023161468588,40.8168878,-74.0795102,T-Mobile,101.63,21.09,42.5,50,20,558.3,False,Exterior,DAS-N2,348.9,44.2
TILE_04414,032023187516789,40.8168878,-74.0792653,Verizon,100.93,11.54,46.2,17,15,542.3,False,Exterior,DAS-N2,330.5,45.8
TILE_04415,032023147335136,40.8168878,-74.0792653,AT&T,98.67,20.46,59.3,17,16,542.3,False,Exterior,DAS-N2,330.5,45.8
TILE_04416,032023187746816,40.8168878,-74.0792653,T-Mobile,104.08,12.02,41.8,27,11,542.3,False,Exterior,DAS-N2,330.5,45.8
TILE_04417,032023126934176,40.8168878,-74.0790204,Verizon,12.44,26.76,53.3,60,44,526.5,False,Exterior,DAS-N2,312.4,47.4
TILE_04418,032023170549092,40.8168878,-74.0790204,T-Mobile,41.67,27.75,36.2,72,31,526.5,False,Exterior,DAS-N2,312.4,47.4
TILE_04419,032023150666479,40.8168878,-74.0790204,US Cellular,21.19,4.15,71.1,15,5,526.5,False,Exterior,DAS-N2,312.4,47.4
TILE_04420,032023179288607,40.8168878,-74.0787755,AT&T,92.03,12.01,64.8,57,23,511.1,False,Exterior,DAS-N2,294.6,48.9
TILE_04421,032023118720378,40.8168878,-74.0787755,US Cellular,63.66,4.26,71.9,5,4,511.1,False,Exterior,DAS-N2,294.6,48.9
TILE_04422,032023133411089,40.8168878,-74.0785306,AT&T,80.88,10.67,48.4,31,11,496.0,False,Exterior,DAS-N2,277.2,50.4
TILE_04423,032023144287669,40.8168878,-74.0782857,Verizon,131.64,29.95,36.3,35,20,481.4,False,Exterior,DAS-N2,260.3,51.9
TILE_04424,032023147567068,40.8168878,-74.0782857,AT&T,56.09,5.68,58.5,36,24,481.4,False,Exterior,DAS-N2,260.3,51.9
TILE_04425,032023149373656,40.8168878,-74.0780408,Verizon,86.43,13.73,42.5,59,24,467.3,False,Exterior,DAS-N2,243.9,53.3
TILE_04426,032023167838896,40.8168878,-74.0780408,AT&T,44.3,9.59,53.7,51,24,467.3,False,Exterior,DAS-N2,243.9,53.3
TILE_04427,032023166207367,40.8168878,-74.0780408,T-Mobile,143.75,30.64,33.6,43,21,467.3,False,Exterior,DAS-N2,243.9,53.3
TILE_04428,032023181932664,40.8168878,-74.0777959,Verizon,107.99,23.75,41.6,32,40,453.6,False,Exterior,DAS-N2,228.3,54.6
TILE_04429,032023151799959,40.8168878,-74.0777959,AT&T,84.75,2.0,52.7,60,32,453.6,False,Exterior,DAS-N2,228.3,54.6
TILE_04430,032023121632919,40.8168878,-74.0777959,US Cellular,50.38,16.53,60.4,8,6,453.6,False,Exterior,DAS-N2,228.3,54.6
TILE_04431,032023173848529,40.8168878,-74.077551,Verizon,92.24,13.15,42.1,35,43,440.5,False,Exterior,DAS-N2,213.5,56.0
TILE_04432,032023146091173,40.8168878,-74.077551,AT&T,89.48,2.0,51.1,44,30,440.5,False,Exterior,DAS-N2,213.5,56.0
TILE_04433,032023116552266,40.8168878,-74.077551,T-Mobile,110.22,35.5,33.6,73,35,440.5,False,Exterior,DAS-N2,213.5,56.0
TILE_04434,032023179698632,40.8168878,-74.0773061,T-Mobile,79.72,47.53,38.5,34,8,428.0,False,Exterior,DAS-N2,199.7,57.2
TILE_04435,032023195023201,40.8168878,-74.0770612,Verizon,156.87,2.0,43.2,39,23,416.1,False,Exterior,DAS-N2,187.3,58.4
TILE_04436,032023179012427,40.8168878,-74.0770612,T-Mobile,112.7,22.52,30.3,31,9,416.1,False,Exterior,DAS-N2,187.3,58.4
TILE_04437,032023134189004,40.8168878,-74.0768163,Verizon,138.66,9.33,34.8,19,7,404.9,False,Exterior,DAS-N2,176.4,59.5
TILE_04438,032023129242748,40.8168878,-74.0768163,T-Mobile,129.84,32.06,33.1,19,9,404.9,False,Exterior,DAS-N2,176.4,59.5
TILE_04439,032023192774753,40.8168878,-74.0765714,Verizon,123.35,17.64,29.7,31,11,394.5,False,Exterior,DAS-N2,167.3,60.5
TILE_04440,032023146859875,40.8168878,-74.0765714,T-Mobile,110.38,22.19,22.8,32,13,394.5,False,Exterior,DAS-N2,167.3,60.5
TILE_04441,032023179817724,40.8168878,-74.0763265,Verizon,120.03,5.2,34.8,18,11,385.0,False,Exterior,DAS-N2,160.4,61.5
TILE_04442,032023126685694,40.8168878,-74.0760816,AT&T,114.15,4.61,45.5,9,5,376.3,False,Exterior,DAS-N2,155.9,62.4
TILE_04443,032023154480846,40.8168878,-74.0760816,T-Mobile,126.18,20.01,22.5,8,6,376.3,False,Exterior,DAS-N2,155.9,62.4
TILE_04444,032023189984419,40.8168878,-74.0758367,Verizon,83.34,10.41,25.1,10,8,368.6,False,Exterior,DAS-N2,154.1,63.1
TILE_04445,032023180621896,40.8168878,-74.0758367,US Cellular,59.64,9.04,56.6,3,1,368.6,False,Exterior,DAS-N2,154.1,63.1
TILE_04446,032023191773170,40.8168878,-74.0755918,AT&T,128.48,19.21,43.9,43,26,361.9,False,Exterior,DAS-N2,155.1,63.8
TILE_04447,032023176806371,40.8168878,-74.0755918,US Cellular,88.41,6.18,53.4,4,3,361.9,False,Exterior,DAS-N2,155.1,63.8
TILE_04448,032023131491501,40.8168878,-74.075102,Verizon,164.36,18.36,27.6,62,39,351.7,False,Exterior,DAS-N2,165.0,64.8
TILE_04449,032023128156884,40.8168878,-74.075102,AT&T,141.57,13.04,41.1,43,26,351.7,False,Exterior,DAS-N2,165.0,64.8
TILE_04450,032023195219334,40.8168878,-74.0748571,Verizon,172.36,9.04,26.4,36,17,348.4,False,Exterior,DAS-N1,163.8,65.2
TILE_04451,032023118031133,40.8168878,-74.0748571,AT&T,112.87,5.77,47.0,40,21,348.4,False,Exterior,DAS-N1,163.8,65.2
TILE_04452,032023135363287,40.8168878,-74.0748571,T-Mobile,173.69,25.84,27.7,16,9,348.4,False,Exterior,DAS-N1,163.8,65.2
TILE_04453,032023146710875,40.8168878,-74.0746122,Verizon,84.61,13.52,36.4,40,31,346.3,False,Exterior,DAS-N1,158.0,65.4
TILE_04454,032023127525321,40.8168878,-74.0746122,AT&T,73.36,21.81,50.5,46,20,346.3,False,Exterior,DAS-N1,158.0,65.4
TILE_04455,032023184678729,40.8168878,-74.0743673,Verizon,213.68,22.25,35.1,16,7,345.4,False,Exterior,DAS-N1,154.8,65.5
TILE_04456,032023168261592,40.8168878,-74.0743673,AT&T,150.76,2.0,43.5,17,5,345.4,False,Exterior,DAS-N1,154.8,65.5
TILE_04457,032023185961937,40.8168878,-74.0743673,T-Mobile,161.42,8.31,27.2,6,3,345.4,False,Exterior,DAS-N1,154.8,65.5
TILE_04458,032023146631151,40.8168878,-74.0743673,US Cellular,46.67,3.87,49.4,3,1,345.4,False,Exterior,DAS-N1,154.8,65.5
TILE_04459,032023179435564,40.8168878,-74.0741224,AT&T,53.36,12.76,30.9,46,18,345.7,False,Exterior,DAS-N1,154.2,65.4
TILE_04460,032023185820354,40.8168878,-74.0738776,Verizon,201.56,21.75,32.1,97,37,347.3,False,Exterior,DAS-N1,156.5,65.3
TILE_04461,032023156735643,40.8168878,-74.0738776,AT&T,29.21,19.92,34.2,75,17,347.3,False,Exterior,DAS-N1,156.5,65.3
TILE_04462,032023158201809,40.8168878,-74.0738776,T-Mobile,110.6,36.81,27.8,64,34,347.3,False,Exterior,DAS-N1,156.5,65.3
TILE_04463,032023157085645,40.8168878,-74.0736327,Verizon,118.82,31.52,34.4,22,13,350.0,False,Exterior,DAS-N1,161.4,65.0
TILE_04464,032023196471326,40.8168878,-74.0736327,AT&T,84.78,11.2,34.3,13,9,350.0,False,Exterior,DAS-N1,161.4,65.0
TILE_04465,032023178306844,40.8168878,-74.0733878,Verizon,128.33,7.42,36.0,56,17,354.0,False,Exterior,DAS-N1,168.7,64.6
TILE_04466,032023160012273,40.8168878,-74.0731429,Verizon,26.28,25.75,39.0,70,43,359.1,False,Exterior,DAS-N1,178.1,64.1
TILE_04467,032023125084603,40.8168878,-74.0731429,AT&T,106.43,7.68,43.5,34,25,359.1,False,Exterior,DAS-N1,178.1,64.1
TILE_04468,032023161008067,40.8168878,-74.0731429,T-Mobile,83.03,5.35,33.2,44,26,359.1,False,Exterior,DAS-N1,178.1,64.1
TILE_04469,032023153087350,40.8168878,-74.072898,Verizon,130.11,4.51,37.8,66,36,365.3,False,Exterior,DAS-N1,189.3,63.5
TILE_04470,032023147206456,40.8168878,-74.072898,AT&T,113.24,3.02,49.2,59,18,365.3,False,Exterior,DAS-N1,189.3,63.5
TILE_04471,032023190526328,40.8168878,-74.072898,T-Mobile,146.19,34.65,32.6,49,24,365.3,False,Exterior,DAS-N1,189.3,63.5
TILE_04472,032023125014389,40.8168878,-74.0726531,AT&T,81.03,15.64,43.7,4,3,372.6,False,Exterior,DAS-N1,201.9,62.7
TILE_04473,032023157166229,40.8168878,-74.0726531,US Cellular,31.34,10.2,51.8,1,0,372.6,False,Exterior,DAS-N1,201.9,62.7
TILE_04474,032023190398240,40.8168878,-74.0724082,Verizon,58.95,8.58,32.7,60,21,380.8,False,Exterior,DAS-N1,215.9,61.9
TILE_04475,032023121902516,40.8168878,-74.0724082,AT&T,19.65,13.85,42.2,53,23,380.8,False,Exterior,DAS-N1,215.9,61.9
TILE_04476,032023180735150,40.8168878,-74.0721633,AT&T,96.41,8.35,48.7,43,12,390.0,False,Exterior,DAS-N1,230.8,61.0
TILE_04477,032023164212612,40.8168878,-74.0721633,US Cellular,76.44,11.91,61.8,10,4,390.0,False,Exterior,DAS-N1,230.8,61.0
TILE_04478,032023170883738,40.8168878,-74.0719184,AT&T,115.75,16.69,49.2,29,24,400.0,False,Exterior,DAS-N1,246.6,60.0
TILE_04479,032023129567449,40.8168878,-74.0716735,Verizon,99.72,15.66,36.5,61,28,410.8,False,Exterior,DAS-N1,263.0,58.9
TILE_04480,032023123839647,40.8168878,-74.0714286,Verizon,90.73,5.66,40.6,36,30,422.3,False,Exterior,DAS-N1,280.0,57.8
TILE_04481,032023175923801,40.8168878,-74.0714286,AT&T,84.89,19.26,44.6,57,16,422.3,False,Exterior,DAS-N1,280.0,57.8
TILE_04482,032023148987135,40.8168878,-74.0711837,AT&T,86.41,18.49,51.2,38,16,434.5,False,Exterior,DAS-N1,297.5,56.5
TILE_04483,032023124728437,40.8168878,-74.0709388,AT&T,55.65,10.31,57.8,14,4,447.4,False,Exterior,DAS-N1,315.4,55.3
TILE_04484,032023173390072,40.8168878,-74.0706939,Verizon,108.49,14.1,45.2,29,23,460.8,False,Exterior,DAS-N1,333.5,53.9
TILE_04485,032023177570192,40.8168878,-74.0706939,T-Mobile,30.26,30.33,30.7,21,16,460.8,False,Exterior,DAS-N1,333.5,53.9
TILE_04486,032023169073868,40.8168878,-74.070449,Verizon,115.94,3.08,42.2,28,14,474.7,False,Exterior,DAS-E1,344.2,52.5
TILE_04487,032023141703940,40.8168878,-74.070449,AT&T,60.1,2.0,57.8,15,10,474.7,False,Exterior,DAS-E1,344.2,52.5
TILE_04488,032023194152336,40.8168878,-74.0702041,T-Mobile,226.85,22.55,35.4,32,29,489.1,False,Exterior,DAS-E1,346.6,51.1
TILE_04489,032023150177222,40.8168878,-74.0699592,AT&T,83.62,2.0,50.1,14,16,504.0,False,Exterior,DAS-E1,350.2,49.6
TILE_04490,032023146675335,40.8168878,-74.0697143,Verizon,96.37,2.0,50.6,52,26,519.2,False,Exterior,DAS-E1,354.9,48.1
TILE_04491,032023183634801,40.8168878,-74.0697143,AT&T,77.33,15.19,58.1,48,12,519.2,False,Exterior,DAS-E1,354.9,48.1
TILE_04492,032023117400198,40.8168878,-74.0694694,AT&T,49.02,9.27,58.2,10,8,534.8,False,Exterior,DAS-E1,360.8,46.5
TILE_04493,032023195839373,40.8168878,-74.0694694,T-Mobile,100.61,19.34,32.9,15,5,534.8,False,Exterior,DAS-E1,360.8,46.5
TILE_04494,032023156294576,40.8168878,-74.0692245,AT&T,15.85,14.55,61.0,43,25,550.8,False,Exterior,DAS-E1,367.8,44.9
TILE_04495,032023183575170,40.8168878,-74.0687347,AT&T,74.23,10.94,70.5,45,11,583.5,False,Exterior,DAS-E1,384.6,41.6
TILE_04496,032023140290125,40.8170408,-74.0797551,Verizon,84.22,7.87,55.6,47,13,585.1,False,Exterior,DAS-N2,375.0,41.5
TILE_04497,032023176960194,40.8170408,-74.0797551,T-Mobile,125.0,13.22,40.9,37,23,585.1,False,Exterior,DAS-N2,375.0,41.5
TILE_04498,032023176317865,40.8170408,-74.0795102,Verizon,32.64,18.66,54.2,38,14,569.0,False,Exterior,DAS-N2,356.7,43.1
TILE_04499,032023197590005,40.8170408,-74.0795102,AT&T,48.28,9.43,67.0,18,12,569.0,False,Exterior,DAS-N2,356.7,43.1
TILE_04500,032023187488791,40.8170408,-74.0795102,T-Mobile,83.37,14.69,45.4,23,7,569.0,False,Exterior,DAS-N2,356.7,43.1
TILE_04501,032023126421157,40.8170408,-74.0792653,Verizon,109.74,11.89,50.9,67,27,553.2,False,Exterior,DAS-N2,338.8,44.7
TILE_04502,032023126743312,40.8170408,-74.0792653,US Cellular,16.3,2.0,75.2,11,4,553.2,False,Exterior,DAS-N2,338.8,44.7
TILE_04503,032023157904490,40.8170408,-74.0790204,T-Mobile,81.16,13.0,46.8,37,32,537.8,False,Exterior,DAS-N2,321.1,46.2
TILE_04504,032023139898869,40.8170408,-74.0787755,AT&T,46.04,3.98,56.1,26,17,522.7,False,Exterior,DAS-N2,303.8,47.7
TILE_04505,032023111371754,40.8170408,-74.0787755,T-Mobile,70.8,23.21,38.9,66,24,522.7,False,Exterior,DAS-N2,303.8,47.7
TILE_04506,032023138438724,40.8170408,-74.0787755,US Cellular,43.65,5.31,77.5,9,7,522.7,False,Exterior,DAS-N2,303.8,47.7
TILE_04507,032023164576384,40.8170408,-74.0785306,T-Mobile,156.29,28.31,40.6,4,3,508.0,False,Exterior,DAS-N2,287.0,49.2
TILE_04508,032023127935629,40.8170408,-74.0785306,US Cellular,23.85,3.58,76.7,2,0,508.0,False,Exterior,DAS-N2,287.0,49.2
TILE_04509,032023185182390,40.8170408,-74.0782857,T-Mobile,92.81,20.36,24.1,44,22,493.8,False,Exterior,DAS-N2,270.7,50.6
TILE_04510,032023195281275,40.8170408,-74.0780408,AT&T,115.07,20.66,47.9,53,39,480.0,False,Exterior,DAS-N2,255.0,52.0
TILE_04511,032023170201837,40.8170408,-74.0780408,T-Mobile,121.87,26.77,41.2,69,29,480.0,False,Exterior,DAS-N2,255.0,52.0
TILE_04512,032023159290499,40.8170408,-74.0777959,AT&T,70.89,16.69,52.1,10,4,466.7,False,Exterior,DAS-N2,240.1,53.3
TILE_04513,032023153629149,40.8170408,-74.0777959,T-Mobile,74.47,36.2,30.2,5,4,466.7,False,Exterior,DAS-N2,240.1,53.3
TILE_04514,032023118890097,40.8170408,-74.077551,AT&T,82.96,2.0,42.6,53,19,453.9,False,Exterior,DAS-N2,226.1,54.6
TILE_04515,032023146758715,40.8170408,-74.0773061,T-Mobile,54.85,21.07,32.9,21,6,441.8,False,Exterior,DAS-N2,213.1,55.8
TILE_04516,032023178227016,40.8170408,-74.0770612,Verizon,112.27,13.8,43.2,17,11,430.3,False,Exterior,DAS-N2,201.5,57.0
TILE_04517,032023133294020,40.8170408,-74.0768163,Verizon,155.74,3.8,30.2,4,4,419.5,False,Exterior,DAS-N2,191.4,58.0
TILE_04518,032023151744514,40.8170408,-74.0768163,AT&T,80.84,7.89,55.7,4,4,419.5,False,Exterior,DAS-N2,191.4,58.0
TILE_04519,032023159014574,40.8170408,-74.0768163,T-Mobile,119.71,18.15,26.2,8,3,419.5,False,Exterior,DAS-N2,191.4,58.0
TILE_04520,032023194336434,40.8170408,-74.0765714,Verizon,86.27,10.4,34.7,15,10,409.5,False,Exterior,DAS-N2,183.1,59.0
TILE_04521,032023134549444,40.8170408,-74.0765714,AT&T,63.31,2.0,44.4,16,5,409.5,False,Exterior,DAS-N2,183.1,59.0
TILE_04522,032023190283752,40.8170408,-74.0765714,US Cellular,75.43,13.1,64.5,2,1,409.5,False,Exterior,DAS-N2,183.1,59.0
TILE_04523,032023156754606,40.8170408,-74.0763265,AT&T,166.78,10.04,44.6,28,15,400.3,False,Exterior,DAS-N2,176.8,60.0
TILE_04524,032023196880668,40.8170408,-74.0763265,T-Mobile,174.37,24.67,25.8,12,15,400.3,False,Exterior,DAS-N2,176.8,60.0
TILE_04525,032023150701190,40.8170408,-74.0760816,Verizon,206.96,5.18,32.7,28,16,392.0,False,Exterior,DAS-N2,172.8,60.8
TILE_04526,032023182387953,40.8170408,-74.0760816,T-Mobile,151.74,19.61,26.7,28,17,392.0,False,Exterior,DAS-N2,172.8,60.8
TILE_04527,032023119253309,40.8170408,-74.0760816,US Cellular,85.98,15.19,58.7,8,2,392.0,False,Exterior,DAS-N2,172.8,60.8
TILE_04528,032023197441802,40.8170408,-74.0758367,AT&T,67.59,5.38,44.8,45,21,384.6,False,Exterior,DAS-N2,171.1,61.5
TILE_04529,032023133824135,40.8170408,-74.0755918,Verizon,115.2,16.75,43.0,69,22,378.1,False,Exterior,DAS-N2,172.0,62.2
TILE_04530,032023171625827,40.8170408,-74.0755918,AT&T,113.53,27.37,54.9,64,20,378.1,False,Exterior,DAS-N2,172.0,62.2
TILE_04531,032023135661793,40.8170408,-74.0755918,T-Mobile,137.35,19.41,28.0,37,32,378.1,False,Exterior,DAS-N2,172.0,62.2
TILE_04532,032023162247825,40.8170408,-74.0753469,Verizon,170.98,14.95,34.5,11,7,372.7,False,Exterior,DAS-N2,175.3,62.7
TILE_04533,032023170445644,40.8170408,-74.0753469,AT&T,90.13,2.0,42.2,7,6,372.7,False,Exterior,DAS-N2,175.3,62.7
TILE_04534,032023128878199,40.8170408,-74.0753469,T-Mobile,156.65,38.32,34.2,17,7,372.7,False,Exterior,DAS-N2,175.3,62.7
TILE_04535,032023159841838,40.8170408,-74.075102,Verizon,95.57,18.31,31.7,78,37,368.4,False,Exterior,DAS-N2,181.0,63.2
TILE_04536,032023185642227,40.8170408,-74.075102,T-Mobile,176.5,3.47,17.9,53,23,368.4,False,Exterior,DAS-N2,181.0,63.2
TILE_04537,032023128081563,40.8170408,-74.0748571,AT&T,94.84,7.53,48.6,42,21,365.3,False,Exterior,DAS-N1,179.9,63.5
TILE_04538,032023124902636,40.8170408,-74.0746122,AT&T,113.23,15.87,46.2,66,34,363.2,False,Exterior,DAS-N1,174.6,63.7
TILE_04539,032023157883968,40.8170408,-74.0746122,US Cellular,111.54,2.0,51.4,12,9,363.2,False,Exterior,DAS-N1,174.6,63.7
TILE_04540,032023140393906,40.8170408,-74.0743673,Verizon,112.06,14.26,36.0,14,7,362.4,False,Exterior,DAS-N1,171.7,63.8
TILE_04541,032023147294168,40.8170408,-74.0743673,AT&T,77.09,7.18,38.5,13,4,362.4,False,Exterior,DAS-N1,171.7,63.8
TILE_04542,032023195127428,40.8170408,-74.0743673,T-Mobile,91.24,13.15,33.5,5,5,362.4,False,Exterior,DAS-N1,171.7,63.8
TILE_04543,032023127659769,40.8170408,-74.0741224,Verizon,103.26,20.2,36.1,34,14,362.7,False,Exterior,DAS-N1,171.2,63.7
TILE_04544,032023178964745,40.8170408,-74.0741224,T-Mobile,164.64,30.08,20.2,24,12,362.7,False,Exterior,DAS-N1,171.2,63.7
TILE_04545,032023127344968,40.8170408,-74.0736327,Verizon,172.55,21.92,31.5,12,11,366.8,False,Exterior,DAS-N1,177.7,63.3
TILE_04546,032023122579792,40.8170408,-74.0733878,Verizon,80.99,15.61,38.5,23,16,370.6,False,Exterior,DAS-N1,184.3,62.9
TILE_04547,032023136621651,40.8170408,-74.0733878,T-Mobile,159.57,25.41,31.7,25,9,370.6,False,Exterior,DAS-N1,184.3,62.9
TILE_04548,032023158706849,40.8170408,-74.072898,Verizon,97.64,28.13,37.0,29,19,381.4,False,Exterior,DAS-N1,203.3,61.9
TILE_04549,032023171564234,40.8170408,-74.072898,AT&T,60.81,3.2,46.1,55,25,381.4,False,Exterior,DAS-N1,203.3,61.9
TILE_04550,032023180145497,40.8170408,-74.0726531,AT&T,53.78,20.17,43.1,65,19,388.4,False,Exterior,DAS-N1,215.2,61.2
TILE_04551,032023151712524,40.8170408,-74.0726531,T-Mobile,146.76,10.3,23.7,28,29,388.4,False,Exterior,DAS-N1,215.2,61.2
TILE_04552,032023176752848,40.8170408,-74.0724082,Verizon,150.18,19.22,35.4,42,13,396.3,False,Exterior,DAS-N1,228.3,60.4
TILE_04553,032023142321642,40.8170408,-74.0724082,AT&T,149.25,8.1,46.5,17,14,396.3,False,Exterior,DAS-N1,228.3,60.4
TILE_04554,032023190847799,40.8170408,-74.0724082,T-Mobile,166.62,25.68,19.8,23,19,396.3,False,Exterior,DAS-N1,228.3,60.4
TILE_04555,032023137830293,40.8170408,-74.0721633,AT&T,115.89,15.68,51.5,62,32,405.1,False,Exterior,DAS-N1,242.5,59.5
TILE_04556,032023126467609,40.8170408,-74.0719184,Verizon,36.28,14.6,36.8,45,13,414.7,False,Exterior,DAS-N1,257.6,58.5
TILE_04557,032023171623726,40.8170408,-74.0716735,Verizon,58.97,16.56,42.1,27,11,425.2,False,Exterior,DAS-N1,273.3,57.5
TILE_04558,032023154401574,40.8170408,-74.0716735,AT&T,52.71,8.27,51.2,27,11,425.2,False,Exterior,DAS-N1,273.3,57.5
TILE_04559,032023173843472,40.8170408,-74.0716735,T-Mobile,148.34,22.32,34.1,15,6,425.2,False,Exterior,DAS-N1,273.3,57.5
TILE_04560,032023129227325,40.8170408,-74.0714286,Verizon,131.7,35.49,44.6,20,16,436.3,False,Exterior,DAS-N1,289.7,56.4
TILE_04561,032023133255339,40.8170408,-74.0714286,AT&T,46.25,15.16,57.3,17,8,436.3,False,Exterior,DAS-N1,289.7,56.4
TILE_04562,032023133077494,40.8170408,-74.0714286,T-Mobile,139.79,32.15,32.4,23,12,436.3,False,Exterior,DAS-N1,289.7,56.4
TILE_04563,032023129260496,40.8170408,-74.0714286,US Cellular,100.86,9.47,62.8,4,2,436.3,False,Exterior,DAS-N1,289.7,56.4
TILE_04564,032023179870961,40.8170408,-74.0711837,T-Mobile,10.0,2.0,32.6,42,20,448.2,False,Exterior,DAS-N1,306.7,55.2
TILE_04565,032023138871192,40.8170408,-74.0709388,Verizon,10.55,14.43,46.0,67,35,460.6,False,Exterior,DAS-N1,324.0,53.9
TILE_04566,032023168941078,40.8170408,-74.0709388,AT&T,76.84,7.83,52.6,65,34,460.6,False,Exterior,DAS-N1,324.0,53.9
TILE_04567,032023146317268,40.8170408,-74.0709388,US Cellular,76.4,7.75,58.3,6,6,460.6,False,Exterior,DAS-N1,324.0,53.9
TILE_04568,032023164968028,40.8170408,-74.0706939,Verizon,146.84,11.53,34.9,36,12,473.7,False,Exterior,DAS-N1,341.7,52.6
TILE_04569,032023124820371,40.8170408,-74.0706939,AT&T,95.09,15.01,50.2,27,21,473.7,False,Exterior,DAS-N1,341.7,52.6
TILE_04570,032023163496349,40.8170408,-74.0706939,T-Mobile,53.61,21.8,33.5,27,16,473.7,False,Exterior,DAS-N1,341.7,52.6
TILE_04571,032023148540551,40.8170408,-74.070449,Verizon,28.17,22.44,42.4,30,11,487.2,False,Exterior,DAS-N1,359.8,51.3
TILE_04572,032023116298710,40.8170408,-74.070449,AT&T,43.69,11.63,52.6,39,15,487.2,False,Exterior,DAS-N1,359.8,51.3
TILE_04573,032023125856100,40.8170408,-74.0702041,Verizon,62.91,8.58,46.7,28,12,501.3,False,Exterior,DAS-E1,363.4,49.9
TILE_04574,032023196219690,40.8170408,-74.0699592,AT&T,42.19,14.64,61.9,10,4,515.8,False,Exterior,DAS-E1,366.8,48.4
TILE_04575,032023199744233,40.8170408,-74.0697143,Verizon,54.58,5.78,47.5,10,3,530.7,False,Exterior,DAS-E1,371.4,46.9
TILE_04576,032023114090237,40.8170408,-74.0697143,AT&T,59.22,16.48,59.0,9,2,530.7,False,Exterior,DAS-E1,371.4,46.9
TILE_04577,032023121790461,40.8170408,-74.0697143,T-Mobile,11.46,2.0,31.8,8,3,530.7,False,Exterior,DAS-E1,371.4,46.9
TILE_04578,032023174506376,40.8170408,-74.0694694,Verizon,32.07,18.36,43.4,6,3,546.0,False,Exterior,DAS-E1,377.0,45.4
TILE_04579,032023110370916,40.8170408,-74.0692245,Verizon,126.41,12.47,47.2,7,5,561.6,False,Exterior,DAS-E1,383.7,43.8
TILE_04580,032023137989425,40.8170408,-74.0689796,Verizon,11.17,10.68,51.6,46,40,577.5,False,Exterior,DAS-E1,391.3,42.2
TILE_04581,032023154012616,40.8170408,-74.0689796,T-Mobile,10.0,7.77,37.3,28,15,577.5,False,Exterior,DAS-E1,391.3,42.2
TILE_04582,032023178463905,40.8170408,-74.0687347,Verizon,91.83,6.9,53.5,19,11,593.8,False,Exterior,DAS-E1,399.9,40.6
TILE_04583,032023120774696,40.8170408,-74.0687347,AT&T,49.98,7.68,69.4,13,6,593.8,False,Exterior,DAS-E1,399.9,40.6
TILE_04584,032023119214814,40.8171939,-74.0797551,Verizon,36.57,18.32,55.0,67,20,595.8,False,Exterior,DAS-N2,383.1,40.4
TILE_04585,032023122126069,40.8171939,-74.0795102,Verizon,182.26,5.22,57.3,43,16,580.0,False,Exterior,DAS-N2,365.2,42.0
TILE_04586,032023198033433,40.8171939,-74.0795102,AT&T,18.83,5.14,59.2,29,24,580.0,False,Exterior,DAS-N2,365.2,42.0
TILE_04587,032023133522855,40.8171939,-74.0792653,Verizon,63.26,11.61,49.4,47,12,564.5,False,Exterior,DAS-N2,347.6,43.5
TILE_04588,032023189812747,40.8171939,-74.0792653,AT&T,10.0,13.0,68.8,24,23,564.5,False,Exterior,DAS-N2,347.6,43.5
TILE_04589,032023112628710,40.8171939,-74.0790204,T-Mobile,10.0,24.62,34.8,48,16,549.4,False,Exterior,DAS-N2,330.5,45.1
TILE_04590,032023145173489,40.8171939,-74.0785306,Verizon,140.01,12.54,45.3,59,24,520.3,False,Exterior,DAS-N2,297.4,48.0
TILE_04591,032023147309377,40.8171939,-74.0785306,AT&T,23.04,16.56,49.7,44,30,520.3,False,Exterior,DAS-N2,297.4,48.0
TILE_04592,032023143591957,40.8171939,-74.0785306,T-Mobile,60.53,11.66,39.6,71,25,520.3,False,Exterior,DAS-N2,297.4,48.0
TILE_04593,032023136504420,40.8171939,-74.0782857,Verizon,89.77,2.0,44.6,79,37,506.4,False,Exterior,DAS-N2,281.7,49.4
TILE_04594,032023115371044,40.8171939,-74.0780408,AT&T,93.77,19.88,48.3,61,31,492.9,False,Exterior,DAS-N2,266.7,50.7
TILE_04595,032023145919879,40.8171939,-74.0780408,T-Mobile,155.59,21.48,38.2,44,24,492.9,False,Exterior,DAS-N2,266.7,50.7
TILE_04596,032023154355733,40.8171939,-74.0777959,Verizon,92.87,15.48,50.5,75,34,480.0,False,Exterior,DAS-N2,252.5,52.0
TILE_04597,032023193850762,40.8171939,-74.0777959,AT&T,55.9,20.45,57.3,24,17,480.0,False,Exterior,DAS-N2,252.5,52.0
TILE_04598,032023148978850,40.8171939,-74.0777959,US Cellular,81.57,2.0,69.1,15,4,480.0,False,Exterior,DAS-N2,252.5,52.0
TILE_04599,032023195829250,40.8171939,-74.077551,AT&T,59.02,12.24,50.6,26,12,467.6,False,Exterior,DAS-N2,239.2,53.2
TILE_04600,032023128619763,40.8171939,-74.077551,US Cellular,97.89,5.4,59.4,6,2,467.6,False,Exterior,DAS-N2,239.2,53.2
TILE_04601,032023127290156,40.8171939,-74.0770612,Verizon,81.72,15.19,37.8,21,8,444.7,False,Exterior,DAS-N2,216.1,55.5
TILE_04602,032023160822781,40.8171939,-74.0770612,T-Mobile,167.0,11.87,35.1,12,3,444.7,False,Exterior,DAS-N2,216.1,55.5
TILE_04603,032023140862782,40.8171939,-74.0768163,Verizon,41.49,11.63,37.7,49,19,434.3,False,Exterior,DAS-N2,206.7,56.6
TILE_04604,032023164011700,40.8171939,-74.0760816,Verizon,109.15,11.86,43.8,25,14,407.7,False,Exterior,DAS-N2,189.6,59.2
TILE_04605,032023172142480,40.8171939,-74.0760816,AT&T,50.97,2.7,51.6,21,10,407.7,False,Exterior,DAS-N2,189.6,59.2
TILE_04606,032023171523223,40.8171939,-74.0758367,T-Mobile,59.13,26.85,21.4,59,32,400.6,False,Exterior,DAS-N2,188.1,59.9
TILE_04607,032023139558716,40.8171939,-74.0755918,Verizon,105.04,19.5,40.1,61,20,394.4,False,Exterior,DAS-N2,188.9,60.6
TILE_04608,032023178127248,40.8171939,-74.0753469,Verizon,96.19,32.05,39.9,10,6,389.3,False,Exterior,DAS-N2,192.0,61.1
TILE_04609,032023116693006,40.8171939,-74.0753469,AT&T,124.84,10.31,43.8,8,4,389.3,False,Exterior,DAS-N2,192.0,61.1
TILE_04610,032023155149316,40.8171939,-74.0753469,T-Mobile,118.23,44.56,36.7,6,3,389.3,False,Exterior,DAS-N2,192.0,61.1
TILE_04611,032023138485155,40.8171939,-74.075102,Verizon,46.6,2.0,30.9,16,4,385.2,False,Exterior,DAS-N2,197.1,61.5
TILE_04612,032023129874661,40.8171939,-74.075102,AT&T,90.52,4.29,48.1,8,5,385.2,False,Exterior,DAS-N2,197.1,61.5
TILE_04613,032023196468101,40.8171939,-74.0748571,Verizon,98.47,17.49,48.3,15,12,382.1,False,Exterior,DAS-N1,196.1,61.8
TILE_04614,032023130586778,40.8171939,-74.0746122,Verizon,83.25,18.25,46.1,10,4,380.2,False,Exterior,DAS-N1,191.3,62.0
TILE_04615,032023145499531,40.8171939,-74.0746122,AT&T,51.19,17.45,41.2,13,4,380.2,False,Exterior,DAS-N1,191.3,62.0
TILE_04616,032023110490472,40.8171939,-74.0743673,T-Mobile,60.2,29.26,32.6,46,23,379.4,False,Exterior,DAS-N1,188.6,62.1
TILE_04617,032023122305057,40.8171939,-74.0741224,Verizon,94.13,19.18,45.6,48,25,379.7,False,Exterior,DAS-N1,188.2,62.0
TILE_04618,032023186594663,40.8171939,-74.0741224,US Cellular,48.03,14.56,47.2,8,6,379.7,False,Exterior,DAS-N1,188.2,62.0
TILE_04619,032023189498124,40.8171939,-74.0738776,Verizon,87.84,3.03,33.2,56,25,381.1,False,Exterior,DAS-N1,190.1,61.9
TILE_04620,032023198552876,40.8171939,-74.0738776,AT&T,81.62,15.03,44.5,31,12,381.1,False,Exterior,DAS-N1,190.1,61.9
TILE_04621,032023187347454,40.8171939,-74.0736327,Verizon,94.81,18.5,39.4,21,9,383.6,False,Exterior,DAS-N1,194.1,61.6
TILE_04622,032023197581781,40.8171939,-74.0736327,T-Mobile,96.76,21.09,39.9,11,6,383.6,False,Exterior,DAS-N1,194.1,61.6
TILE_04623,032023139837620,40.8171939,-74.0733878,Verizon,54.63,19.45,28.2,47,19,387.2,False,Exterior,DAS-N1,200.2,61.3
TILE_04624,032023123906038,40.8171939,-74.0733878,AT&T,60.61,14.87,54.2,50,27,387.2,False,Exterior,DAS-N1,200.2,61.3
TILE_04625,032023144669656,40.8171939,-74.0733878,T-Mobile,180.88,16.3,31.0,35,14,387.2,False,Exterior,DAS-N1,200.2,61.3
TILE_04626,032023117647060,40.8171939,-74.0731429,Verizon,164.79,23.34,29.8,67,16,391.9,False,Exterior,DAS-N1,208.2,60.8
TILE_04627,032023153201657,40.8171939,-74.0731429,T-Mobile,124.24,11.86,30.7,19,15,391.9,False,Exterior,DAS-N1,208.2,60.8
TILE_04628,032023125021167,40.8171939,-74.072898,AT&T,157.37,20.26,48.9,18,6,397.6,False,Exterior,DAS-N1,217.8,60.2
TILE_04629,032023198437446,40.8171939,-74.072898,T-Mobile,124.87,8.36,31.8,18,7,397.6,False,Exterior,DAS-N1,217.8,60.2
TILE_04630,032023190156196,40.8171939,-74.0726531,Verizon,71.23,19.43,38.6,45,21,404.3,False,Exterior,DAS-N1,228.9,59.6
TILE_04631,032023175866541,40.8171939,-74.0724082,Verizon,138.93,16.53,41.7,81,34,411.9,False,Exterior,DAS-N1,241.3,58.8
TILE_04632,032023145221782,40.8171939,-74.0724082,AT&T,73.72,19.28,48.9,79,34,411.9,False,Exterior,DAS-N1,241.3,58.8
TILE_04633,032023129436642,40.8171939,-74.0724082,T-Mobile,73.88,2.0,29.1,42,20,411.9,False,Exterior,DAS-N1,241.3,58.8
TILE_04634,032023134747913,40.8171939,-74.0721633,Verizon,158.98,21.02,21.7,26,5,420.4,False,Exterior,DAS-N1,254.8,58.0
TILE_04635,032023115324293,40.8171939,-74.0721633,AT&T,107.53,17.7,54.3,11,8,420.4,False,Exterior,DAS-N1,254.8,58.0
TILE_04636,032023151350547,40.8171939,-74.0721633,US Cellular,39.8,6.35,68.1,2,2,420.4,False,Exterior,DAS-N1,254.8,58.0
TILE_04637,032023127135105,40.8171939,-74.0719184,Verizon,98.37,10.23,31.6,39,32,429.7,False,Exterior,DAS-N1,269.1,57.0
TILE_04638,032023117599666,40.8171939,-74.0719184,T-Mobile,141.73,15.6,29.2,22,18,429.7,False,Exterior,DAS-N1,269.1,57.0
TILE_04639,032023112351736,40.8171939,-74.0716735,Verizon,69.18,9.06,36.6,36,29,439.7,False,Exterior,DAS-N1,284.3,56.0
TILE_04640,032023124992455,40.8171939,-74.0716735,AT&T,80.63,17.61,51.9,48,13,439.7,False,Exterior,DAS-N1,284.3,56.0
TILE_04641,032023152200700,40.8171939,-74.0716735,T-Mobile,132.01,22.58,29.3,35,24,439.7,False,Exterior,DAS-N1,284.3,56.0
TILE_04642,032023182560066,40.8171939,-74.0714286,Verizon,105.53,26.35,42.4,23,16,450.5,False,Exterior,DAS-N1,300.1,54.9
TILE_04643,032023190024624,40.8171939,-74.0714286,AT&T,50.67,9.54,39.1,39,18,450.5,False,Exterior,DAS-N1,300.1,54.9
TILE_04644,032023155778032,40.8171939,-74.0714286,T-Mobile,123.21,27.03,42.8,22,14,450.5,False,Exterior,DAS-N1,300.1,54.9
TILE_04645,032023178449535,40.8171939,-74.0711837,Verizon,100.66,12.56,49.6,12,7,462.0,False,Exterior,DAS-N1,316.5,53.8
TILE_04646,032023138135302,40.8171939,-74.0711837,AT&T,81.33,16.44,55.5,26,10,462.0,False,Exterior,DAS-N1,316.5,53.8
TILE_04647,032023181752963,40.8171939,-74.0711837,T-Mobile,127.47,36.23,38.9,11,11,462.0,False,Exterior,DAS-N1,316.5,53.8
TILE_04648,032023153773611,40.8171939,-74.0709388,T-Mobile,111.02,47.52,40.1,32,32,474.1,False,Exterior,DAS-N1,333.3,52.6
TILE_04649,032023175795633,40.8171939,-74.0709388,US Cellular,91.46,13.03,64.2,8,7,474.1,False,Exterior,DAS-N1,333.3,52.6
TILE_04650,032023156617596,40.8171939,-74.0706939,Verizon,225.09,23.78,42.6,14,7,486.8,False,Exterior,DAS-N1,350.5,51.3
TILE_04651,032023164425053,40.8171939,-74.0706939,AT&T,140.22,2.0,45.2,11,7,486.8,False,Exterior,DAS-N1,350.5,51.3
TILE_04652,032023149515030,40.8171939,-74.0706939,T-Mobile,29.74,22.63,34.2,8,3,486.8,False,Exterior,DAS-N1,350.5,51.3
TILE_04653,032023165654737,40.8171939,-74.070449,T-Mobile,74.3,13.77,37.1,33,26,500.0,False,Exterior,DAS-N1,368.2,50.0
TILE_04654,032023174342780,40.8171939,-74.0702041,Verizon,133.81,16.49,47.5,47,20,513.7,False,Exterior,DAS-E1,380.2,48.6
TILE_04655,032023140225699,40.8171939,-74.0702041,T-Mobile,93.28,36.2,30.9,33,14,513.7,False,Exterior,DAS-E1,380.2,48.6
TILE_04656,032023195677021,40.8171939,-74.0699592,Verizon,10.0,18.05,44.6,22,16,527.9,False,Exterior,DAS-E1,383.5,47.2
TILE_04657,032023121376227,40.8171939,-74.0699592,AT&T,82.43,11.17,67.1,43,22,527.9,False,Exterior,DAS-E1,383.5,47.2
TILE_04658,032023145671432,40.8171939,-74.0699592,T-Mobile,76.53,24.04,31.0,20,11,527.9,False,Exterior,DAS-E1,383.5,47.2
TILE_04659,032023198184013,40.8171939,-74.0697143,Verizon,10.58,15.26,44.9,8,3,542.4,False,Exterior,DAS-E1,387.9,45.8
TILE_04660,032023150287352,40.8171939,-74.0697143,AT&T,45.65,2.0,67.2,7,2,542.4,False,Exterior,DAS-E1,387.9,45.8
TILE_04661,032023144157095,40.8171939,-74.0697143,T-Mobile,128.93,4.32,45.5,3,2,542.4,False,Exterior,DAS-E1,387.9,45.8
TILE_04662,032023140983708,40.8171939,-74.0694694,AT&T,56.23,4.81,61.8,32,29,557.4,False,Exterior,DAS-E1,393.3,44.3
TILE_04663,032023147989016,40.8171939,-74.0692245,Verizon,76.48,12.63,57.1,36,32,572.7,False,Exterior,DAS-E1,399.6,42.7
TILE_04664,032023136621793,40.8171939,-74.0692245,AT&T,101.51,7.91,74.8,41,25,572.7,False,Exterior,DAS-E1,399.6,42.7
TILE_04665,032023112062935,40.8171939,-74.0689796,Verizon,137.26,8.27,58.1,22,8,588.3,False,Exterior,DAS-E1,407.0,41.2
TILE_04666,032023140984288,40.8173469,-74.0792653,Verizon,88.82,7.84,54.9,32,14,576.1,False,Exterior,DAS-N2,357.1,42.4
TILE_04667,032023176367418,40.8173469,-74.0792653,AT&T,44.68,2.0,69.6,11,7,576.1,False,Exterior,DAS-N2,357.1,42.4
TILE_04668,032023145996517,40.8173469,-74.0792653,T-Mobile,39.58,23.29,45.1,17,11,576.1,False,Exterior,DAS-N2,357.1,42.4
TILE_04669,032023132705519,40.8173469,-74.0790204,Verizon,90.62,9.89,42.2,14,4,561.3,False,Exterior,DAS-N2,340.4,43.9
TILE_04670,032023171106568,40.8173469,-74.0790204,AT&T,33.66,5.83,61.7,15,4,561.3,False,Exterior,DAS-N2,340.4,43.9
TILE_04671,032023113641909,40.8173469,-74.0790204,US Cellular,10.0,2.0,77.5,1,0,561.3,False,Exterior,DAS-N2,340.4,43.9
TILE_04672,032023138317230,40.8173469,-74.0787755,Verizon,31.75,6.79,48.3,51,23,546.8,False,Exterior,DAS-N2,324.2,45.3
TILE_04673,032023172998661,40.8173469,-74.0787755,AT&T,74.52,7.91,59.5,39,20,546.8,False,Exterior,DAS-N2,324.2,45.3
TILE_04674,032023193382871,40.8173469,-74.0787755,T-Mobile,137.69,21.31,40.4,25,28,546.8,False,Exterior,DAS-N2,324.2,45.3
TILE_04675,032023185751564,40.8173469,-74.0785306,Verizon,62.87,10.77,38.0,22,13,532.8,False,Exterior,DAS-N2,308.4,46.7
TILE_04676,032023198511333,40.8173469,-74.0785306,AT&T,110.89,2.0,58.3,43,15,532.8,False,Exterior,DAS-N2,308.4,46.7
TILE_04677,032023112710909,40.8173469,-74.0782857,Verizon,103.23,3.53,44.7,33,28,519.2,False,Exterior,DAS-N2,293.3,48.1
TILE_04678,032023193882137,40.8173469,-74.0782857,AT&T,104.32,12.21,59.9,37,22,519.2,False,Exterior,DAS-N2,293.3,48.1
TILE_04679,032023158506335,40.8173469,-74.0780408,AT&T,62.89,7.96,53.8,24,10,506.1,False,Exterior,DAS-N2,278.9,49.4
TILE_04680,032023139601844,40.8173469,-74.0780408,T-Mobile,10.0,29.76,47.4,25,6,506.1,False,Exterior,DAS-N2,278.9,49.4
TILE_04681,032023175780769,40.8173469,-74.0777959,Verizon,85.62,7.02,44.6,45,25,493.5,False,Exterior,DAS-N2,265.4,50.6
TILE_04682,032023174591062,40.8173469,-74.0777959,T-Mobile,207.36,17.43,37.4,42,25,493.5,False,Exterior,DAS-N2,265.4,50.6
TILE_04683,032023190887472,40.8173469,-74.0777959,US Cellular,20.67,6.99,69.1,8,3,493.5,False,Exterior,DAS-N2,265.4,50.6
TILE_04684,032023187820911,40.8173469,-74.077551,Verizon,132.97,2.0,47.7,58,29,481.5,False,Exterior,DAS-N2,252.8,51.8
TILE_04685,032023150294248,40.8173469,-74.0770612,Verizon,111.87,10.55,37.4,51,40,459.3,False,Exterior,DAS-N2,231.1,54.1
TILE_04686,032023167860188,40.8173469,-74.0770612,AT&T,121.77,4.95,45.9,50,17,459.3,False,Exterior,DAS-N2,231.1,54.1
TILE_04687,032023125630897,40.8173469,-74.0768163,Verizon,88.04,14.18,41.5,42,16,449.2,False,Exterior,DAS-N2,222.3,55.1
TILE_04688,032023165283927,40.8173469,-74.0768163,T-Mobile,118.22,31.71,22.0,21,10,449.2,False,Exterior,DAS-N2,222.3,55.1
TILE_04689,032023122259149,40.8173469,-74.0765714,Verizon,164.33,19.12,34.2,10,4,439.9,False,Exterior,DAS-N2,215.2,56.0
TILE_04690,032023116977496,40.8173469,-74.0765714,AT&T,120.61,23.2,52.6,4,5,439.9,False,Exterior,DAS-N2,215.2,56.0
TILE_04691,032023153939335,40.8173469,-74.0765714,T-Mobile,162.96,21.52,34.0,5,3,439.9,False,Exterior,DAS-N2,215.2,56.0
TILE_04692,032023123465658,40.8173469,-74.0763265,Verizon,97.49,10.2,37.8,34,37,431.3,False,Exterior,DAS-N2,209.9,56.9
TILE_04693,032023196334751,40.8173469,-74.0763265,AT&T,65.12,18.48,51.0,68,19,431.3,False,Exterior,DAS-N2,209.9,56.9
TILE_04694,032023181537420,40.8173469,-74.0760816,Verizon,106.47,2.0,39.1,79,20,423.6,False,Exterior,DAS-N2,206.5,57.6
TILE_04695,032023193511316,40.8173469,-74.0760816,T-Mobile,74.77,18.75,30.1,50,34,423.6,False,Exterior,DAS-N2,206.5,57.6
TILE_04696,032023163752578,40.8173469,-74.0760816,US Cellular,48.43,19.3,58.9,15,5,423.6,False,Exterior,DAS-N2,206.5,57.6
TILE_04697,032023132978593,40.8173469,-74.0758367,Verizon,32.05,24.87,31.3,99,38,416.7,False,Exterior,DAS-N2,205.1,58.3
TILE_04698,032023166544290,40.8173469,-74.0758367,AT&T,94.07,16.43,50.2,45,24,416.7,False,Exterior,DAS-N2,205.1,58.3
TILE_04699,032023138284245,40.8173469,-74.0755918,Verizon,151.24,23.82,37.9,79,22,410.8,False,Exterior,DAS-N2,205.9,58.9
TILE_04700,032023176811263,40.8173469,-74.0755918,T-Mobile,203.56,24.68,29.6,41,14,410.8,False,Exterior,DAS-N2,205.9,58.9
TILE_04701,032023188558241,40.8173469,-74.0753469,Verizon,183.69,5.38,29.1,78,18,405.9,False,Exterior,DAS-N2,208.6,59.4
TILE_04702,032023192471261,40.8173469,-74.0753469,AT&T,138.92,17.13,42.0,31,22,405.9,False,Exterior,DAS-N2,208.6,59.4
TILE_04703,032023154616606,40.8173469,-74.075102,AT&T,102.91,13.94,44.6,25,18,401.9,False,Exterior,DAS-N2,213.4,59.8
TILE_04704,032023168518663,40.8173469,-74.0748571,AT&T,98.99,16.21,53.3,16,7,399.0,False,Exterior,DAS-N1,212.5,60.1
TILE_04705,032023121152729,40.8173469,-74.0746122,Verizon,111.35,21.21,37.4,9,9,397.2,False,Exterior,DAS-N1,208.0,60.3
TILE_04706,032023194816554,40.8173469,-74.0746122,AT&T,87.38,19.62,40.8,19,7,397.2,False,Exterior,DAS-N1,208.0,60.3
TILE_04707,032023180701382,40.8173469,-74.0743673,Verizon,96.62,9.49,38.4,60,26,396.4,False,Exterior,DAS-N1,205.6,60.4
TILE_04708,032023197299366,40.8173469,-74.0743673,T-Mobile,59.29,26.69,33.7,27,31,396.4,False,Exterior,DAS-N1,205.6,60.4
TILE_04709,032023144261776,40.8173469,-74.0743673,US Cellular,62.62,12.59,67.1,15,8,396.4,False,Exterior,DAS-N1,205.6,60.4
TILE_04710,032023115824069,40.8173469,-74.0741224,Verizon,80.37,10.94,40.8,55,44,396.6,False,Exterior,DAS-N1,205.2,60.3
TILE_04711,032023140485413,40.8173469,-74.0741224,T-Mobile,147.13,38.5,28.4,48,21,396.6,False,Exterior,DAS-N1,205.2,60.3
TILE_04712,032023169602559,40.8173469,-74.0738776,T-Mobile,120.61,5.55,37.0,35,17,398.0,False,Exterior,DAS-N1,206.9,60.2
TILE_04713,032023110357492,40.8173469,-74.0736327,AT&T,48.56,14.28,49.7,47,14,400.4,False,Exterior,DAS-N1,210.6,60.0
TILE_04714,032023185256784,40.8173469,-74.0736327,T-Mobile,57.13,12.12,30.1,28,23,400.4,False,Exterior,DAS-N1,210.6,60.0
TILE_04715,032023119930004,40.8173469,-74.0733878,Verizon,80.8,10.7,36.7,7,5,403.9,False,Exterior,DAS-N1,216.2,59.6
TILE_04716,032023176020045,40.8173469,-74.0733878,AT&T,61.99,20.01,41.1,9,2,403.9,False,Exterior,DAS-N1,216.2,59.6
TILE_04717,032023148592027,40.8173469,-74.0733878,T-Mobile,56.36,30.67,29.3,8,2,403.9,False,Exterior,DAS-N1,216.2,59.6
TILE_04718,032023174228196,40.8173469,-74.0731429,Verizon,107.49,12.76,37.3,43,17,408.4,False,Exterior,DAS-N1,223.7,59.2
TILE_04719,032023157419271,40.8173469,-74.0731429,T-Mobile,136.53,26.07,41.0,29,19,408.4,False,Exterior,DAS-N1,223.7,59.2
TILE_04720,032023163072294,40.8173469,-74.072898,Verizon,92.24,20.09,38.7,41,20,413.8,False,Exterior,DAS-N1,232.7,58.6
TILE_04721,032023157208867,40.8173469,-74.072898,T-Mobile,78.14,17.94,29.1,14,16,413.8,False,Exterior,DAS-N1,232.7,58.6
TILE_04722,032023123803991,40.8173469,-74.0726531,Verizon,101.92,9.7,37.1,36,23,420.3,False,Exterior,DAS-N1,243.1,58.0
TILE_04723,032023136760860,40.8173469,-74.0726531,AT&T,69.75,11.36,42.7,56,21,420.3,False,Exterior,DAS-N1,243.1,58.0
TILE_04724,032023132889774,40.8173469,-74.0726531,T-Mobile,64.35,33.9,23.8,43,17,420.3,False,Exterior,DAS-N1,243.1,58.0
TILE_04725,032023123367581,40.8173469,-74.0726531,US Cellular,116.87,4.56,62.8,7,4,420.3,False,Exterior,DAS-N1,243.1,58.0
TILE_04726,032023159292762,40.8173469,-74.0724082,Verizon,94.72,4.06,36.2,58,31,427.6,False,Exterior,DAS-N1,254.8,57.2
TILE_04727,032023143038734,40.8173469,-74.0724082,AT&T,105.31,16.72,46.3,79,26,427.6,False,Exterior,DAS-N1,254.8,57.2
TILE_04728,032023147062998,40.8173469,-74.0721633,Verizon,10.0,20.64,41.3,20,9,435.8,False,Exterior,DAS-N1,267.6,56.4
TILE_04729,032023197755319,40.8173469,-74.0721633,AT&T,89.66,17.43,55.8,7,7,435.8,False,Exterior,DAS-N1,267.6,56.4
TILE_04730,032023192236830,40.8173469,-74.0721633,T-Mobile,202.46,19.28,33.3,18,3,435.8,False,Exterior,DAS-N1,267.6,56.4
TILE_04731,032023182215031,40.8173469,-74.0719184,Verizon,54.52,10.9,41.4,31,21,444.7,False,Exterior,DAS-N1,281.3,55.5
TILE_04732,032023198290863,40.8173469,-74.0719184,US Cellular,61.66,16.68,63.4,9,3,444.7,False,Exterior,DAS-N1,281.3,55.5
TILE_04733,032023177883173,40.8173469,-74.0714286,Verizon,140.87,4.57,42.4,16,4,465.0,False,Exterior,DAS-N1,311.0,53.5
TILE_04734,032023149929762,40.8173469,-74.0714286,AT&T,74.9,14.88,41.8,14,6,465.0,False,Exterior,DAS-N1,311.0,53.5
TILE_04735,032023147491629,40.8173469,-74.0714286,T-Mobile,122.11,27.96,33.0,4,6,465.0,False,Exterior,DAS-N1,311.0,53.5
TILE_04736,032023177070458,40.8173469,-74.0711837,Verizon,97.28,13.64,39.6,7,2,476.1,False,Exterior,DAS-N1,326.8,52.4
TILE_04737,032023132708023,40.8173469,-74.0711837,AT&T,60.3,4.86,48.5,4,2,476.1,False,Exterior,DAS-N1,326.8,52.4
TILE_04738,032023154433604,40.8173469,-74.0709388,Verizon,113.92,11.35,46.1,34,14,487.8,False,Exterior,DAS-N1,343.2,51.2
TILE_04739,032023150724815,40.8173469,-74.0709388,AT&T,58.32,11.05,45.9,20,8,487.8,False,Exterior,DAS-N1,343.2,51.2
TILE_04740,032023192877957,40.8173469,-74.0709388,US Cellular,33.76,7.01,66.1,8,3,487.8,False,Exterior,DAS-N1,343.2,51.2
TILE_04741,032023173723332,40.8173469,-74.0706939,AT&T,59.22,13.95,54.0,24,19,500.2,False,Exterior,DAS-N1,360.0,50.0
TILE_04742,032023119134090,40.8173469,-74.0706939,T-Mobile,101.27,21.14,40.6,19,20,500.2,False,Exterior,DAS-N1,360.0,50.0
TILE_04743,032023173535181,40.8173469,-74.070449,Verizon,72.32,10.68,38.9,38,11,513.0,False,Exterior,DAS-N1,377.1,48.7
TILE_04744,032023117672320,40.8173469,-74.070449,T-Mobile,66.28,24.48,33.1,25,9,513.0,False,Exterior,DAS-N1,377.1,48.7
TILE_04745,032023113335794,40.8173469,-74.0702041,Verizon,53.98,7.91,50.9,28,13,526.4,False,Exterior,DAS-N1,394.6,47.4
TILE_04746,032023188298108,40.8173469,-74.0702041,AT&T,75.12,7.61,61.4,35,15,526.4,False,Exterior,DAS-N1,394.6,47.4
TILE_04747,032023189397123,40.8173469,-74.0699592,AT&T,106.15,15.84,54.3,47,19,540.2,False,Exterior,DAS-E1,400.2,46.0
TILE_04748,032023178681916,40.8173469,-74.0697143,Verizon,108.63,7.57,49.0,22,6,554.5,False,Exterior,DAS-E1,404.4,44.6
TILE_04749,032023168355335,40.8173469,-74.0697143,AT&T,71.44,11.09,62.0,24,6,554.5,False,Exterior,DAS-E1,404.4,44.6
TILE_04750,032023130098137,40.8173469,-74.0697143,T-Mobile,87.53,27.94,43.3,16,7,554.5,False,Exterior,DAS-E1,404.4,44.6
TILE_04751,032023179352116,40.8173469,-74.0694694,Verizon,101.58,17.71,40.1,42,11,569.1,False,Exterior,DAS-E1,409.6,43.1
TILE_04752,032023174830806,40.8173469,-74.0692245,Verizon,10.0,8.52,52.0,16,13,584.1,False,Exterior,DAS-E1,415.7,41.6
TILE_04753,032023170079811,40.8173469,-74.0692245,AT&T,77.01,10.12,75.2,20,7,584.1,False,Exterior,DAS-E1,415.7,41.6
TILE_04754,032023138836908,40.8173469,-74.0689796,Verizon,121.52,15.3,50.9,39,15,599.4,False,Exterior,DAS-E1,422.8,40.1
TILE_04755,032023153017346,40.8173469,-74.0689796,AT&T,10.0,8.76,72.4,14,14,599.4,False,Exterior,DAS-E1,422.8,40.1
TILE_04756,032023181302947,40.8173469,-74.0689796,T-Mobile,74.36,6.08,47.8,15,11,599.4,False,Exterior,DAS-E1,422.8,40.1
TILE_04757,032023114533725,40.8175,-74.0792653,Verizon,81.47,13.35,48.2,11,8,587.9,False,Exterior,DAS-N2,367.2,41.2
TILE_04758,032023137758149,40.8175,-74.0792653,AT&T,17.95,2.0,70.2,14,6,587.9,False,Exterior,DAS-N2,367.2,41.2
TILE_04759,032023136858642,40.8175,-74.0792653,T-Mobile,38.96,24.98,53.9,7,8,587.9,False,Exterior,DAS-N2,367.2,41.2
TILE_04760,032023199439610,40.8175,-74.0790204,Verizon,38.08,3.49,51.1,22,11,573.4,False,Exterior,DAS-N2,350.9,42.7
TILE_04761,032023187397131,40.8175,-74.0790204,US Cellular,32.26,13.93,78.2,6,2,573.4,False,Exterior,DAS-N2,350.9,42.7
TILE_04762,032023193745253,40.8175,-74.0787755,Verizon,131.04,14.8,48.9,78,19,559.3,False,Exterior,DAS-N2,335.2,44.1
TILE_04763,032023155630271,40.8175,-74.0787755,T-Mobile,105.68,11.39,48.6,46,19,559.3,False,Exterior,DAS-N2,335.2,44.1
TILE_04764,032023124118302,40.8175,-74.0785306,Verizon,78.92,3.34,48.3,33,21,545.6,False,Exterior,DAS-N2,320.0,45.4
TILE_04765,032023150864210,40.8175,-74.0785306,AT&T,53.59,2.0,54.6,32,31,545.6,False,Exterior,DAS-N2,320.0,45.4
TILE_04766,032023114714814,40.8175,-74.0785306,T-Mobile,19.31,11.45,40.8,41,19,545.6,False,Exterior,DAS-N2,320.0,45.4
TILE_04767,032023166458354,40.8175,-74.0782857,Verizon,70.47,33.05,40.5,43,14,532.3,False,Exterior,DAS-N2,305.5,46.8
TILE_04768,032023115569034,40.8175,-74.0780408,Verizon,110.18,24.13,37.1,38,15,519.5,False,Exterior,DAS-N2,291.7,48.0
TILE_04769,032023171885802,40.8175,-74.0780408,T-Mobile,60.36,27.96,43.5,26,13,519.5,False,Exterior,DAS-N2,291.7,48.0
TILE_04770,032023147131728,40.8175,-74.0777959,Verizon,10.0,15.36,45.2,16,8,507.3,False,Exterior,DAS-N2,278.7,49.3
TILE_04771,032023198367035,40.8175,-74.0777959,AT&T,109.48,11.55,62.2,15,7,507.3,False,Exterior,DAS-N2,278.7,49.3
TILE_04772,032023138964791,40.8175,-74.0777959,T-Mobile,99.24,18.89,35.3,12,4,507.3,False,Exterior,DAS-N2,278.7,49.3
TILE_04773,032023130361361,40.8175,-74.077551,T-Mobile,67.08,7.54,28.8,4,2,495.6,False,Exterior,DAS-N2,266.7,50.4
TILE_04774,032023196564436,40.8175,-74.0773061,Verizon,62.44,14.82,45.6,82,33,484.5,False,Exterior,DAS-N2,255.9,51.6
TILE_04775,032023128368326,40.8175,-74.0773061,T-Mobile,163.1,19.92,36.0,66,30,484.5,False,Exterior,DAS-N2,255.9,51.6
TILE_04776,032023190330723,40.8175,-74.0770612,Verizon,54.01,7.92,49.4,88,43,474.0,False,Exterior,DAS-N2,246.3,52.6
TILE_04777,032023111107646,40.8175,-74.0770612,T-Mobile,127.17,10.21,36.7,35,23,474.0,False,Exterior,DAS-N2,246.3,52.6
TILE_04778,032023190972735,40.8175,-74.0768163,Verizon,10.0,2.0,45.6,39,23,464.3,False,Exterior,DAS-N2,238.1,53.6
TILE_04779,032023177069619,40.8175,-74.0768163,T-Mobile,80.9,15.34,34.0,39,35,464.3,False,Exterior,DAS-N2,238.1,53.6
TILE_04780,032023163507410,40.8175,-74.0768163,US Cellular,55.33,13.82,53.8,8,5,464.3,False,Exterior,DAS-N2,238.1,53.6
TILE_04781,032023141755284,40.8175,-74.0765714,Verizon,109.11,5.32,41.7,16,11,455.2,False,Exterior,DAS-N2,231.4,54.5
TILE_04782,032023158123211,40.8175,-74.0765714,AT&T,15.7,13.35,61.2,11,4,455.2,False,Exterior,DAS-N2,231.4,54.5
TILE_04783,032023181813175,40.8175,-74.0765714,T-Mobile,97.18,9.32,47.0,20,4,455.2,False,Exterior,DAS-N2,231.4,54.5
TILE_04784,032023138585419,40.8175,-74.0763265,Verizon,31.86,12.63,47.7,12,4,447.0,False,Exterior,DAS-N2,226.5,55.3
TILE_04785,032023177121547,40.8175,-74.0763265,AT&T,108.35,3.19,54.6,8,6,447.0,False,Exterior,DAS-N2,226.5,55.3
TILE_04786,032023131908226,40.8175,-74.0763265,T-Mobile,184.42,32.35,30.6,11,6,447.0,False,Exterior,DAS-N2,226.5,55.3
TILE_04787,032023157196591,40.8175,-74.0760816,Verizon,80.68,13.86,42.4,35,39,439.5,False,Exterior,DAS-N2,223.4,56.0
TILE_04788,032023175371518,40.8175,-74.0760816,AT&T,38.02,2.0,48.1,71,17,439.5,False,Exterior,DAS-N2,223.4,56.0
TILE_04789,032023110873803,40.8175,-74.0760816,T-Mobile,178.93,19.11,37.9,43,29,439.5,False,Exterior,DAS-N2,223.4,56.0
TILE_04790,032023194919557,40.8175,-74.0758367,Verizon,148.03,18.29,45.9,37,22,432.9,False,Exterior,DAS-N2,222.1,56.7
TILE_04791,032023146625028,40.8175,-74.0758367,AT&T,123.83,11.96,48.1,36,15,432.9,False,Exterior,DAS-N2,222.1,56.7
TILE_04792,032023115938345,40.8175,-74.0755918,Verizon,117.48,25.93,44.1,30,27,427.2,False,Exterior,DAS-N2,222.8,57.3
TILE_04793,032023184294651,40.8175,-74.0755918,US Cellular,72.06,16.79,63.0,4,6,427.2,False,Exterior,DAS-N2,222.8,57.3
TILE_04794,032023129824629,40.8175,-74.0753469,Verizon,51.78,7.39,36.1,11,10,422.5,False,Exterior,DAS-N2,225.4,57.8
TILE_04795,032023113817764,40.8175,-74.0753469,AT&T,68.91,15.35,40.9,11,5,422.5,False,Exterior,DAS-N2,225.4,57.8
TILE_04796,032023141142806,40.8175,-74.0753469,US Cellular,23.14,11.18,61.1,2,1,422.5,False,Exterior,DAS-N2,225.4,57.8
TILE_04797,032023149384849,40.8175,-74.075102,Verizon,148.15,4.31,36.4,17,8,418.7,False,Exterior,DAS-N2,229.8,58.1
TILE_04798,032023155791048,40.8175,-74.0748571,Verizon,166.74,14.63,26.3,46,22,415.9,False,Exterior,DAS-N1,228.9,58.4
TILE_04799,032023126508911,40.8175,-74.0748571,AT&T,76.0,8.45,46.2,64,24,415.9,False,Exterior,DAS-N1,228.9,58.4
TILE_04800,032023117689441,40.8175,-74.0746122,AT&T,10.0,28.27,42.7,6,4,414.1,False,Exterior,DAS-N1,224.8,58.6
TILE_04801,032023182008320,40.8175,-74.0746122,T-Mobile,111.69,4.03,31.9,3,4,414.1,False,Exterior,DAS-N1,224.8,58.6
TILE_04802,032023151715088,40.8175,-74.0746122,US Cellular,81.7,8.3,59.3,1,0,414.1,False,Exterior,DAS-N1,224.8,58.6
TILE_04803,032023154731644,40.8175,-74.0743673,AT&T,53.34,11.93,52.0,12,10,413.4,False,Exterior,DAS-N1,222.5,58.7
TILE_04804,032023171531709,40.8175,-74.0741224,Verizon,59.99,18.82,38.9,38,31,413.6,False,Exterior,DAS-N1,222.2,58.6
TILE_04805,032023149290502,40.8175,-74.0741224,AT&T,119.25,13.76,38.9,37,27,413.6,False,Exterior,DAS-N1,222.2,58.6
TILE_04806,032023189355345,40.8175,-74.0741224,T-Mobile,133.04,7.01,33.8,60,31,413.6,False,Exterior,DAS-N1,222.2,58.6
TILE_04807,032023182049676,40.8175,-74.0738776,AT&T,102.48,8.78,45.8,59,30,414.9,False,Exterior,DAS-N1,223.8,58.5
TILE_04808,032023188127420,40.8175,-74.0738776,T-Mobile,102.21,30.09,29.0,71,28,414.9,False,Exterior,DAS-N1,223.8,58.5
TILE_04809,032023152880102,40.8175,-74.0733878,AT&T,77.62,9.78,51.6,30,32,420.6,False,Exterior,DAS-N1,232.4,57.9
TILE_04810,032023169865363,40.8175,-74.0733878,T-Mobile,110.26,30.94,36.2,23,30,420.6,False,Exterior,DAS-N1,232.4,57.9
TILE_04811,032023127833347,40.8175,-74.0731429,Verizon,51.12,6.6,43.1,28,13,424.9,False,Exterior,DAS-N1,239.3,57.5
TILE_04812,032023171979308,40.8175,-74.0731429,T-Mobile,124.56,41.23,34.5,19,13,424.9,False,Exterior,DAS-N1,239.3,57.5
TILE_04813,032023127295149,40.8175,-74.0726531,Verizon,150.59,16.18,38.9,20,5,436.3,False,Exterior,DAS-N1,257.6,56.4
TILE_04814,032023163813394,40.8175,-74.0726531,AT&T,115.7,10.37,51.9,6,6,436.3,False,Exterior,DAS-N1,257.6,56.4
TILE_04815,032023133009603,40.8175,-74.0726531,US Cellular,86.59,9.82,61.6,4,1,436.3,False,Exterior,DAS-N1,257.6,56.4
TILE_04816,032023121341468,40.8175,-74.0724082,Verizon,62.74,18.12,44.4,35,29,443.4,False,Exterior,DAS-N1,268.7,55.7
TILE_04817,032023138522870,40.8175,-74.0721633,T-Mobile,132.0,12.12,27.0,50,20,451.3,False,Exterior,DAS-N1,280.8,54.9
TILE_04818,032023188740059,40.8175,-74.0719184,Verizon,117.88,25.55,49.3,48,14,460.0,False,Exterior,DAS-N1,293.9,54.0
TILE_04819,032023148414951,40.8175,-74.0719184,AT&T,39.99,16.26,50.2,28,20,460.0,False,Exterior,DAS-N1,293.9,54.0
TILE_04820,032023173503739,40.8175,-74.0719184,T-Mobile,115.16,10.8,36.4,31,22,460.0,False,Exterior,DAS-N1,293.9,54.0
TILE_04821,032023154028404,40.8175,-74.0716735,AT&T,103.29,2.0,45.3,29,11,469.4,False,Exterior,DAS-N1,307.8,53.1
TILE_04822,032023122760958,40.8175,-74.0716735,T-Mobile,65.58,29.59,25.5,24,16,469.4,False,Exterior,DAS-N1,307.8,53.1
TILE_04823,032023117407690,40.8175,-74.0714286,Verizon,134.24,14.35,39.1,57,27,479.5,False,Exterior,DAS-N1,322.5,52.0
TILE_04824,032023179950642,40.8175,-74.0714286,AT&T,92.73,17.22,59.7,49,21,479.5,False,Exterior,DAS-N1,322.5,52.0
TILE_04825,032023140283822,40.8175,-74.0714286,T-Mobile,113.86,7.51,39.4,19,21,479.5,False,Exterior,DAS-N1,322.5,52.0
TILE_04826,032023113539989,40.8175,-74.0714286,US Cellular,17.83,14.93,57.5,8,5,479.5,False,Exterior,DAS-N1,322.5,52.0
TILE_04827,032023148996516,40.8175,-74.0709388,Verizon,93.0,21.17,45.2,31,20,501.7,False,Exterior,DAS-N1,353.6,49.8
TILE_04828,032023194665340,40.8175,-74.0709388,T-Mobile,196.71,22.41,27.7,25,8,501.7,False,Exterior,DAS-N1,353.6,49.8
TILE_04829,032023188059500,40.8175,-74.0706939,Verizon,186.61,18.92,48.6,58,17,513.7,False,Exterior,DAS-N1,369.9,48.6
TILE_04830,032023138639941,40.8175,-74.0706939,AT&T,69.62,20.14,55.4,31,16,513.7,False,Exterior,DAS-N1,369.9,48.6
TILE_04831,032023191467789,40.8175,-74.0706939,T-Mobile,121.79,28.61,33.5,44,17,513.7,False,Exterior,DAS-N1,369.9,48.6
TILE_04832,032023198325447,40.8175,-74.070449,AT&T,50.06,4.71,54.5,6,5,526.3,False,Exterior,DAS-N1,386.6,47.4
TILE_04833,032023125059467,40.8175,-74.070449,T-Mobile,95.43,30.22,34.5,12,7,526.3,False,Exterior,DAS-N1,386.6,47.4
TILE_04834,032023144853843,40.8175,-74.0699592,Verizon,95.11,13.42,49.1,9,4,552.8,False,Exterior,DAS-E1,417.0,44.7
TILE_04835,032023129892338,40.8175,-74.0699592,T-Mobile,104.66,2.0,39.2,10,3,552.8,False,Exterior,DAS-E1,417.0,44.7
TILE_04836,032023111287607,40.8175,-74.0699592,US Cellular,26.55,4.21,74.5,2,1,552.8,False,Exterior,DAS-E1,417.0,44.7
TILE_04837,032023171856102,40.8175,-74.0697143,AT&T,10.73,10.89,74.9,13,4,566.7,False,Exterior,DAS-E1,421.0,43.3
TILE_04838,032023156120926,40.8175,-74.0697143,T-Mobile,101.64,34.27,39.4,13,6,566.7,False,Exterior,DAS-E1,421.0,43.3
TILE_04839,032023128401473,40.8175,-74.0694694,T-Mobile,78.18,17.5,33.1,25,9,581.1,False,Exterior,DAS-E1,425.9,41.9
TILE_04840,032023124395281,40.8175,-74.0692245,Verizon,90.08,6.46,56.1,14,4,595.8,False,Exterior,DAS-E1,431.9,40.4
TILE_04841,032023118818716,40.8175,-74.0692245,AT&T,24.01,17.1,68.5,4,3,595.8,False,Exterior,DAS-E1,431.9,40.4
